ISO-10303-21;
HEADER;
/* Generated by software containing ST-Developer
 * from STEP Tools, Inc. (www.steptools.com) 
 */
/* OPTION: using custom renumber hook */

FILE_DESCRIPTION(
/* description */ ('STEP AP242 Edition 2',
'CAx-IF Rec.Pracs.---Representation and Presentation of Product Manufa
cturing Information (PMI)---4.0---2014-10-13',
'CAx-IF Rec.Pracs.---3D Tessellated Geometry---0.4---2014-09-14','2;1',
'CAx-IF Rec.Pracs.---User Defined Attributes---1.5---2016-08-15'),
/* implementation_level */ '2;1');

FILE_NAME(
/* name */ 'chassis',
/* time_stamp */ '2026-07-24T19:17:13Z',
/* author */ (''),
/* organization */ (''),
/* preprocessor_version */ 'ST-DEVELOPER v20',
/* originating_system */ 'ONSHAPE BY PTC INC, 1.218',
/* authorisation */ '  ');

FILE_SCHEMA (('AP242_MANAGED_MODEL_BASED_3D_ENGINEERING_MIM_LF { 1 0 10303 442 3 1 4 }'));
ENDSEC;

DATA;
#10=B_SPLINE_SURFACE_WITH_KNOTS('',3,1,((#8753,#8754),(#8755,#8756),(#8757,
#8758),(#8759,#8760)),.SURF_OF_LINEAR_EXTRUSION.,.F.,.F.,.F.,(4,4),(2,2),
(-1.58720363660767E-15,1.),(0.,1.),.PIECEWISE_BEZIER_KNOTS.);
#11=TOROIDAL_SURFACE('',#5826,0.0151715728752538,0.00482842712474619);
#12=TOROIDAL_SURFACE('',#5827,0.0151715728752538,0.00482842712474619);
#13=TOROIDAL_SURFACE('',#5828,0.0151715728752538,0.00482842712474619);
#14=TOROIDAL_SURFACE('',#5830,0.0151715728752538,0.00482842712474619);
#15=ELLIPSE('',#5813,0.00682842712474619,0.00482842712474619);
#16=ELLIPSE('',#5817,0.00682842712474619,0.00482842712474619);
#17=B_SPLINE_CURVE_WITH_KNOTS('',3,(#8303,#8304,#8305,#8306,#8307,#8308,
#8309),.UNSPECIFIED.,.F.,.F.,(4,1,1,1,4),(0.,0.00200316999110742,0.00400633998221484,
0.00600950997332226,0.00801267996442968),.UNSPECIFIED.);
#18=B_SPLINE_CURVE_WITH_KNOTS('',3,(#8330,#8331,#8332,#8333,#8334,#8335,
#8336),.UNSPECIFIED.,.F.,.F.,(4,1,1,1,4),(0.,0.00200316999110744,0.00400633998221489,
0.00600950997332233,0.00801267996442977),.UNSPECIFIED.);
#19=B_SPLINE_CURVE_WITH_KNOTS('',3,(#8445,#8446,#8447,#8448),
 .UNSPECIFIED.,.F.,.F.,(4,4),(0.,1.),.UNSPECIFIED.);
#20=B_SPLINE_CURVE_WITH_KNOTS('',3,(#8571,#8572,#8573,#8574),
 .UNSPECIFIED.,.F.,.F.,(4,4),(0.,0.00323464485544912),.UNSPECIFIED.);
#21=B_SPLINE_CURVE_WITH_KNOTS('',3,(#8606,#8607,#8608,#8609),
 .UNSPECIFIED.,.F.,.F.,(4,4),(0.,0.00323464432278336),.UNSPECIFIED.);
#22=B_SPLINE_CURVE_WITH_KNOTS('',3,(#8681,#8682,#8683,#8684),
 .UNSPECIFIED.,.F.,.F.,(4,4),(0.,1.),.UNSPECIFIED.);
#23=B_SPLINE_CURVE_WITH_KNOTS('',3,(#8685,#8686,#8687,#8688),
 .UNSPECIFIED.,.F.,.F.,(4,4),(0.,1.),.UNSPECIFIED.);
#24=SPHERICAL_SURFACE('',#5660,0.003);
#25=SPHERICAL_SURFACE('',#5671,0.003);
#26=SPHERICAL_SURFACE('',#5673,0.003);
#27=SPHERICAL_SURFACE('',#5679,0.003);
#28=SPHERICAL_SURFACE('',#5714,0.003);
#29=SPHERICAL_SURFACE('',#5725,0.003);
#30=SPHERICAL_SURFACE('',#5727,0.003);
#31=SPHERICAL_SURFACE('',#5733,0.003);
#32=SHAPE_REPRESENTATION_RELATIONSHIP('','',#5480,#39);
#33=SHAPE_REPRESENTATION_RELATIONSHIP('','',#5481,#40);
#34=SHAPE_REPRESENTATION_RELATIONSHIP('','',#5482,#41);
#35=SHAPE_REPRESENTATION_RELATIONSHIP('','',#5483,#42);
#36=SHAPE_REPRESENTATION_RELATIONSHIP('','',#5484,#43);
#37=SHAPE_REPRESENTATION_RELATIONSHIP('','',#5485,#44);
#38=SHAPE_REPRESENTATION_RELATIONSHIP('','',#5486,#45);
#39=ADVANCED_BREP_SHAPE_REPRESENTATION('',(#5466),#8908);
#40=ADVANCED_BREP_SHAPE_REPRESENTATION('',(#5467),#8909);
#41=ADVANCED_BREP_SHAPE_REPRESENTATION('',(#5468),#8910);
#42=ADVANCED_BREP_SHAPE_REPRESENTATION('',(#5469),#8911);
#43=ADVANCED_BREP_SHAPE_REPRESENTATION('',(#5470),#8912);
#44=ADVANCED_BREP_SHAPE_REPRESENTATION('',(#5471),#8913);
#45=ADVANCED_BREP_SHAPE_REPRESENTATION('',(#5472),#8914);
#46=CIRCLE('',#5493,0.00175);
#47=CIRCLE('',#5494,0.00175);
#48=CIRCLE('',#5496,0.00175);
#49=CIRCLE('',#5497,0.00175);
#50=CIRCLE('',#5517,0.02);
#51=CIRCLE('',#5518,0.02);
#52=CIRCLE('',#5519,0.02);
#53=CIRCLE('',#5520,0.02);
#54=CIRCLE('',#5521,0.02);
#55=CIRCLE('',#5522,0.02);
#56=CIRCLE('',#5523,0.02);
#57=CIRCLE('',#5524,0.02);
#58=CIRCLE('',#5526,0.02);
#59=CIRCLE('',#5527,0.02);
#60=CIRCLE('',#5528,0.02);
#61=CIRCLE('',#5529,0.02);
#62=CIRCLE('',#5530,0.02);
#63=CIRCLE('',#5531,0.02);
#64=CIRCLE('',#5532,0.02);
#65=CIRCLE('',#5533,0.02);
#66=CIRCLE('',#5554,0.01);
#67=CIRCLE('',#5555,0.01);
#68=CIRCLE('',#5643,0.00175);
#69=CIRCLE('',#5644,0.00175);
#70=CIRCLE('',#5646,0.00175);
#71=CIRCLE('',#5647,0.00175);
#72=CIRCLE('',#5649,0.00175);
#73=CIRCLE('',#5650,0.00175);
#74=CIRCLE('',#5654,0.003);
#75=CIRCLE('',#5655,0.003);
#76=CIRCLE('',#5656,0.003);
#77=CIRCLE('',#5657,0.003);
#78=CIRCLE('',#5659,0.003);
#79=CIRCLE('',#5661,0.003);
#80=CIRCLE('',#5662,0.003);
#81=CIRCLE('',#5664,0.003);
#82=CIRCLE('',#5666,0.003);
#83=CIRCLE('',#5668,0.003);
#84=CIRCLE('',#5670,0.003);
#85=CIRCLE('',#5672,0.003);
#86=CIRCLE('',#5674,0.003);
#87=CIRCLE('',#5676,0.003);
#88=CIRCLE('',#5678,0.003);
#89=CIRCLE('',#5680,0.003);
#90=CIRCLE('',#5695,0.00174999999999998);
#91=CIRCLE('',#5696,0.00175000000000003);
#92=CIRCLE('',#5697,0.00174999999999998);
#93=CIRCLE('',#5698,0.00175000000000003);
#94=CIRCLE('',#5699,0.003);
#95=CIRCLE('',#5700,0.003);
#96=CIRCLE('',#5701,0.003);
#97=CIRCLE('',#5702,0.003);
#98=CIRCLE('',#5704,0.00174999999999998);
#99=CIRCLE('',#5705,0.00175000000000003);
#100=CIRCLE('',#5706,0.00174999999999998);
#101=CIRCLE('',#5707,0.00175000000000003);
#102=CIRCLE('',#5713,0.003);
#103=CIRCLE('',#5715,0.003);
#104=CIRCLE('',#5716,0.003);
#105=CIRCLE('',#5718,0.003);
#106=CIRCLE('',#5720,0.003);
#107=CIRCLE('',#5722,0.003);
#108=CIRCLE('',#5724,0.003);
#109=CIRCLE('',#5726,0.003);
#110=CIRCLE('',#5728,0.003);
#111=CIRCLE('',#5730,0.003);
#112=CIRCLE('',#5732,0.003);
#113=CIRCLE('',#5734,0.003);
#114=CIRCLE('',#5742,0.00175);
#115=CIRCLE('',#5744,0.00175);
#116=CIRCLE('',#5748,0.02);
#117=CIRCLE('',#5749,0.02);
#118=CIRCLE('',#5751,0.02);
#119=CIRCLE('',#5752,0.02);
#120=CIRCLE('',#5753,0.02);
#121=CIRCLE('',#5755,0.02);
#122=CIRCLE('',#5756,0.02);
#123=CIRCLE('',#5758,0.02);
#124=CIRCLE('',#5759,0.02);
#125=CIRCLE('',#5760,0.02);
#126=CIRCLE('',#5766,0.01);
#127=CIRCLE('',#5768,0.01);
#128=CIRCLE('',#5774,0.00482842712474619);
#129=CIRCLE('',#5775,0.00482842712474619);
#130=CIRCLE('',#5777,0.011125);
#131=CIRCLE('',#5778,0.011125);
#132=CIRCLE('',#5779,0.02);
#133=CIRCLE('',#5780,0.02);
#134=CIRCLE('',#5781,0.0151715728752538);
#135=CIRCLE('',#5782,0.0151715728752538);
#136=CIRCLE('',#5783,0.0151715728752538);
#137=CIRCLE('',#5784,0.0151715728752538);
#138=CIRCLE('',#5785,0.02);
#139=CIRCLE('',#5786,0.02);
#140=CIRCLE('',#5787,0.02);
#141=CIRCLE('',#5788,0.02);
#142=CIRCLE('',#5789,0.02);
#143=CIRCLE('',#5790,0.02);
#144=CIRCLE('',#5792,0.02);
#145=CIRCLE('',#5794,0.02);
#146=CIRCLE('',#5797,0.02);
#147=CIRCLE('',#5800,0.02);
#148=CIRCLE('',#5803,0.02);
#149=CIRCLE('',#5805,0.02);
#150=CIRCLE('',#5808,0.02);
#151=CIRCLE('',#5810,0.02);
#152=CIRCLE('',#5814,0.00482842712474619);
#153=CIRCLE('',#5819,0.00482842712474619);
#154=CIRCLE('',#5821,0.00482842712474619);
#155=CIRCLE('',#5822,0.00482842712474619);
#156=CIRCLE('',#5824,0.00482842712474619);
#157=CIRCLE('',#5825,0.00482842712474619);
#158=CIRCLE('',#5833,0.011125);
#159=CIRCLE('',#5834,0.011125);
#160=CIRCLE('',#5851,0.00175);
#161=CIRCLE('',#5857,0.00175);
#162=CYLINDRICAL_SURFACE('',#5492,0.00175);
#163=CYLINDRICAL_SURFACE('',#5495,0.00175);
#164=CYLINDRICAL_SURFACE('',#5546,0.02);
#165=CYLINDRICAL_SURFACE('',#5547,0.02);
#166=CYLINDRICAL_SURFACE('',#5549,0.02);
#167=CYLINDRICAL_SURFACE('',#5550,0.02);
#168=CYLINDRICAL_SURFACE('',#5553,0.01);
#169=CYLINDRICAL_SURFACE('',#5556,0.02);
#170=CYLINDRICAL_SURFACE('',#5560,0.02);
#171=CYLINDRICAL_SURFACE('',#5562,0.02);
#172=CYLINDRICAL_SURFACE('',#5565,0.02);
#173=CYLINDRICAL_SURFACE('',#5642,0.00175);
#174=CYLINDRICAL_SURFACE('',#5645,0.00175);
#175=CYLINDRICAL_SURFACE('',#5648,0.00175);
#176=CYLINDRICAL_SURFACE('',#5658,0.003);
#177=CYLINDRICAL_SURFACE('',#5663,0.003);
#178=CYLINDRICAL_SURFACE('',#5665,0.003);
#179=CYLINDRICAL_SURFACE('',#5667,0.003);
#180=CYLINDRICAL_SURFACE('',#5669,0.003);
#181=CYLINDRICAL_SURFACE('',#5675,0.003);
#182=CYLINDRICAL_SURFACE('',#5677,0.003);
#183=CYLINDRICAL_SURFACE('',#5681,0.003);
#184=CYLINDRICAL_SURFACE('',#5708,0.00175000000000003);
#185=CYLINDRICAL_SURFACE('',#5709,0.00174999999999998);
#186=CYLINDRICAL_SURFACE('',#5710,0.00175000000000003);
#187=CYLINDRICAL_SURFACE('',#5711,0.00174999999999998);
#188=CYLINDRICAL_SURFACE('',#5712,0.003);
#189=CYLINDRICAL_SURFACE('',#5717,0.003);
#190=CYLINDRICAL_SURFACE('',#5719,0.003);
#191=CYLINDRICAL_SURFACE('',#5721,0.003);
#192=CYLINDRICAL_SURFACE('',#5723,0.003);
#193=CYLINDRICAL_SURFACE('',#5729,0.003);
#194=CYLINDRICAL_SURFACE('',#5731,0.003);
#195=CYLINDRICAL_SURFACE('',#5735,0.003);
#196=CYLINDRICAL_SURFACE('',#5747,0.02);
#197=CYLINDRICAL_SURFACE('',#5750,0.02);
#198=CYLINDRICAL_SURFACE('',#5754,0.02);
#199=CYLINDRICAL_SURFACE('',#5757,0.02);
#200=CYLINDRICAL_SURFACE('',#5769,0.01);
#201=CYLINDRICAL_SURFACE('',#5773,0.00482842712474619);
#202=CYLINDRICAL_SURFACE('',#5791,0.02);
#203=CYLINDRICAL_SURFACE('',#5793,0.02);
#204=CYLINDRICAL_SURFACE('',#5796,0.02);
#205=CYLINDRICAL_SURFACE('',#5799,0.02);
#206=CYLINDRICAL_SURFACE('',#5802,0.02);
#207=CYLINDRICAL_SURFACE('',#5804,0.02);
#208=CYLINDRICAL_SURFACE('',#5807,0.02);
#209=CYLINDRICAL_SURFACE('',#5809,0.02);
#210=CYLINDRICAL_SURFACE('',#5812,0.00482842712474619);
#211=CYLINDRICAL_SURFACE('',#5818,0.00482842712474619);
#212=CYLINDRICAL_SURFACE('',#5820,0.00482842712474619);
#213=CYLINDRICAL_SURFACE('',#5823,0.00482842712474619);
#214=CYLINDRICAL_SURFACE('',#5835,0.011125);
#215=CYLINDRICAL_SURFACE('',#5836,0.011125);
#216=CYLINDRICAL_SURFACE('',#5850,0.00175);
#217=CYLINDRICAL_SURFACE('',#5856,0.00175);
#218=ORIENTED_EDGE('',*,*,#1714,.F.);
#219=ORIENTED_EDGE('',*,*,#1715,.F.);
#220=ORIENTED_EDGE('',*,*,#1716,.T.);
#221=ORIENTED_EDGE('',*,*,#1717,.T.);
#222=ORIENTED_EDGE('',*,*,#1718,.T.);
#223=ORIENTED_EDGE('',*,*,#1719,.F.);
#224=ORIENTED_EDGE('',*,*,#1720,.F.);
#225=ORIENTED_EDGE('',*,*,#1715,.T.);
#226=ORIENTED_EDGE('',*,*,#1721,.T.);
#227=ORIENTED_EDGE('',*,*,#1722,.F.);
#228=ORIENTED_EDGE('',*,*,#1723,.F.);
#229=ORIENTED_EDGE('',*,*,#1719,.T.);
#230=ORIENTED_EDGE('',*,*,#1724,.F.);
#231=ORIENTED_EDGE('',*,*,#1717,.F.);
#232=ORIENTED_EDGE('',*,*,#1725,.T.);
#233=ORIENTED_EDGE('',*,*,#1722,.T.);
#234=ORIENTED_EDGE('',*,*,#1726,.T.);
#235=ORIENTED_EDGE('',*,*,#1727,.F.);
#236=ORIENTED_EDGE('',*,*,#1728,.T.);
#237=ORIENTED_EDGE('',*,*,#1729,.F.);
#238=ORIENTED_EDGE('',*,*,#1726,.F.);
#239=ORIENTED_EDGE('',*,*,#1716,.F.);
#240=ORIENTED_EDGE('',*,*,#1720,.T.);
#241=ORIENTED_EDGE('',*,*,#1723,.T.);
#242=ORIENTED_EDGE('',*,*,#1725,.F.);
#243=ORIENTED_EDGE('',*,*,#1728,.F.);
#244=ORIENTED_EDGE('',*,*,#1727,.T.);
#245=ORIENTED_EDGE('',*,*,#1714,.T.);
#246=ORIENTED_EDGE('',*,*,#1724,.T.);
#247=ORIENTED_EDGE('',*,*,#1721,.F.);
#248=ORIENTED_EDGE('',*,*,#1718,.F.);
#249=ORIENTED_EDGE('',*,*,#1729,.T.);
#250=ORIENTED_EDGE('',*,*,#1730,.F.);
#251=ORIENTED_EDGE('',*,*,#1731,.T.);
#252=ORIENTED_EDGE('',*,*,#1732,.F.);
#253=ORIENTED_EDGE('',*,*,#1733,.F.);
#254=ORIENTED_EDGE('',*,*,#1734,.T.);
#255=ORIENTED_EDGE('',*,*,#1735,.F.);
#256=ORIENTED_EDGE('',*,*,#1736,.F.);
#257=ORIENTED_EDGE('',*,*,#1737,.T.);
#258=ORIENTED_EDGE('',*,*,#1738,.F.);
#259=ORIENTED_EDGE('',*,*,#1739,.T.);
#260=ORIENTED_EDGE('',*,*,#1740,.F.);
#261=ORIENTED_EDGE('',*,*,#1741,.F.);
#262=ORIENTED_EDGE('',*,*,#1742,.F.);
#263=ORIENTED_EDGE('',*,*,#1743,.T.);
#264=ORIENTED_EDGE('',*,*,#1744,.T.);
#265=ORIENTED_EDGE('',*,*,#1745,.T.);
#266=ORIENTED_EDGE('',*,*,#1746,.T.);
#267=ORIENTED_EDGE('',*,*,#1747,.T.);
#268=ORIENTED_EDGE('',*,*,#1748,.T.);
#269=ORIENTED_EDGE('',*,*,#1749,.F.);
#270=ORIENTED_EDGE('',*,*,#1750,.T.);
#271=ORIENTED_EDGE('',*,*,#1751,.F.);
#272=ORIENTED_EDGE('',*,*,#1752,.T.);
#273=ORIENTED_EDGE('',*,*,#1753,.T.);
#274=ORIENTED_EDGE('',*,*,#1754,.T.);
#275=ORIENTED_EDGE('',*,*,#1755,.F.);
#276=ORIENTED_EDGE('',*,*,#1756,.T.);
#277=ORIENTED_EDGE('',*,*,#1751,.T.);
#278=ORIENTED_EDGE('',*,*,#1757,.T.);
#279=ORIENTED_EDGE('',*,*,#1758,.F.);
#280=ORIENTED_EDGE('',*,*,#1759,.T.);
#281=ORIENTED_EDGE('',*,*,#1755,.T.);
#282=ORIENTED_EDGE('',*,*,#1760,.T.);
#283=ORIENTED_EDGE('',*,*,#1761,.F.);
#284=ORIENTED_EDGE('',*,*,#1762,.T.);
#285=ORIENTED_EDGE('',*,*,#1758,.T.);
#286=ORIENTED_EDGE('',*,*,#1763,.T.);
#287=ORIENTED_EDGE('',*,*,#1764,.F.);
#288=ORIENTED_EDGE('',*,*,#1765,.T.);
#289=ORIENTED_EDGE('',*,*,#1761,.T.);
#290=ORIENTED_EDGE('',*,*,#1766,.T.);
#291=ORIENTED_EDGE('',*,*,#1753,.F.);
#292=ORIENTED_EDGE('',*,*,#1767,.T.);
#293=ORIENTED_EDGE('',*,*,#1764,.T.);
#294=ORIENTED_EDGE('',*,*,#1768,.F.);
#295=ORIENTED_EDGE('',*,*,#1769,.T.);
#296=ORIENTED_EDGE('',*,*,#1770,.F.);
#297=ORIENTED_EDGE('',*,*,#1771,.F.);
#298=ORIENTED_EDGE('',*,*,#1772,.F.);
#299=ORIENTED_EDGE('',*,*,#1771,.T.);
#300=ORIENTED_EDGE('',*,*,#1773,.F.);
#301=ORIENTED_EDGE('',*,*,#1774,.F.);
#302=ORIENTED_EDGE('',*,*,#1775,.F.);
#303=ORIENTED_EDGE('',*,*,#1774,.T.);
#304=ORIENTED_EDGE('',*,*,#1776,.F.);
#305=ORIENTED_EDGE('',*,*,#1777,.F.);
#306=ORIENTED_EDGE('',*,*,#1778,.F.);
#307=ORIENTED_EDGE('',*,*,#1777,.T.);
#308=ORIENTED_EDGE('',*,*,#1779,.F.);
#309=ORIENTED_EDGE('',*,*,#1780,.F.);
#310=ORIENTED_EDGE('',*,*,#1781,.F.);
#311=ORIENTED_EDGE('',*,*,#1780,.T.);
#312=ORIENTED_EDGE('',*,*,#1782,.F.);
#313=ORIENTED_EDGE('',*,*,#1783,.F.);
#314=ORIENTED_EDGE('',*,*,#1784,.F.);
#315=ORIENTED_EDGE('',*,*,#1783,.T.);
#316=ORIENTED_EDGE('',*,*,#1785,.F.);
#317=ORIENTED_EDGE('',*,*,#1769,.F.);
#318=ORIENTED_EDGE('',*,*,#1743,.F.);
#319=ORIENTED_EDGE('',*,*,#1786,.T.);
#320=ORIENTED_EDGE('',*,*,#1787,.F.);
#321=ORIENTED_EDGE('',*,*,#1788,.F.);
#322=ORIENTED_EDGE('',*,*,#1747,.F.);
#323=ORIENTED_EDGE('',*,*,#1789,.T.);
#324=ORIENTED_EDGE('',*,*,#1790,.T.);
#325=ORIENTED_EDGE('',*,*,#1791,.T.);
#326=ORIENTED_EDGE('',*,*,#1792,.T.);
#327=ORIENTED_EDGE('',*,*,#1793,.F.);
#328=ORIENTED_EDGE('',*,*,#1794,.F.);
#329=ORIENTED_EDGE('',*,*,#1795,.T.);
#330=ORIENTED_EDGE('',*,*,#1796,.T.);
#331=ORIENTED_EDGE('',*,*,#1797,.T.);
#332=ORIENTED_EDGE('',*,*,#1798,.T.);
#333=ORIENTED_EDGE('',*,*,#1799,.T.);
#334=ORIENTED_EDGE('',*,*,#1800,.F.);
#335=ORIENTED_EDGE('',*,*,#1801,.T.);
#336=ORIENTED_EDGE('',*,*,#1735,.T.);
#337=ORIENTED_EDGE('',*,*,#1802,.F.);
#338=ORIENTED_EDGE('',*,*,#1803,.F.);
#339=ORIENTED_EDGE('',*,*,#1804,.F.);
#340=ORIENTED_EDGE('',*,*,#1805,.T.);
#341=ORIENTED_EDGE('',*,*,#1806,.F.);
#342=ORIENTED_EDGE('',*,*,#1807,.T.);
#343=ORIENTED_EDGE('',*,*,#1808,.F.);
#344=ORIENTED_EDGE('',*,*,#1740,.T.);
#345=ORIENTED_EDGE('',*,*,#1809,.T.);
#346=ORIENTED_EDGE('',*,*,#1810,.F.);
#347=ORIENTED_EDGE('',*,*,#1811,.T.);
#348=ORIENTED_EDGE('',*,*,#1812,.T.);
#349=ORIENTED_EDGE('',*,*,#1813,.T.);
#350=ORIENTED_EDGE('',*,*,#1814,.F.);
#351=ORIENTED_EDGE('',*,*,#1815,.F.);
#352=ORIENTED_EDGE('',*,*,#1816,.F.);
#353=ORIENTED_EDGE('',*,*,#1817,.T.);
#354=ORIENTED_EDGE('',*,*,#1818,.F.);
#355=ORIENTED_EDGE('',*,*,#1819,.T.);
#356=ORIENTED_EDGE('',*,*,#1820,.T.);
#357=ORIENTED_EDGE('',*,*,#1821,.T.);
#358=ORIENTED_EDGE('',*,*,#1822,.T.);
#359=ORIENTED_EDGE('',*,*,#1823,.F.);
#360=ORIENTED_EDGE('',*,*,#1824,.F.);
#361=ORIENTED_EDGE('',*,*,#1825,.T.);
#362=ORIENTED_EDGE('',*,*,#1826,.T.);
#363=ORIENTED_EDGE('',*,*,#1827,.F.);
#364=ORIENTED_EDGE('',*,*,#1828,.F.);
#365=ORIENTED_EDGE('',*,*,#1829,.T.);
#366=ORIENTED_EDGE('',*,*,#1830,.T.);
#367=ORIENTED_EDGE('',*,*,#1831,.T.);
#368=ORIENTED_EDGE('',*,*,#1832,.F.);
#369=ORIENTED_EDGE('',*,*,#1833,.T.);
#370=ORIENTED_EDGE('',*,*,#1834,.T.);
#371=ORIENTED_EDGE('',*,*,#1835,.T.);
#372=ORIENTED_EDGE('',*,*,#1836,.T.);
#373=ORIENTED_EDGE('',*,*,#1837,.F.);
#374=ORIENTED_EDGE('',*,*,#1838,.F.);
#375=ORIENTED_EDGE('',*,*,#1839,.T.);
#376=ORIENTED_EDGE('',*,*,#1840,.T.);
#377=ORIENTED_EDGE('',*,*,#1841,.F.);
#378=ORIENTED_EDGE('',*,*,#1842,.F.);
#379=ORIENTED_EDGE('',*,*,#1843,.T.);
#380=ORIENTED_EDGE('',*,*,#1844,.T.);
#381=ORIENTED_EDGE('',*,*,#1845,.F.);
#382=ORIENTED_EDGE('',*,*,#1846,.T.);
#383=ORIENTED_EDGE('',*,*,#1847,.T.);
#384=ORIENTED_EDGE('',*,*,#1848,.T.);
#385=ORIENTED_EDGE('',*,*,#1849,.F.);
#386=ORIENTED_EDGE('',*,*,#1850,.T.);
#387=ORIENTED_EDGE('',*,*,#1851,.T.);
#388=ORIENTED_EDGE('',*,*,#1852,.T.);
#389=ORIENTED_EDGE('',*,*,#1736,.T.);
#390=ORIENTED_EDGE('',*,*,#1853,.F.);
#391=ORIENTED_EDGE('',*,*,#1854,.T.);
#392=ORIENTED_EDGE('',*,*,#1855,.T.);
#393=ORIENTED_EDGE('',*,*,#1856,.F.);
#394=ORIENTED_EDGE('',*,*,#1857,.F.);
#395=ORIENTED_EDGE('',*,*,#1733,.T.);
#396=ORIENTED_EDGE('',*,*,#1858,.F.);
#397=ORIENTED_EDGE('',*,*,#1859,.T.);
#398=ORIENTED_EDGE('',*,*,#1860,.T.);
#399=ORIENTED_EDGE('',*,*,#1861,.T.);
#400=ORIENTED_EDGE('',*,*,#1862,.F.);
#401=ORIENTED_EDGE('',*,*,#1863,.T.);
#402=ORIENTED_EDGE('',*,*,#1864,.F.);
#403=ORIENTED_EDGE('',*,*,#1865,.T.);
#404=ORIENTED_EDGE('',*,*,#1866,.T.);
#405=ORIENTED_EDGE('',*,*,#1867,.T.);
#406=ORIENTED_EDGE('',*,*,#1868,.T.);
#407=ORIENTED_EDGE('',*,*,#1869,.T.);
#408=ORIENTED_EDGE('',*,*,#1870,.T.);
#409=ORIENTED_EDGE('',*,*,#1871,.T.);
#410=ORIENTED_EDGE('',*,*,#1745,.F.);
#411=ORIENTED_EDGE('',*,*,#1872,.T.);
#412=ORIENTED_EDGE('',*,*,#1873,.T.);
#413=ORIENTED_EDGE('',*,*,#1874,.T.);
#414=ORIENTED_EDGE('',*,*,#1875,.F.);
#415=ORIENTED_EDGE('',*,*,#1876,.T.);
#416=ORIENTED_EDGE('',*,*,#1877,.F.);
#417=ORIENTED_EDGE('',*,*,#1878,.T.);
#418=ORIENTED_EDGE('',*,*,#1879,.T.);
#419=ORIENTED_EDGE('',*,*,#1880,.T.);
#420=ORIENTED_EDGE('',*,*,#1812,.F.);
#421=ORIENTED_EDGE('',*,*,#1752,.F.);
#422=ORIENTED_EDGE('',*,*,#1756,.F.);
#423=ORIENTED_EDGE('',*,*,#1759,.F.);
#424=ORIENTED_EDGE('',*,*,#1762,.F.);
#425=ORIENTED_EDGE('',*,*,#1765,.F.);
#426=ORIENTED_EDGE('',*,*,#1767,.F.);
#427=ORIENTED_EDGE('',*,*,#1805,.F.);
#428=ORIENTED_EDGE('',*,*,#1881,.F.);
#429=ORIENTED_EDGE('',*,*,#1882,.F.);
#430=ORIENTED_EDGE('',*,*,#1883,.F.);
#431=ORIENTED_EDGE('',*,*,#1881,.T.);
#432=ORIENTED_EDGE('',*,*,#1804,.T.);
#433=ORIENTED_EDGE('',*,*,#1884,.T.);
#434=ORIENTED_EDGE('',*,*,#1885,.T.);
#435=ORIENTED_EDGE('',*,*,#1886,.T.);
#436=ORIENTED_EDGE('',*,*,#1806,.T.);
#437=ORIENTED_EDGE('',*,*,#1883,.T.);
#438=ORIENTED_EDGE('',*,*,#1887,.T.);
#439=ORIENTED_EDGE('',*,*,#1837,.T.);
#440=ORIENTED_EDGE('',*,*,#1888,.T.);
#441=ORIENTED_EDGE('',*,*,#1889,.F.);
#442=ORIENTED_EDGE('',*,*,#1890,.F.);
#443=ORIENTED_EDGE('',*,*,#1891,.T.);
#444=ORIENTED_EDGE('',*,*,#1892,.T.);
#445=ORIENTED_EDGE('',*,*,#1888,.F.);
#446=ORIENTED_EDGE('',*,*,#1836,.F.);
#447=ORIENTED_EDGE('',*,*,#1893,.T.);
#448=ORIENTED_EDGE('',*,*,#1894,.T.);
#449=ORIENTED_EDGE('',*,*,#1891,.F.);
#450=ORIENTED_EDGE('',*,*,#1835,.F.);
#451=ORIENTED_EDGE('',*,*,#1890,.T.);
#452=ORIENTED_EDGE('',*,*,#1895,.T.);
#453=ORIENTED_EDGE('',*,*,#1893,.F.);
#454=ORIENTED_EDGE('',*,*,#1834,.F.);
#455=ORIENTED_EDGE('',*,*,#1896,.T.);
#456=ORIENTED_EDGE('',*,*,#1897,.T.);
#457=ORIENTED_EDGE('',*,*,#1898,.F.);
#458=ORIENTED_EDGE('',*,*,#1833,.F.);
#459=ORIENTED_EDGE('',*,*,#1832,.T.);
#460=ORIENTED_EDGE('',*,*,#1899,.T.);
#461=ORIENTED_EDGE('',*,*,#1900,.F.);
#462=ORIENTED_EDGE('',*,*,#1896,.F.);
#463=ORIENTED_EDGE('',*,*,#1901,.T.);
#464=ORIENTED_EDGE('',*,*,#1902,.T.);
#465=ORIENTED_EDGE('',*,*,#1899,.F.);
#466=ORIENTED_EDGE('',*,*,#1831,.F.);
#467=ORIENTED_EDGE('',*,*,#1898,.T.);
#468=ORIENTED_EDGE('',*,*,#1903,.T.);
#469=ORIENTED_EDGE('',*,*,#1901,.F.);
#470=ORIENTED_EDGE('',*,*,#1830,.F.);
#471=ORIENTED_EDGE('',*,*,#1821,.F.);
#472=ORIENTED_EDGE('',*,*,#1904,.F.);
#473=ORIENTED_EDGE('',*,*,#1872,.F.);
#474=ORIENTED_EDGE('',*,*,#1744,.F.);
#475=ORIENTED_EDGE('',*,*,#1789,.F.);
#476=ORIENTED_EDGE('',*,*,#1746,.F.);
#477=ORIENTED_EDGE('',*,*,#1871,.F.);
#478=ORIENTED_EDGE('',*,*,#1905,.F.);
#479=ORIENTED_EDGE('',*,*,#1790,.F.);
#480=ORIENTED_EDGE('',*,*,#1905,.T.);
#481=ORIENTED_EDGE('',*,*,#1870,.F.);
#482=ORIENTED_EDGE('',*,*,#1906,.T.);
#483=ORIENTED_EDGE('',*,*,#1791,.F.);
#484=ORIENTED_EDGE('',*,*,#1906,.F.);
#485=ORIENTED_EDGE('',*,*,#1869,.F.);
#486=ORIENTED_EDGE('',*,*,#1907,.F.);
#487=ORIENTED_EDGE('',*,*,#1819,.F.);
#488=ORIENTED_EDGE('',*,*,#1908,.F.);
#489=ORIENTED_EDGE('',*,*,#1874,.F.);
#490=ORIENTED_EDGE('',*,*,#1909,.F.);
#491=ORIENTED_EDGE('',*,*,#1820,.F.);
#492=ORIENTED_EDGE('',*,*,#1909,.T.);
#493=ORIENTED_EDGE('',*,*,#1873,.F.);
#494=ORIENTED_EDGE('',*,*,#1904,.T.);
#495=ORIENTED_EDGE('',*,*,#1902,.F.);
#496=ORIENTED_EDGE('',*,*,#1903,.F.);
#497=ORIENTED_EDGE('',*,*,#1897,.F.);
#498=ORIENTED_EDGE('',*,*,#1900,.T.);
#499=ORIENTED_EDGE('',*,*,#1910,.F.);
#500=ORIENTED_EDGE('',*,*,#1911,.T.);
#501=ORIENTED_EDGE('',*,*,#1912,.T.);
#502=ORIENTED_EDGE('',*,*,#1887,.F.);
#503=ORIENTED_EDGE('',*,*,#1882,.T.);
#504=ORIENTED_EDGE('',*,*,#1885,.F.);
#505=ORIENTED_EDGE('',*,*,#1894,.F.);
#506=ORIENTED_EDGE('',*,*,#1895,.F.);
#507=ORIENTED_EDGE('',*,*,#1889,.T.);
#508=ORIENTED_EDGE('',*,*,#1892,.F.);
#509=ORIENTED_EDGE('',*,*,#1855,.F.);
#510=ORIENTED_EDGE('',*,*,#1913,.F.);
#511=ORIENTED_EDGE('',*,*,#1911,.F.);
#512=ORIENTED_EDGE('',*,*,#1914,.F.);
#513=ORIENTED_EDGE('',*,*,#1811,.F.);
#514=ORIENTED_EDGE('',*,*,#1915,.F.);
#515=ORIENTED_EDGE('',*,*,#1848,.F.);
#516=ORIENTED_EDGE('',*,*,#1916,.F.);
#517=ORIENTED_EDGE('',*,*,#1878,.F.);
#518=ORIENTED_EDGE('',*,*,#1917,.F.);
#519=ORIENTED_EDGE('',*,*,#1918,.F.);
#520=ORIENTED_EDGE('',*,*,#1919,.F.);
#521=ORIENTED_EDGE('',*,*,#1920,.F.);
#522=ORIENTED_EDGE('',*,*,#1921,.F.);
#523=ORIENTED_EDGE('',*,*,#1922,.F.);
#524=ORIENTED_EDGE('',*,*,#1809,.F.);
#525=ORIENTED_EDGE('',*,*,#1739,.F.);
#526=ORIENTED_EDGE('',*,*,#1923,.F.);
#527=ORIENTED_EDGE('',*,*,#1924,.F.);
#528=ORIENTED_EDGE('',*,*,#1850,.F.);
#529=ORIENTED_EDGE('',*,*,#1925,.T.);
#530=ORIENTED_EDGE('',*,*,#1741,.T.);
#531=ORIENTED_EDGE('',*,*,#1808,.T.);
#532=ORIENTED_EDGE('',*,*,#1926,.F.);
#533=ORIENTED_EDGE('',*,*,#1853,.T.);
#534=ORIENTED_EDGE('',*,*,#1915,.T.);
#535=ORIENTED_EDGE('',*,*,#1810,.T.);
#536=ORIENTED_EDGE('',*,*,#1925,.F.);
#537=ORIENTED_EDGE('',*,*,#1849,.T.);
#538=ORIENTED_EDGE('',*,*,#1813,.F.);
#539=ORIENTED_EDGE('',*,*,#1880,.F.);
#540=ORIENTED_EDGE('',*,*,#1927,.F.);
#541=ORIENTED_EDGE('',*,*,#1876,.F.);
#542=ORIENTED_EDGE('',*,*,#1928,.F.);
#543=ORIENTED_EDGE('',*,*,#1929,.F.);
#544=ORIENTED_EDGE('',*,*,#1930,.T.);
#545=ORIENTED_EDGE('',*,*,#1814,.T.);
#546=ORIENTED_EDGE('',*,*,#1928,.T.);
#547=ORIENTED_EDGE('',*,*,#1875,.T.);
#548=ORIENTED_EDGE('',*,*,#1908,.T.);
#549=ORIENTED_EDGE('',*,*,#1818,.T.);
#550=ORIENTED_EDGE('',*,*,#1931,.F.);
#551=ORIENTED_EDGE('',*,*,#1797,.F.);
#552=ORIENTED_EDGE('',*,*,#1932,.F.);
#553=ORIENTED_EDGE('',*,*,#1867,.F.);
#554=ORIENTED_EDGE('',*,*,#1933,.T.);
#555=ORIENTED_EDGE('',*,*,#1934,.F.);
#556=ORIENTED_EDGE('',*,*,#1801,.F.);
#557=ORIENTED_EDGE('',*,*,#1935,.F.);
#558=ORIENTED_EDGE('',*,*,#1861,.F.);
#559=ORIENTED_EDGE('',*,*,#1936,.T.);
#560=ORIENTED_EDGE('',*,*,#1730,.T.);
#561=ORIENTED_EDGE('',*,*,#1937,.T.);
#562=ORIENTED_EDGE('',*,*,#1802,.T.);
#563=ORIENTED_EDGE('',*,*,#1734,.F.);
#564=ORIENTED_EDGE('',*,*,#1857,.T.);
#565=ORIENTED_EDGE('',*,*,#1799,.F.);
#566=ORIENTED_EDGE('',*,*,#1938,.F.);
#567=ORIENTED_EDGE('',*,*,#1939,.F.);
#568=ORIENTED_EDGE('',*,*,#1863,.F.);
#569=ORIENTED_EDGE('',*,*,#1940,.F.);
#570=ORIENTED_EDGE('',*,*,#1935,.T.);
#571=ORIENTED_EDGE('',*,*,#1800,.T.);
#572=ORIENTED_EDGE('',*,*,#1940,.T.);
#573=ORIENTED_EDGE('',*,*,#1862,.T.);
#574=ORIENTED_EDGE('',*,*,#1941,.F.);
#575=ORIENTED_EDGE('',*,*,#1938,.T.);
#576=ORIENTED_EDGE('',*,*,#1798,.F.);
#577=ORIENTED_EDGE('',*,*,#1934,.T.);
#578=ORIENTED_EDGE('',*,*,#1942,.F.);
#579=ORIENTED_EDGE('',*,*,#1943,.T.);
#580=ORIENTED_EDGE('',*,*,#1944,.T.);
#581=ORIENTED_EDGE('',*,*,#1792,.F.);
#582=ORIENTED_EDGE('',*,*,#1907,.T.);
#583=ORIENTED_EDGE('',*,*,#1868,.F.);
#584=ORIENTED_EDGE('',*,*,#1932,.T.);
#585=ORIENTED_EDGE('',*,*,#1796,.F.);
#586=ORIENTED_EDGE('',*,*,#1945,.F.);
#587=ORIENTED_EDGE('',*,*,#1946,.F.);
#588=ORIENTED_EDGE('',*,*,#1947,.F.);
#589=ORIENTED_EDGE('',*,*,#1948,.F.);
#590=ORIENTED_EDGE('',*,*,#1949,.F.);
#591=ORIENTED_EDGE('',*,*,#1950,.F.);
#592=ORIENTED_EDGE('',*,*,#1807,.F.);
#593=ORIENTED_EDGE('',*,*,#1886,.F.);
#594=ORIENTED_EDGE('',*,*,#1912,.F.);
#595=ORIENTED_EDGE('',*,*,#1913,.T.);
#596=ORIENTED_EDGE('',*,*,#1854,.F.);
#597=ORIENTED_EDGE('',*,*,#1926,.T.);
#598=ORIENTED_EDGE('',*,*,#1773,.T.);
#599=ORIENTED_EDGE('',*,*,#1770,.T.);
#600=ORIENTED_EDGE('',*,*,#1785,.T.);
#601=ORIENTED_EDGE('',*,*,#1782,.T.);
#602=ORIENTED_EDGE('',*,*,#1779,.T.);
#603=ORIENTED_EDGE('',*,*,#1776,.T.);
#604=ORIENTED_EDGE('',*,*,#1884,.F.);
#605=ORIENTED_EDGE('',*,*,#1803,.T.);
#606=ORIENTED_EDGE('',*,*,#1937,.F.);
#607=ORIENTED_EDGE('',*,*,#1856,.T.);
#608=ORIENTED_EDGE('',*,*,#1914,.T.);
#609=ORIENTED_EDGE('',*,*,#1910,.T.);
#610=ORIENTED_EDGE('',*,*,#1826,.F.);
#611=ORIENTED_EDGE('',*,*,#1951,.T.);
#612=ORIENTED_EDGE('',*,*,#1839,.F.);
#613=ORIENTED_EDGE('',*,*,#1952,.F.);
#614=ORIENTED_EDGE('',*,*,#1953,.F.);
#615=ORIENTED_EDGE('',*,*,#1827,.T.);
#616=ORIENTED_EDGE('',*,*,#1952,.T.);
#617=ORIENTED_EDGE('',*,*,#1838,.T.);
#618=ORIENTED_EDGE('',*,*,#1954,.F.);
#619=ORIENTED_EDGE('',*,*,#1828,.T.);
#620=ORIENTED_EDGE('',*,*,#1953,.T.);
#621=ORIENTED_EDGE('',*,*,#1841,.T.);
#622=ORIENTED_EDGE('',*,*,#1829,.F.);
#623=ORIENTED_EDGE('',*,*,#1954,.T.);
#624=ORIENTED_EDGE('',*,*,#1840,.F.);
#625=ORIENTED_EDGE('',*,*,#1951,.F.);
#626=ORIENTED_EDGE('',*,*,#1822,.F.);
#627=ORIENTED_EDGE('',*,*,#1955,.T.);
#628=ORIENTED_EDGE('',*,*,#1843,.F.);
#629=ORIENTED_EDGE('',*,*,#1956,.F.);
#630=ORIENTED_EDGE('',*,*,#1957,.F.);
#631=ORIENTED_EDGE('',*,*,#1823,.T.);
#632=ORIENTED_EDGE('',*,*,#1956,.T.);
#633=ORIENTED_EDGE('',*,*,#1842,.T.);
#634=ORIENTED_EDGE('',*,*,#1958,.F.);
#635=ORIENTED_EDGE('',*,*,#1824,.T.);
#636=ORIENTED_EDGE('',*,*,#1957,.T.);
#637=ORIENTED_EDGE('',*,*,#1845,.T.);
#638=ORIENTED_EDGE('',*,*,#1825,.F.);
#639=ORIENTED_EDGE('',*,*,#1958,.T.);
#640=ORIENTED_EDGE('',*,*,#1844,.F.);
#641=ORIENTED_EDGE('',*,*,#1955,.F.);
#642=ORIENTED_EDGE('',*,*,#1939,.T.);
#643=ORIENTED_EDGE('',*,*,#1959,.F.);
#644=ORIENTED_EDGE('',*,*,#1960,.F.);
#645=ORIENTED_EDGE('',*,*,#1864,.T.);
#646=ORIENTED_EDGE('',*,*,#1941,.T.);
#647=ORIENTED_EDGE('',*,*,#1961,.F.);
#648=ORIENTED_EDGE('',*,*,#1962,.F.);
#649=ORIENTED_EDGE('',*,*,#1959,.T.);
#650=ORIENTED_EDGE('',*,*,#1933,.F.);
#651=ORIENTED_EDGE('',*,*,#1866,.F.);
#652=ORIENTED_EDGE('',*,*,#1963,.T.);
#653=ORIENTED_EDGE('',*,*,#1961,.T.);
#654=ORIENTED_EDGE('',*,*,#1865,.F.);
#655=ORIENTED_EDGE('',*,*,#1960,.T.);
#656=ORIENTED_EDGE('',*,*,#1962,.T.);
#657=ORIENTED_EDGE('',*,*,#1963,.F.);
#658=ORIENTED_EDGE('',*,*,#1964,.F.);
#659=ORIENTED_EDGE('',*,*,#1965,.F.);
#660=ORIENTED_EDGE('',*,*,#1966,.F.);
#661=ORIENTED_EDGE('',*,*,#1967,.F.);
#662=ORIENTED_EDGE('',*,*,#1968,.F.);
#663=ORIENTED_EDGE('',*,*,#1969,.F.);
#664=ORIENTED_EDGE('',*,*,#1965,.T.);
#665=ORIENTED_EDGE('',*,*,#1970,.F.);
#666=ORIENTED_EDGE('',*,*,#1971,.F.);
#667=ORIENTED_EDGE('',*,*,#1972,.T.);
#668=ORIENTED_EDGE('',*,*,#1964,.T.);
#669=ORIENTED_EDGE('',*,*,#1973,.F.);
#670=ORIENTED_EDGE('',*,*,#1974,.F.);
#671=ORIENTED_EDGE('',*,*,#1970,.T.);
#672=ORIENTED_EDGE('',*,*,#1969,.T.);
#673=ORIENTED_EDGE('',*,*,#1975,.F.);
#674=ORIENTED_EDGE('',*,*,#1976,.F.);
#675=ORIENTED_EDGE('',*,*,#1973,.T.);
#676=ORIENTED_EDGE('',*,*,#1968,.T.);
#677=ORIENTED_EDGE('',*,*,#1977,.F.);
#678=ORIENTED_EDGE('',*,*,#1978,.F.);
#679=ORIENTED_EDGE('',*,*,#1975,.T.);
#680=ORIENTED_EDGE('',*,*,#1967,.T.);
#681=ORIENTED_EDGE('',*,*,#1979,.F.);
#682=ORIENTED_EDGE('',*,*,#1980,.F.);
#683=ORIENTED_EDGE('',*,*,#1977,.T.);
#684=ORIENTED_EDGE('',*,*,#1966,.T.);
#685=ORIENTED_EDGE('',*,*,#1972,.F.);
#686=ORIENTED_EDGE('',*,*,#1981,.F.);
#687=ORIENTED_EDGE('',*,*,#1979,.T.);
#688=ORIENTED_EDGE('',*,*,#1971,.T.);
#689=ORIENTED_EDGE('',*,*,#1974,.T.);
#690=ORIENTED_EDGE('',*,*,#1976,.T.);
#691=ORIENTED_EDGE('',*,*,#1978,.T.);
#692=ORIENTED_EDGE('',*,*,#1980,.T.);
#693=ORIENTED_EDGE('',*,*,#1981,.T.);
#694=ORIENTED_EDGE('',*,*,#1879,.F.);
#695=ORIENTED_EDGE('',*,*,#1982,.F.);
#696=ORIENTED_EDGE('',*,*,#1983,.T.);
#697=ORIENTED_EDGE('',*,*,#1984,.T.);
#698=ORIENTED_EDGE('',*,*,#1916,.T.);
#699=ORIENTED_EDGE('',*,*,#1847,.F.);
#700=ORIENTED_EDGE('',*,*,#1985,.F.);
#701=ORIENTED_EDGE('',*,*,#1982,.T.);
#702=ORIENTED_EDGE('',*,*,#1927,.T.);
#703=ORIENTED_EDGE('',*,*,#1984,.F.);
#704=ORIENTED_EDGE('',*,*,#1986,.F.);
#705=ORIENTED_EDGE('',*,*,#1877,.T.);
#706=ORIENTED_EDGE('',*,*,#1983,.F.);
#707=ORIENTED_EDGE('',*,*,#1985,.T.);
#708=ORIENTED_EDGE('',*,*,#1846,.F.);
#709=ORIENTED_EDGE('',*,*,#1986,.T.);
#710=ORIENTED_EDGE('',*,*,#1987,.F.);
#711=ORIENTED_EDGE('',*,*,#1988,.F.);
#712=ORIENTED_EDGE('',*,*,#1989,.F.);
#713=ORIENTED_EDGE('',*,*,#1990,.F.);
#714=ORIENTED_EDGE('',*,*,#1991,.F.);
#715=ORIENTED_EDGE('',*,*,#1992,.F.);
#716=ORIENTED_EDGE('',*,*,#1988,.T.);
#717=ORIENTED_EDGE('',*,*,#1993,.F.);
#718=ORIENTED_EDGE('',*,*,#1994,.F.);
#719=ORIENTED_EDGE('',*,*,#1995,.T.);
#720=ORIENTED_EDGE('',*,*,#1987,.T.);
#721=ORIENTED_EDGE('',*,*,#1996,.F.);
#722=ORIENTED_EDGE('',*,*,#1997,.F.);
#723=ORIENTED_EDGE('',*,*,#1993,.T.);
#724=ORIENTED_EDGE('',*,*,#1992,.T.);
#725=ORIENTED_EDGE('',*,*,#1998,.F.);
#726=ORIENTED_EDGE('',*,*,#1999,.F.);
#727=ORIENTED_EDGE('',*,*,#1996,.T.);
#728=ORIENTED_EDGE('',*,*,#1991,.T.);
#729=ORIENTED_EDGE('',*,*,#2000,.F.);
#730=ORIENTED_EDGE('',*,*,#2001,.F.);
#731=ORIENTED_EDGE('',*,*,#1998,.T.);
#732=ORIENTED_EDGE('',*,*,#1990,.T.);
#733=ORIENTED_EDGE('',*,*,#2002,.F.);
#734=ORIENTED_EDGE('',*,*,#2003,.F.);
#735=ORIENTED_EDGE('',*,*,#2000,.T.);
#736=ORIENTED_EDGE('',*,*,#1989,.T.);
#737=ORIENTED_EDGE('',*,*,#1995,.F.);
#738=ORIENTED_EDGE('',*,*,#2004,.F.);
#739=ORIENTED_EDGE('',*,*,#2002,.T.);
#740=ORIENTED_EDGE('',*,*,#1994,.T.);
#741=ORIENTED_EDGE('',*,*,#1997,.T.);
#742=ORIENTED_EDGE('',*,*,#1999,.T.);
#743=ORIENTED_EDGE('',*,*,#2001,.T.);
#744=ORIENTED_EDGE('',*,*,#2003,.T.);
#745=ORIENTED_EDGE('',*,*,#2004,.T.);
#746=ORIENTED_EDGE('',*,*,#1815,.T.);
#747=ORIENTED_EDGE('',*,*,#1930,.F.);
#748=ORIENTED_EDGE('',*,*,#2005,.F.);
#749=ORIENTED_EDGE('',*,*,#2006,.T.);
#750=ORIENTED_EDGE('',*,*,#2007,.F.);
#751=ORIENTED_EDGE('',*,*,#2008,.T.);
#752=ORIENTED_EDGE('',*,*,#1931,.T.);
#753=ORIENTED_EDGE('',*,*,#1817,.F.);
#754=ORIENTED_EDGE('',*,*,#2009,.F.);
#755=ORIENTED_EDGE('',*,*,#2010,.F.);
#756=ORIENTED_EDGE('',*,*,#2011,.F.);
#757=ORIENTED_EDGE('',*,*,#2012,.F.);
#758=ORIENTED_EDGE('',*,*,#2013,.F.);
#759=ORIENTED_EDGE('',*,*,#2014,.F.);
#760=ORIENTED_EDGE('',*,*,#1816,.T.);
#761=ORIENTED_EDGE('',*,*,#2006,.F.);
#762=ORIENTED_EDGE('',*,*,#2015,.T.);
#763=ORIENTED_EDGE('',*,*,#2007,.T.);
#764=ORIENTED_EDGE('',*,*,#1929,.T.);
#765=ORIENTED_EDGE('',*,*,#2008,.F.);
#766=ORIENTED_EDGE('',*,*,#2015,.F.);
#767=ORIENTED_EDGE('',*,*,#2005,.T.);
#768=ORIENTED_EDGE('',*,*,#1950,.T.);
#769=ORIENTED_EDGE('',*,*,#2016,.T.);
#770=ORIENTED_EDGE('',*,*,#2010,.T.);
#771=ORIENTED_EDGE('',*,*,#2017,.F.);
#772=ORIENTED_EDGE('',*,*,#1949,.T.);
#773=ORIENTED_EDGE('',*,*,#2018,.T.);
#774=ORIENTED_EDGE('',*,*,#2011,.T.);
#775=ORIENTED_EDGE('',*,*,#2016,.F.);
#776=ORIENTED_EDGE('',*,*,#1948,.T.);
#777=ORIENTED_EDGE('',*,*,#2019,.T.);
#778=ORIENTED_EDGE('',*,*,#2012,.T.);
#779=ORIENTED_EDGE('',*,*,#2018,.F.);
#780=ORIENTED_EDGE('',*,*,#1947,.T.);
#781=ORIENTED_EDGE('',*,*,#2020,.T.);
#782=ORIENTED_EDGE('',*,*,#2013,.T.);
#783=ORIENTED_EDGE('',*,*,#2019,.F.);
#784=ORIENTED_EDGE('',*,*,#1946,.T.);
#785=ORIENTED_EDGE('',*,*,#2021,.T.);
#786=ORIENTED_EDGE('',*,*,#2014,.T.);
#787=ORIENTED_EDGE('',*,*,#2020,.F.);
#788=ORIENTED_EDGE('',*,*,#1945,.T.);
#789=ORIENTED_EDGE('',*,*,#2017,.T.);
#790=ORIENTED_EDGE('',*,*,#2009,.T.);
#791=ORIENTED_EDGE('',*,*,#2021,.F.);
#792=ORIENTED_EDGE('',*,*,#2022,.F.);
#793=ORIENTED_EDGE('',*,*,#2023,.T.);
#794=ORIENTED_EDGE('',*,*,#1942,.T.);
#795=ORIENTED_EDGE('',*,*,#1795,.F.);
#796=ORIENTED_EDGE('',*,*,#1793,.T.);
#797=ORIENTED_EDGE('',*,*,#1944,.F.);
#798=ORIENTED_EDGE('',*,*,#2024,.F.);
#799=ORIENTED_EDGE('',*,*,#2025,.T.);
#800=ORIENTED_EDGE('',*,*,#1768,.T.);
#801=ORIENTED_EDGE('',*,*,#1772,.T.);
#802=ORIENTED_EDGE('',*,*,#1775,.T.);
#803=ORIENTED_EDGE('',*,*,#1778,.T.);
#804=ORIENTED_EDGE('',*,*,#1781,.T.);
#805=ORIENTED_EDGE('',*,*,#1784,.T.);
#806=ORIENTED_EDGE('',*,*,#1794,.T.);
#807=ORIENTED_EDGE('',*,*,#2025,.F.);
#808=ORIENTED_EDGE('',*,*,#2026,.F.);
#809=ORIENTED_EDGE('',*,*,#2022,.T.);
#810=ORIENTED_EDGE('',*,*,#1943,.F.);
#811=ORIENTED_EDGE('',*,*,#2023,.F.);
#812=ORIENTED_EDGE('',*,*,#2026,.T.);
#813=ORIENTED_EDGE('',*,*,#2024,.T.);
#814=ORIENTED_EDGE('',*,*,#1742,.T.);
#815=ORIENTED_EDGE('',*,*,#2027,.F.);
#816=ORIENTED_EDGE('',*,*,#2028,.F.);
#817=ORIENTED_EDGE('',*,*,#1786,.F.);
#818=ORIENTED_EDGE('',*,*,#1788,.T.);
#819=ORIENTED_EDGE('',*,*,#2029,.T.);
#820=ORIENTED_EDGE('',*,*,#2030,.T.);
#821=ORIENTED_EDGE('',*,*,#1748,.F.);
#822=ORIENTED_EDGE('',*,*,#1754,.F.);
#823=ORIENTED_EDGE('',*,*,#1750,.F.);
#824=ORIENTED_EDGE('',*,*,#1766,.F.);
#825=ORIENTED_EDGE('',*,*,#1763,.F.);
#826=ORIENTED_EDGE('',*,*,#1760,.F.);
#827=ORIENTED_EDGE('',*,*,#1757,.F.);
#828=ORIENTED_EDGE('',*,*,#1787,.T.);
#829=ORIENTED_EDGE('',*,*,#2028,.T.);
#830=ORIENTED_EDGE('',*,*,#2031,.T.);
#831=ORIENTED_EDGE('',*,*,#2029,.F.);
#832=ORIENTED_EDGE('',*,*,#1749,.T.);
#833=ORIENTED_EDGE('',*,*,#2030,.F.);
#834=ORIENTED_EDGE('',*,*,#2031,.F.);
#835=ORIENTED_EDGE('',*,*,#2027,.T.);
#836=ORIENTED_EDGE('',*,*,#2032,.F.);
#837=ORIENTED_EDGE('',*,*,#2033,.F.);
#838=ORIENTED_EDGE('',*,*,#2034,.F.);
#839=ORIENTED_EDGE('',*,*,#2035,.F.);
#840=ORIENTED_EDGE('',*,*,#2036,.F.);
#841=ORIENTED_EDGE('',*,*,#2037,.F.);
#842=ORIENTED_EDGE('',*,*,#1737,.F.);
#843=ORIENTED_EDGE('',*,*,#1852,.F.);
#844=ORIENTED_EDGE('',*,*,#2038,.T.);
#845=ORIENTED_EDGE('',*,*,#2039,.T.);
#846=ORIENTED_EDGE('',*,*,#1738,.T.);
#847=ORIENTED_EDGE('',*,*,#2039,.F.);
#848=ORIENTED_EDGE('',*,*,#2040,.F.);
#849=ORIENTED_EDGE('',*,*,#1923,.T.);
#850=ORIENTED_EDGE('',*,*,#2038,.F.);
#851=ORIENTED_EDGE('',*,*,#1851,.F.);
#852=ORIENTED_EDGE('',*,*,#1924,.T.);
#853=ORIENTED_EDGE('',*,*,#2040,.T.);
#854=ORIENTED_EDGE('',*,*,#2041,.T.);
#855=ORIENTED_EDGE('',*,*,#2042,.T.);
#856=ORIENTED_EDGE('',*,*,#2043,.T.);
#857=ORIENTED_EDGE('',*,*,#2044,.T.);
#858=ORIENTED_EDGE('',*,*,#2045,.T.);
#859=ORIENTED_EDGE('',*,*,#2046,.T.);
#860=ORIENTED_EDGE('',*,*,#1732,.T.);
#861=ORIENTED_EDGE('',*,*,#2047,.F.);
#862=ORIENTED_EDGE('',*,*,#2048,.F.);
#863=ORIENTED_EDGE('',*,*,#1858,.T.);
#864=ORIENTED_EDGE('',*,*,#1731,.F.);
#865=ORIENTED_EDGE('',*,*,#2049,.F.);
#866=ORIENTED_EDGE('',*,*,#2050,.T.);
#867=ORIENTED_EDGE('',*,*,#2047,.T.);
#868=ORIENTED_EDGE('',*,*,#2051,.F.);
#869=ORIENTED_EDGE('',*,*,#2052,.F.);
#870=ORIENTED_EDGE('',*,*,#2053,.F.);
#871=ORIENTED_EDGE('',*,*,#2054,.F.);
#872=ORIENTED_EDGE('',*,*,#2055,.F.);
#873=ORIENTED_EDGE('',*,*,#2056,.F.);
#874=ORIENTED_EDGE('',*,*,#1936,.F.);
#875=ORIENTED_EDGE('',*,*,#1860,.F.);
#876=ORIENTED_EDGE('',*,*,#2057,.T.);
#877=ORIENTED_EDGE('',*,*,#2049,.T.);
#878=ORIENTED_EDGE('',*,*,#1859,.F.);
#879=ORIENTED_EDGE('',*,*,#2048,.T.);
#880=ORIENTED_EDGE('',*,*,#2050,.F.);
#881=ORIENTED_EDGE('',*,*,#2057,.F.);
#882=ORIENTED_EDGE('',*,*,#2058,.T.);
#883=ORIENTED_EDGE('',*,*,#2051,.T.);
#884=ORIENTED_EDGE('',*,*,#2059,.F.);
#885=ORIENTED_EDGE('',*,*,#2042,.F.);
#886=ORIENTED_EDGE('',*,*,#2059,.T.);
#887=ORIENTED_EDGE('',*,*,#2056,.T.);
#888=ORIENTED_EDGE('',*,*,#2060,.F.);
#889=ORIENTED_EDGE('',*,*,#2043,.F.);
#890=ORIENTED_EDGE('',*,*,#2060,.T.);
#891=ORIENTED_EDGE('',*,*,#2055,.T.);
#892=ORIENTED_EDGE('',*,*,#2061,.F.);
#893=ORIENTED_EDGE('',*,*,#2044,.F.);
#894=ORIENTED_EDGE('',*,*,#2061,.T.);
#895=ORIENTED_EDGE('',*,*,#2054,.T.);
#896=ORIENTED_EDGE('',*,*,#2062,.F.);
#897=ORIENTED_EDGE('',*,*,#2045,.F.);
#898=ORIENTED_EDGE('',*,*,#2062,.T.);
#899=ORIENTED_EDGE('',*,*,#2053,.T.);
#900=ORIENTED_EDGE('',*,*,#2063,.F.);
#901=ORIENTED_EDGE('',*,*,#2046,.F.);
#902=ORIENTED_EDGE('',*,*,#2063,.T.);
#903=ORIENTED_EDGE('',*,*,#2052,.T.);
#904=ORIENTED_EDGE('',*,*,#2058,.F.);
#905=ORIENTED_EDGE('',*,*,#2041,.F.);
#906=ORIENTED_EDGE('',*,*,#2032,.T.);
#907=ORIENTED_EDGE('',*,*,#2064,.T.);
#908=ORIENTED_EDGE('',*,*,#1917,.T.);
#909=ORIENTED_EDGE('',*,*,#2065,.F.);
#910=ORIENTED_EDGE('',*,*,#2033,.T.);
#911=ORIENTED_EDGE('',*,*,#2065,.T.);
#912=ORIENTED_EDGE('',*,*,#1922,.T.);
#913=ORIENTED_EDGE('',*,*,#2066,.F.);
#914=ORIENTED_EDGE('',*,*,#2034,.T.);
#915=ORIENTED_EDGE('',*,*,#2066,.T.);
#916=ORIENTED_EDGE('',*,*,#1921,.T.);
#917=ORIENTED_EDGE('',*,*,#2067,.F.);
#918=ORIENTED_EDGE('',*,*,#2035,.T.);
#919=ORIENTED_EDGE('',*,*,#2067,.T.);
#920=ORIENTED_EDGE('',*,*,#1920,.T.);
#921=ORIENTED_EDGE('',*,*,#2068,.F.);
#922=ORIENTED_EDGE('',*,*,#2036,.T.);
#923=ORIENTED_EDGE('',*,*,#2068,.T.);
#924=ORIENTED_EDGE('',*,*,#1919,.T.);
#925=ORIENTED_EDGE('',*,*,#2069,.F.);
#926=ORIENTED_EDGE('',*,*,#2037,.T.);
#927=ORIENTED_EDGE('',*,*,#2069,.T.);
#928=ORIENTED_EDGE('',*,*,#1918,.T.);
#929=ORIENTED_EDGE('',*,*,#2064,.F.);
#930=ORIENTED_EDGE('',*,*,#2070,.F.);
#931=ORIENTED_EDGE('',*,*,#2071,.T.);
#932=ORIENTED_EDGE('',*,*,#2072,.T.);
#933=ORIENTED_EDGE('',*,*,#2073,.T.);
#934=ORIENTED_EDGE('',*,*,#2074,.T.);
#935=ORIENTED_EDGE('',*,*,#2075,.T.);
#936=ORIENTED_EDGE('',*,*,#2076,.T.);
#937=ORIENTED_EDGE('',*,*,#2077,.T.);
#938=ORIENTED_EDGE('',*,*,#2078,.T.);
#939=ORIENTED_EDGE('',*,*,#2079,.T.);
#940=ORIENTED_EDGE('',*,*,#2080,.T.);
#941=ORIENTED_EDGE('',*,*,#2081,.T.);
#942=ORIENTED_EDGE('',*,*,#2082,.T.);
#943=ORIENTED_EDGE('',*,*,#2083,.F.);
#944=ORIENTED_EDGE('',*,*,#2084,.T.);
#945=ORIENTED_EDGE('',*,*,#2085,.F.);
#946=ORIENTED_EDGE('',*,*,#2086,.T.);
#947=ORIENTED_EDGE('',*,*,#2087,.F.);
#948=ORIENTED_EDGE('',*,*,#2088,.T.);
#949=ORIENTED_EDGE('',*,*,#2089,.T.);
#950=ORIENTED_EDGE('',*,*,#2090,.F.);
#951=ORIENTED_EDGE('',*,*,#2091,.T.);
#952=ORIENTED_EDGE('',*,*,#2092,.T.);
#953=ORIENTED_EDGE('',*,*,#2093,.T.);
#954=ORIENTED_EDGE('',*,*,#2094,.T.);
#955=ORIENTED_EDGE('',*,*,#2095,.T.);
#956=ORIENTED_EDGE('',*,*,#2086,.F.);
#957=ORIENTED_EDGE('',*,*,#2084,.F.);
#958=ORIENTED_EDGE('',*,*,#2082,.F.);
#959=ORIENTED_EDGE('',*,*,#2087,.T.);
#960=ORIENTED_EDGE('',*,*,#2085,.T.);
#961=ORIENTED_EDGE('',*,*,#2083,.T.);
#962=ORIENTED_EDGE('',*,*,#2090,.T.);
#963=ORIENTED_EDGE('',*,*,#2096,.T.);
#964=ORIENTED_EDGE('',*,*,#2078,.F.);
#965=ORIENTED_EDGE('',*,*,#2097,.T.);
#966=ORIENTED_EDGE('',*,*,#2074,.F.);
#967=ORIENTED_EDGE('',*,*,#2098,.T.);
#968=ORIENTED_EDGE('',*,*,#2070,.T.);
#969=ORIENTED_EDGE('',*,*,#2099,.T.);
#970=ORIENTED_EDGE('',*,*,#2100,.F.);
#971=ORIENTED_EDGE('',*,*,#2071,.F.);
#972=ORIENTED_EDGE('',*,*,#2098,.F.);
#973=ORIENTED_EDGE('',*,*,#2077,.F.);
#974=ORIENTED_EDGE('',*,*,#2101,.F.);
#975=ORIENTED_EDGE('',*,*,#2100,.T.);
#976=ORIENTED_EDGE('',*,*,#2102,.F.);
#977=ORIENTED_EDGE('',*,*,#2097,.F.);
#978=ORIENTED_EDGE('',*,*,#2081,.F.);
#979=ORIENTED_EDGE('',*,*,#2103,.F.);
#980=ORIENTED_EDGE('',*,*,#2075,.F.);
#981=ORIENTED_EDGE('',*,*,#2102,.T.);
#982=ORIENTED_EDGE('',*,*,#2076,.F.);
#983=ORIENTED_EDGE('',*,*,#2104,.F.);
#984=ORIENTED_EDGE('',*,*,#2093,.F.);
#985=ORIENTED_EDGE('',*,*,#2101,.T.);
#986=ORIENTED_EDGE('',*,*,#2092,.F.);
#987=ORIENTED_EDGE('',*,*,#2105,.F.);
#988=ORIENTED_EDGE('',*,*,#2072,.F.);
#989=ORIENTED_EDGE('',*,*,#2099,.F.);
#990=ORIENTED_EDGE('',*,*,#2073,.F.);
#991=ORIENTED_EDGE('',*,*,#2106,.F.);
#992=ORIENTED_EDGE('',*,*,#2091,.F.);
#993=ORIENTED_EDGE('',*,*,#2104,.T.);
#994=ORIENTED_EDGE('',*,*,#2103,.T.);
#995=ORIENTED_EDGE('',*,*,#2107,.F.);
#996=ORIENTED_EDGE('',*,*,#2106,.T.);
#997=ORIENTED_EDGE('',*,*,#2105,.T.);
#998=ORIENTED_EDGE('',*,*,#2108,.F.);
#999=ORIENTED_EDGE('',*,*,#2107,.T.);
#1000=ORIENTED_EDGE('',*,*,#2080,.F.);
#1001=ORIENTED_EDGE('',*,*,#2109,.F.);
#1002=ORIENTED_EDGE('',*,*,#2094,.F.);
#1003=ORIENTED_EDGE('',*,*,#2108,.T.);
#1004=ORIENTED_EDGE('',*,*,#2095,.F.);
#1005=ORIENTED_EDGE('',*,*,#2110,.F.);
#1006=ORIENTED_EDGE('',*,*,#2088,.F.);
#1007=ORIENTED_EDGE('',*,*,#2110,.T.);
#1008=ORIENTED_EDGE('',*,*,#2109,.T.);
#1009=ORIENTED_EDGE('',*,*,#2111,.F.);
#1010=ORIENTED_EDGE('',*,*,#2111,.T.);
#1011=ORIENTED_EDGE('',*,*,#2079,.F.);
#1012=ORIENTED_EDGE('',*,*,#2096,.F.);
#1013=ORIENTED_EDGE('',*,*,#2089,.F.);
#1014=ORIENTED_EDGE('',*,*,#2112,.F.);
#1015=ORIENTED_EDGE('',*,*,#2113,.F.);
#1016=ORIENTED_EDGE('',*,*,#2114,.T.);
#1017=ORIENTED_EDGE('',*,*,#2115,.T.);
#1018=ORIENTED_EDGE('',*,*,#2116,.T.);
#1019=ORIENTED_EDGE('',*,*,#2117,.F.);
#1020=ORIENTED_EDGE('',*,*,#2118,.F.);
#1021=ORIENTED_EDGE('',*,*,#2113,.T.);
#1022=ORIENTED_EDGE('',*,*,#2119,.T.);
#1023=ORIENTED_EDGE('',*,*,#2120,.F.);
#1024=ORIENTED_EDGE('',*,*,#2121,.F.);
#1025=ORIENTED_EDGE('',*,*,#2117,.T.);
#1026=ORIENTED_EDGE('',*,*,#2122,.F.);
#1027=ORIENTED_EDGE('',*,*,#2115,.F.);
#1028=ORIENTED_EDGE('',*,*,#2123,.T.);
#1029=ORIENTED_EDGE('',*,*,#2120,.T.);
#1030=ORIENTED_EDGE('',*,*,#2114,.F.);
#1031=ORIENTED_EDGE('',*,*,#2118,.T.);
#1032=ORIENTED_EDGE('',*,*,#2121,.T.);
#1033=ORIENTED_EDGE('',*,*,#2123,.F.);
#1034=ORIENTED_EDGE('',*,*,#2112,.T.);
#1035=ORIENTED_EDGE('',*,*,#2122,.T.);
#1036=ORIENTED_EDGE('',*,*,#2119,.F.);
#1037=ORIENTED_EDGE('',*,*,#2116,.F.);
#1038=ORIENTED_EDGE('',*,*,#2124,.T.);
#1039=ORIENTED_EDGE('',*,*,#2125,.T.);
#1040=ORIENTED_EDGE('',*,*,#2126,.T.);
#1041=ORIENTED_EDGE('',*,*,#2127,.T.);
#1042=ORIENTED_EDGE('',*,*,#2128,.T.);
#1043=ORIENTED_EDGE('',*,*,#2129,.T.);
#1044=ORIENTED_EDGE('',*,*,#2130,.F.);
#1045=ORIENTED_EDGE('',*,*,#2131,.T.);
#1046=ORIENTED_EDGE('',*,*,#2132,.T.);
#1047=ORIENTED_EDGE('',*,*,#2133,.T.);
#1048=ORIENTED_EDGE('',*,*,#2134,.F.);
#1049=ORIENTED_EDGE('',*,*,#2135,.T.);
#1050=ORIENTED_EDGE('',*,*,#2136,.T.);
#1051=ORIENTED_EDGE('',*,*,#2137,.T.);
#1052=ORIENTED_EDGE('',*,*,#2138,.T.);
#1053=ORIENTED_EDGE('',*,*,#2139,.T.);
#1054=ORIENTED_EDGE('',*,*,#2140,.F.);
#1055=ORIENTED_EDGE('',*,*,#2141,.F.);
#1056=ORIENTED_EDGE('',*,*,#2142,.F.);
#1057=ORIENTED_EDGE('',*,*,#2143,.F.);
#1058=ORIENTED_EDGE('',*,*,#2134,.T.);
#1059=ORIENTED_EDGE('',*,*,#2144,.T.);
#1060=ORIENTED_EDGE('',*,*,#2136,.F.);
#1061=ORIENTED_EDGE('',*,*,#2145,.T.);
#1062=ORIENTED_EDGE('',*,*,#2124,.F.);
#1063=ORIENTED_EDGE('',*,*,#2146,.T.);
#1064=ORIENTED_EDGE('',*,*,#2130,.T.);
#1065=ORIENTED_EDGE('',*,*,#2147,.T.);
#1066=ORIENTED_EDGE('',*,*,#2148,.T.);
#1067=ORIENTED_EDGE('',*,*,#2149,.T.);
#1068=ORIENTED_EDGE('',*,*,#2150,.T.);
#1069=ORIENTED_EDGE('',*,*,#2151,.T.);
#1070=ORIENTED_EDGE('',*,*,#2152,.T.);
#1071=ORIENTED_EDGE('',*,*,#2153,.T.);
#1072=ORIENTED_EDGE('',*,*,#2154,.T.);
#1073=ORIENTED_EDGE('',*,*,#2155,.T.);
#1074=ORIENTED_EDGE('',*,*,#2143,.T.);
#1075=ORIENTED_EDGE('',*,*,#2155,.F.);
#1076=ORIENTED_EDGE('',*,*,#2142,.T.);
#1077=ORIENTED_EDGE('',*,*,#2154,.F.);
#1078=ORIENTED_EDGE('',*,*,#2141,.T.);
#1079=ORIENTED_EDGE('',*,*,#2153,.F.);
#1080=ORIENTED_EDGE('',*,*,#2140,.T.);
#1081=ORIENTED_EDGE('',*,*,#2152,.F.);
#1082=ORIENTED_EDGE('',*,*,#2156,.F.);
#1083=ORIENTED_EDGE('',*,*,#2131,.F.);
#1084=ORIENTED_EDGE('',*,*,#2146,.F.);
#1085=ORIENTED_EDGE('',*,*,#2127,.F.);
#1086=ORIENTED_EDGE('',*,*,#2157,.F.);
#1087=ORIENTED_EDGE('',*,*,#2156,.T.);
#1088=ORIENTED_EDGE('',*,*,#2158,.F.);
#1089=ORIENTED_EDGE('',*,*,#2145,.F.);
#1090=ORIENTED_EDGE('',*,*,#2139,.F.);
#1091=ORIENTED_EDGE('',*,*,#2159,.F.);
#1092=ORIENTED_EDGE('',*,*,#2125,.F.);
#1093=ORIENTED_EDGE('',*,*,#2158,.T.);
#1094=ORIENTED_EDGE('',*,*,#2126,.F.);
#1095=ORIENTED_EDGE('',*,*,#2160,.F.);
#1096=ORIENTED_EDGE('',*,*,#2151,.F.);
#1097=ORIENTED_EDGE('',*,*,#2157,.T.);
#1098=ORIENTED_EDGE('',*,*,#2150,.F.);
#1099=ORIENTED_EDGE('',*,*,#2161,.F.);
#1100=ORIENTED_EDGE('',*,*,#2128,.F.);
#1101=ORIENTED_EDGE('',*,*,#2147,.F.);
#1102=ORIENTED_EDGE('',*,*,#2129,.F.);
#1103=ORIENTED_EDGE('',*,*,#2162,.F.);
#1104=ORIENTED_EDGE('',*,*,#2135,.F.);
#1105=ORIENTED_EDGE('',*,*,#2160,.T.);
#1106=ORIENTED_EDGE('',*,*,#2159,.T.);
#1107=ORIENTED_EDGE('',*,*,#2163,.F.);
#1108=ORIENTED_EDGE('',*,*,#2162,.T.);
#1109=ORIENTED_EDGE('',*,*,#2161,.T.);
#1110=ORIENTED_EDGE('',*,*,#2164,.F.);
#1111=ORIENTED_EDGE('',*,*,#2163,.T.);
#1112=ORIENTED_EDGE('',*,*,#2138,.F.);
#1113=ORIENTED_EDGE('',*,*,#2165,.F.);
#1114=ORIENTED_EDGE('',*,*,#2148,.F.);
#1115=ORIENTED_EDGE('',*,*,#2164,.T.);
#1116=ORIENTED_EDGE('',*,*,#2149,.F.);
#1117=ORIENTED_EDGE('',*,*,#2166,.F.);
#1118=ORIENTED_EDGE('',*,*,#2132,.F.);
#1119=ORIENTED_EDGE('',*,*,#2166,.T.);
#1120=ORIENTED_EDGE('',*,*,#2165,.T.);
#1121=ORIENTED_EDGE('',*,*,#2167,.F.);
#1122=ORIENTED_EDGE('',*,*,#2144,.F.);
#1123=ORIENTED_EDGE('',*,*,#2133,.F.);
#1124=ORIENTED_EDGE('',*,*,#2167,.T.);
#1125=ORIENTED_EDGE('',*,*,#2137,.F.);
#1126=ORIENTED_EDGE('',*,*,#2168,.T.);
#1127=ORIENTED_EDGE('',*,*,#2169,.T.);
#1128=ORIENTED_EDGE('',*,*,#2170,.F.);
#1129=ORIENTED_EDGE('',*,*,#2171,.T.);
#1130=ORIENTED_EDGE('',*,*,#2172,.T.);
#1131=ORIENTED_EDGE('',*,*,#2173,.T.);
#1132=ORIENTED_EDGE('',*,*,#2174,.T.);
#1133=ORIENTED_EDGE('',*,*,#2175,.F.);
#1134=ORIENTED_EDGE('',*,*,#2176,.F.);
#1135=ORIENTED_EDGE('',*,*,#2177,.T.);
#1136=ORIENTED_EDGE('',*,*,#2178,.F.);
#1137=ORIENTED_EDGE('',*,*,#2179,.F.);
#1138=ORIENTED_EDGE('',*,*,#2180,.T.);
#1139=ORIENTED_EDGE('',*,*,#2181,.T.);
#1140=ORIENTED_EDGE('',*,*,#2182,.T.);
#1141=ORIENTED_EDGE('',*,*,#2183,.T.);
#1142=ORIENTED_EDGE('',*,*,#2184,.T.);
#1143=ORIENTED_EDGE('',*,*,#2185,.T.);
#1144=ORIENTED_EDGE('',*,*,#2186,.T.);
#1145=ORIENTED_EDGE('',*,*,#2187,.T.);
#1146=ORIENTED_EDGE('',*,*,#2188,.T.);
#1147=ORIENTED_EDGE('',*,*,#2189,.T.);
#1148=ORIENTED_EDGE('',*,*,#2190,.T.);
#1149=ORIENTED_EDGE('',*,*,#2191,.T.);
#1150=ORIENTED_EDGE('',*,*,#2192,.F.);
#1151=ORIENTED_EDGE('',*,*,#2193,.T.);
#1152=ORIENTED_EDGE('',*,*,#2194,.F.);
#1153=ORIENTED_EDGE('',*,*,#2195,.F.);
#1154=ORIENTED_EDGE('',*,*,#2196,.T.);
#1155=ORIENTED_EDGE('',*,*,#2197,.T.);
#1156=ORIENTED_EDGE('',*,*,#2198,.T.);
#1157=ORIENTED_EDGE('',*,*,#2199,.T.);
#1158=ORIENTED_EDGE('',*,*,#2200,.T.);
#1159=ORIENTED_EDGE('',*,*,#2201,.T.);
#1160=ORIENTED_EDGE('',*,*,#2202,.F.);
#1161=ORIENTED_EDGE('',*,*,#2203,.T.);
#1162=ORIENTED_EDGE('',*,*,#2204,.F.);
#1163=ORIENTED_EDGE('',*,*,#2205,.T.);
#1164=ORIENTED_EDGE('',*,*,#2206,.T.);
#1165=ORIENTED_EDGE('',*,*,#2207,.T.);
#1166=ORIENTED_EDGE('',*,*,#2208,.T.);
#1167=ORIENTED_EDGE('',*,*,#2209,.T.);
#1168=ORIENTED_EDGE('',*,*,#2210,.T.);
#1169=ORIENTED_EDGE('',*,*,#2211,.F.);
#1170=ORIENTED_EDGE('',*,*,#2212,.T.);
#1171=ORIENTED_EDGE('',*,*,#2213,.F.);
#1172=ORIENTED_EDGE('',*,*,#2214,.T.);
#1173=ORIENTED_EDGE('',*,*,#2215,.T.);
#1174=ORIENTED_EDGE('',*,*,#2216,.T.);
#1175=ORIENTED_EDGE('',*,*,#2217,.F.);
#1176=ORIENTED_EDGE('',*,*,#2218,.F.);
#1177=ORIENTED_EDGE('',*,*,#2219,.T.);
#1178=ORIENTED_EDGE('',*,*,#2220,.T.);
#1179=ORIENTED_EDGE('',*,*,#2221,.F.);
#1180=ORIENTED_EDGE('',*,*,#2207,.F.);
#1181=ORIENTED_EDGE('',*,*,#2222,.T.);
#1182=ORIENTED_EDGE('',*,*,#2189,.F.);
#1183=ORIENTED_EDGE('',*,*,#2223,.T.);
#1184=ORIENTED_EDGE('',*,*,#2220,.F.);
#1185=ORIENTED_EDGE('',*,*,#2224,.F.);
#1186=ORIENTED_EDGE('',*,*,#2225,.F.);
#1187=ORIENTED_EDGE('',*,*,#2226,.T.);
#1188=ORIENTED_EDGE('',*,*,#2205,.F.);
#1189=ORIENTED_EDGE('',*,*,#2227,.T.);
#1190=ORIENTED_EDGE('',*,*,#2187,.F.);
#1191=ORIENTED_EDGE('',*,*,#2228,.T.);
#1192=ORIENTED_EDGE('',*,*,#2196,.F.);
#1193=ORIENTED_EDGE('',*,*,#2229,.T.);
#1194=ORIENTED_EDGE('',*,*,#2198,.F.);
#1195=ORIENTED_EDGE('',*,*,#2230,.T.);
#1196=ORIENTED_EDGE('',*,*,#2231,.F.);
#1197=ORIENTED_EDGE('',*,*,#2232,.F.);
#1198=ORIENTED_EDGE('',*,*,#2214,.F.);
#1199=ORIENTED_EDGE('',*,*,#2233,.T.);
#1200=ORIENTED_EDGE('',*,*,#2234,.F.);
#1201=ORIENTED_EDGE('',*,*,#2235,.F.);
#1202=ORIENTED_EDGE('',*,*,#2236,.F.);
#1203=ORIENTED_EDGE('',*,*,#2237,.F.);
#1204=ORIENTED_EDGE('',*,*,#2238,.F.);
#1205=ORIENTED_EDGE('',*,*,#2239,.F.);
#1206=ORIENTED_EDGE('',*,*,#2181,.F.);
#1207=ORIENTED_EDGE('',*,*,#2240,.T.);
#1208=ORIENTED_EDGE('',*,*,#2218,.T.);
#1209=ORIENTED_EDGE('',*,*,#2241,.T.);
#1210=ORIENTED_EDGE('',*,*,#2242,.F.);
#1211=ORIENTED_EDGE('',*,*,#2243,.T.);
#1212=ORIENTED_EDGE('',*,*,#2216,.F.);
#1213=ORIENTED_EDGE('',*,*,#2244,.T.);
#1214=ORIENTED_EDGE('',*,*,#2170,.T.);
#1215=ORIENTED_EDGE('',*,*,#2245,.T.);
#1216=ORIENTED_EDGE('',*,*,#2246,.T.);
#1217=ORIENTED_EDGE('',*,*,#2172,.F.);
#1218=ORIENTED_EDGE('',*,*,#2247,.F.);
#1219=ORIENTED_EDGE('',*,*,#2179,.T.);
#1220=ORIENTED_EDGE('',*,*,#2248,.T.);
#1221=ORIENTED_EDGE('',*,*,#2194,.T.);
#1222=ORIENTED_EDGE('',*,*,#2249,.T.);
#1223=ORIENTED_EDGE('',*,*,#2182,.F.);
#1224=ORIENTED_EDGE('',*,*,#2250,.F.);
#1225=ORIENTED_EDGE('',*,*,#2251,.F.);
#1226=ORIENTED_EDGE('',*,*,#2252,.F.);
#1227=ORIENTED_EDGE('',*,*,#2253,.T.);
#1228=ORIENTED_EDGE('',*,*,#2254,.T.);
#1229=ORIENTED_EDGE('',*,*,#2255,.T.);
#1230=ORIENTED_EDGE('',*,*,#2256,.T.);
#1231=ORIENTED_EDGE('',*,*,#2256,.F.);
#1232=ORIENTED_EDGE('',*,*,#2257,.T.);
#1233=ORIENTED_EDGE('',*,*,#2253,.F.);
#1234=ORIENTED_EDGE('',*,*,#2258,.F.);
#1235=ORIENTED_EDGE('',*,*,#2248,.F.);
#1236=ORIENTED_EDGE('',*,*,#2259,.F.);
#1237=ORIENTED_EDGE('',*,*,#2260,.F.);
#1238=ORIENTED_EDGE('',*,*,#2254,.F.);
#1239=ORIENTED_EDGE('',*,*,#2259,.T.);
#1240=ORIENTED_EDGE('',*,*,#2178,.T.);
#1241=ORIENTED_EDGE('',*,*,#2261,.F.);
#1242=ORIENTED_EDGE('',*,*,#2173,.F.);
#1243=ORIENTED_EDGE('',*,*,#2258,.T.);
#1244=ORIENTED_EDGE('',*,*,#2252,.T.);
#1245=ORIENTED_EDGE('',*,*,#2262,.F.);
#1246=ORIENTED_EDGE('',*,*,#2263,.F.);
#1247=ORIENTED_EDGE('',*,*,#2264,.T.);
#1248=ORIENTED_EDGE('',*,*,#2208,.F.);
#1249=ORIENTED_EDGE('',*,*,#2223,.F.);
#1250=ORIENTED_EDGE('',*,*,#2195,.T.);
#1251=ORIENTED_EDGE('',*,*,#2250,.T.);
#1252=ORIENTED_EDGE('',*,*,#2188,.F.);
#1253=ORIENTED_EDGE('',*,*,#2229,.F.);
#1254=ORIENTED_EDGE('',*,*,#2203,.F.);
#1255=ORIENTED_EDGE('',*,*,#2265,.F.);
#1256=ORIENTED_EDGE('',*,*,#2266,.F.);
#1257=ORIENTED_EDGE('',*,*,#2267,.T.);
#1258=ORIENTED_EDGE('',*,*,#2199,.F.);
#1259=ORIENTED_EDGE('',*,*,#2233,.F.);
#1260=ORIENTED_EDGE('',*,*,#2217,.T.);
#1261=ORIENTED_EDGE('',*,*,#2246,.F.);
#1262=ORIENTED_EDGE('',*,*,#2268,.F.);
#1263=ORIENTED_EDGE('',*,*,#2269,.F.);
#1264=ORIENTED_EDGE('',*,*,#2270,.T.);
#1265=ORIENTED_EDGE('',*,*,#2174,.F.);
#1266=ORIENTED_EDGE('',*,*,#2261,.T.);
#1267=ORIENTED_EDGE('',*,*,#2251,.T.);
#1268=ORIENTED_EDGE('',*,*,#2257,.F.);
#1269=ORIENTED_EDGE('',*,*,#2255,.F.);
#1270=ORIENTED_EDGE('',*,*,#2260,.T.);
#1271=ORIENTED_EDGE('',*,*,#2177,.F.);
#1272=ORIENTED_EDGE('',*,*,#2271,.F.);
#1273=ORIENTED_EDGE('',*,*,#2272,.F.);
#1274=ORIENTED_EDGE('',*,*,#2241,.F.);
#1275=ORIENTED_EDGE('',*,*,#2221,.T.);
#1276=ORIENTED_EDGE('',*,*,#2227,.F.);
#1277=ORIENTED_EDGE('',*,*,#2212,.F.);
#1278=ORIENTED_EDGE('',*,*,#2273,.T.);
#1279=ORIENTED_EDGE('',*,*,#2274,.T.);
#1280=ORIENTED_EDGE('',*,*,#2275,.F.);
#1281=ORIENTED_EDGE('',*,*,#2276,.F.);
#1282=ORIENTED_EDGE('',*,*,#2277,.T.);
#1283=ORIENTED_EDGE('',*,*,#2278,.T.);
#1284=ORIENTED_EDGE('',*,*,#2279,.F.);
#1285=ORIENTED_EDGE('',*,*,#2280,.F.);
#1286=ORIENTED_EDGE('',*,*,#2281,.T.);
#1287=ORIENTED_EDGE('',*,*,#2282,.F.);
#1288=ORIENTED_EDGE('',*,*,#2283,.F.);
#1289=ORIENTED_EDGE('',*,*,#2284,.F.);
#1290=ORIENTED_EDGE('',*,*,#2285,.F.);
#1291=ORIENTED_EDGE('',*,*,#2286,.F.);
#1292=ORIENTED_EDGE('',*,*,#2287,.T.);
#1293=ORIENTED_EDGE('',*,*,#2288,.T.);
#1294=ORIENTED_EDGE('',*,*,#2289,.F.);
#1295=ORIENTED_EDGE('',*,*,#2290,.T.);
#1296=ORIENTED_EDGE('',*,*,#2291,.T.);
#1297=ORIENTED_EDGE('',*,*,#2292,.T.);
#1298=ORIENTED_EDGE('',*,*,#2293,.T.);
#1299=ORIENTED_EDGE('',*,*,#2294,.T.);
#1300=ORIENTED_EDGE('',*,*,#2295,.T.);
#1301=ORIENTED_EDGE('',*,*,#2282,.T.);
#1302=ORIENTED_EDGE('',*,*,#2296,.T.);
#1303=ORIENTED_EDGE('',*,*,#2297,.T.);
#1304=ORIENTED_EDGE('',*,*,#2298,.T.);
#1305=ORIENTED_EDGE('',*,*,#2299,.T.);
#1306=ORIENTED_EDGE('',*,*,#2300,.T.);
#1307=ORIENTED_EDGE('',*,*,#2301,.T.);
#1308=ORIENTED_EDGE('',*,*,#2302,.T.);
#1309=ORIENTED_EDGE('',*,*,#2303,.T.);
#1310=ORIENTED_EDGE('',*,*,#2304,.T.);
#1311=ORIENTED_EDGE('',*,*,#2305,.F.);
#1312=ORIENTED_EDGE('',*,*,#2306,.T.);
#1313=ORIENTED_EDGE('',*,*,#2307,.F.);
#1314=ORIENTED_EDGE('',*,*,#2308,.T.);
#1315=ORIENTED_EDGE('',*,*,#2309,.F.);
#1316=ORIENTED_EDGE('',*,*,#2310,.F.);
#1317=ORIENTED_EDGE('',*,*,#2311,.T.);
#1318=ORIENTED_EDGE('',*,*,#2303,.F.);
#1319=ORIENTED_EDGE('',*,*,#2312,.F.);
#1320=ORIENTED_EDGE('',*,*,#2313,.T.);
#1321=ORIENTED_EDGE('',*,*,#2311,.F.);
#1322=ORIENTED_EDGE('',*,*,#2314,.F.);
#1323=ORIENTED_EDGE('',*,*,#2315,.F.);
#1324=ORIENTED_EDGE('',*,*,#2304,.F.);
#1325=ORIENTED_EDGE('',*,*,#2305,.T.);
#1326=ORIENTED_EDGE('',*,*,#2315,.T.);
#1327=ORIENTED_EDGE('',*,*,#2316,.F.);
#1328=ORIENTED_EDGE('',*,*,#2317,.T.);
#1329=ORIENTED_EDGE('',*,*,#2318,.F.);
#1330=ORIENTED_EDGE('',*,*,#2319,.F.);
#1331=ORIENTED_EDGE('',*,*,#2306,.F.);
#1332=ORIENTED_EDGE('',*,*,#2317,.F.);
#1333=ORIENTED_EDGE('',*,*,#2307,.T.);
#1334=ORIENTED_EDGE('',*,*,#2319,.T.);
#1335=ORIENTED_EDGE('',*,*,#2320,.F.);
#1336=ORIENTED_EDGE('',*,*,#2321,.T.);
#1337=ORIENTED_EDGE('',*,*,#2322,.F.);
#1338=ORIENTED_EDGE('',*,*,#2323,.F.);
#1339=ORIENTED_EDGE('',*,*,#2308,.F.);
#1340=ORIENTED_EDGE('',*,*,#2321,.F.);
#1341=ORIENTED_EDGE('',*,*,#2309,.T.);
#1342=ORIENTED_EDGE('',*,*,#2323,.T.);
#1343=ORIENTED_EDGE('',*,*,#2324,.F.);
#1344=ORIENTED_EDGE('',*,*,#2325,.T.);
#1345=ORIENTED_EDGE('',*,*,#2326,.F.);
#1346=ORIENTED_EDGE('',*,*,#2327,.T.);
#1347=ORIENTED_EDGE('',*,*,#2300,.F.);
#1348=ORIENTED_EDGE('',*,*,#2325,.F.);
#1349=ORIENTED_EDGE('',*,*,#2327,.F.);
#1350=ORIENTED_EDGE('',*,*,#2328,.F.);
#1351=ORIENTED_EDGE('',*,*,#2329,.T.);
#1352=ORIENTED_EDGE('',*,*,#2330,.F.);
#1353=ORIENTED_EDGE('',*,*,#2301,.F.);
#1354=ORIENTED_EDGE('',*,*,#2330,.T.);
#1355=ORIENTED_EDGE('',*,*,#2331,.T.);
#1356=ORIENTED_EDGE('',*,*,#2312,.T.);
#1357=ORIENTED_EDGE('',*,*,#2302,.F.);
#1358=ORIENTED_EDGE('',*,*,#2332,.F.);
#1359=ORIENTED_EDGE('',*,*,#2333,.F.);
#1360=ORIENTED_EDGE('',*,*,#2290,.F.);
#1361=ORIENTED_EDGE('',*,*,#2334,.F.);
#1362=ORIENTED_EDGE('',*,*,#2288,.F.);
#1363=ORIENTED_EDGE('',*,*,#2335,.F.);
#1364=ORIENTED_EDGE('',*,*,#2336,.F.);
#1365=ORIENTED_EDGE('',*,*,#2337,.F.);
#1366=ORIENTED_EDGE('',*,*,#2289,.T.);
#1367=ORIENTED_EDGE('',*,*,#2337,.T.);
#1368=ORIENTED_EDGE('',*,*,#2338,.F.);
#1369=ORIENTED_EDGE('',*,*,#2334,.T.);
#1370=ORIENTED_EDGE('',*,*,#2339,.F.);
#1371=ORIENTED_EDGE('',*,*,#2299,.F.);
#1372=ORIENTED_EDGE('',*,*,#2340,.F.);
#1373=ORIENTED_EDGE('',*,*,#2186,.F.);
#1374=ORIENTED_EDGE('',*,*,#2341,.F.);
#1375=ORIENTED_EDGE('',*,*,#2335,.T.);
#1376=ORIENTED_EDGE('',*,*,#2287,.F.);
#1377=ORIENTED_EDGE('',*,*,#2339,.T.);
#1378=ORIENTED_EDGE('',*,*,#2185,.F.);
#1379=ORIENTED_EDGE('',*,*,#2291,.F.);
#1380=ORIENTED_EDGE('',*,*,#2333,.T.);
#1381=ORIENTED_EDGE('',*,*,#2342,.F.);
#1382=ORIENTED_EDGE('',*,*,#2191,.F.);
#1383=ORIENTED_EDGE('',*,*,#2343,.T.);
#1384=ORIENTED_EDGE('',*,*,#2344,.T.);
#1385=ORIENTED_EDGE('',*,*,#2292,.F.);
#1386=ORIENTED_EDGE('',*,*,#2343,.F.);
#1387=ORIENTED_EDGE('',*,*,#2190,.F.);
#1388=ORIENTED_EDGE('',*,*,#2345,.T.);
#1389=ORIENTED_EDGE('',*,*,#2297,.F.);
#1390=ORIENTED_EDGE('',*,*,#2346,.F.);
#1391=ORIENTED_EDGE('',*,*,#2197,.F.);
#1392=ORIENTED_EDGE('',*,*,#2347,.T.);
#1393=ORIENTED_EDGE('',*,*,#2294,.F.);
#1394=ORIENTED_EDGE('',*,*,#2348,.F.);
#1395=ORIENTED_EDGE('',*,*,#2206,.F.);
#1396=ORIENTED_EDGE('',*,*,#2348,.T.);
#1397=ORIENTED_EDGE('',*,*,#2293,.F.);
#1398=ORIENTED_EDGE('',*,*,#2344,.F.);
#1399=ORIENTED_EDGE('',*,*,#2222,.F.);
#1400=ORIENTED_EDGE('',*,*,#2283,.T.);
#1401=ORIENTED_EDGE('',*,*,#2295,.F.);
#1402=ORIENTED_EDGE('',*,*,#2347,.F.);
#1403=ORIENTED_EDGE('',*,*,#2226,.F.);
#1404=ORIENTED_EDGE('',*,*,#2340,.T.);
#1405=ORIENTED_EDGE('',*,*,#2298,.F.);
#1406=ORIENTED_EDGE('',*,*,#2345,.F.);
#1407=ORIENTED_EDGE('',*,*,#2228,.F.);
#1408=ORIENTED_EDGE('',*,*,#2349,.F.);
#1409=ORIENTED_EDGE('',*,*,#2350,.F.);
#1410=ORIENTED_EDGE('',*,*,#2351,.F.);
#1411=ORIENTED_EDGE('',*,*,#2352,.F.);
#1412=ORIENTED_EDGE('',*,*,#2353,.F.);
#1413=ORIENTED_EDGE('',*,*,#2354,.F.);
#1414=ORIENTED_EDGE('',*,*,#2231,.T.);
#1415=ORIENTED_EDGE('',*,*,#2284,.T.);
#1416=ORIENTED_EDGE('',*,*,#2225,.T.);
#1417=ORIENTED_EDGE('',*,*,#2355,.T.);
#1418=ORIENTED_EDGE('',*,*,#2356,.F.);
#1419=ORIENTED_EDGE('',*,*,#2357,.T.);
#1420=ORIENTED_EDGE('',*,*,#2358,.T.);
#1421=ORIENTED_EDGE('',*,*,#2359,.T.);
#1422=ORIENTED_EDGE('',*,*,#2346,.T.);
#1423=ORIENTED_EDGE('',*,*,#2296,.F.);
#1424=ORIENTED_EDGE('',*,*,#2281,.F.);
#1425=ORIENTED_EDGE('',*,*,#2230,.F.);
#1426=ORIENTED_EDGE('',*,*,#2360,.F.);
#1427=ORIENTED_EDGE('',*,*,#2355,.F.);
#1428=ORIENTED_EDGE('',*,*,#2224,.T.);
#1429=ORIENTED_EDGE('',*,*,#2219,.F.);
#1430=ORIENTED_EDGE('',*,*,#2240,.F.);
#1431=ORIENTED_EDGE('',*,*,#2180,.F.);
#1432=ORIENTED_EDGE('',*,*,#2247,.T.);
#1433=ORIENTED_EDGE('',*,*,#2171,.F.);
#1434=ORIENTED_EDGE('',*,*,#2244,.F.);
#1435=ORIENTED_EDGE('',*,*,#2215,.F.);
#1436=ORIENTED_EDGE('',*,*,#2232,.T.);
#1437=ORIENTED_EDGE('',*,*,#2359,.F.);
#1438=ORIENTED_EDGE('',*,*,#2361,.T.);
#1439=ORIENTED_EDGE('',*,*,#2362,.T.);
#1440=ORIENTED_EDGE('',*,*,#2363,.F.);
#1441=ORIENTED_EDGE('',*,*,#2364,.F.);
#1442=ORIENTED_EDGE('',*,*,#2184,.F.);
#1443=ORIENTED_EDGE('',*,*,#2365,.T.);
#1444=ORIENTED_EDGE('',*,*,#2328,.T.);
#1445=ORIENTED_EDGE('',*,*,#2326,.T.);
#1446=ORIENTED_EDGE('',*,*,#2324,.T.);
#1447=ORIENTED_EDGE('',*,*,#2322,.T.);
#1448=ORIENTED_EDGE('',*,*,#2320,.T.);
#1449=ORIENTED_EDGE('',*,*,#2318,.T.);
#1450=ORIENTED_EDGE('',*,*,#2316,.T.);
#1451=ORIENTED_EDGE('',*,*,#2314,.T.);
#1452=ORIENTED_EDGE('',*,*,#2310,.T.);
#1453=ORIENTED_EDGE('',*,*,#2366,.T.);
#1454=ORIENTED_EDGE('',*,*,#2192,.T.);
#1455=ORIENTED_EDGE('',*,*,#2342,.T.);
#1456=ORIENTED_EDGE('',*,*,#2332,.T.);
#1457=ORIENTED_EDGE('',*,*,#2338,.T.);
#1458=ORIENTED_EDGE('',*,*,#2336,.T.);
#1459=ORIENTED_EDGE('',*,*,#2341,.T.);
#1460=ORIENTED_EDGE('',*,*,#2364,.T.);
#1461=ORIENTED_EDGE('',*,*,#2286,.T.);
#1462=ORIENTED_EDGE('',*,*,#2363,.T.);
#1463=ORIENTED_EDGE('',*,*,#2285,.T.);
#1464=ORIENTED_EDGE('',*,*,#2367,.F.);
#1465=ORIENTED_EDGE('',*,*,#2368,.T.);
#1466=ORIENTED_EDGE('',*,*,#2369,.T.);
#1467=ORIENTED_EDGE('',*,*,#2273,.F.);
#1468=ORIENTED_EDGE('',*,*,#2276,.T.);
#1469=ORIENTED_EDGE('',*,*,#2370,.F.);
#1470=ORIENTED_EDGE('',*,*,#2371,.F.);
#1471=ORIENTED_EDGE('',*,*,#2367,.T.);
#1472=ORIENTED_EDGE('',*,*,#2275,.T.);
#1473=ORIENTED_EDGE('',*,*,#2372,.F.);
#1474=ORIENTED_EDGE('',*,*,#2373,.F.);
#1475=ORIENTED_EDGE('',*,*,#2370,.T.);
#1476=ORIENTED_EDGE('',*,*,#2369,.F.);
#1477=ORIENTED_EDGE('',*,*,#2374,.T.);
#1478=ORIENTED_EDGE('',*,*,#2372,.T.);
#1479=ORIENTED_EDGE('',*,*,#2274,.F.);
#1480=ORIENTED_EDGE('',*,*,#2368,.F.);
#1481=ORIENTED_EDGE('',*,*,#2371,.T.);
#1482=ORIENTED_EDGE('',*,*,#2373,.T.);
#1483=ORIENTED_EDGE('',*,*,#2374,.F.);
#1484=ORIENTED_EDGE('',*,*,#2375,.F.);
#1485=ORIENTED_EDGE('',*,*,#2376,.T.);
#1486=ORIENTED_EDGE('',*,*,#2377,.T.);
#1487=ORIENTED_EDGE('',*,*,#2277,.F.);
#1488=ORIENTED_EDGE('',*,*,#2280,.T.);
#1489=ORIENTED_EDGE('',*,*,#2378,.F.);
#1490=ORIENTED_EDGE('',*,*,#2379,.F.);
#1491=ORIENTED_EDGE('',*,*,#2375,.T.);
#1492=ORIENTED_EDGE('',*,*,#2279,.T.);
#1493=ORIENTED_EDGE('',*,*,#2380,.F.);
#1494=ORIENTED_EDGE('',*,*,#2381,.F.);
#1495=ORIENTED_EDGE('',*,*,#2378,.T.);
#1496=ORIENTED_EDGE('',*,*,#2377,.F.);
#1497=ORIENTED_EDGE('',*,*,#2382,.T.);
#1498=ORIENTED_EDGE('',*,*,#2380,.T.);
#1499=ORIENTED_EDGE('',*,*,#2278,.F.);
#1500=ORIENTED_EDGE('',*,*,#2376,.F.);
#1501=ORIENTED_EDGE('',*,*,#2379,.T.);
#1502=ORIENTED_EDGE('',*,*,#2381,.T.);
#1503=ORIENTED_EDGE('',*,*,#2382,.F.);
#1504=ORIENTED_EDGE('',*,*,#2200,.F.);
#1505=ORIENTED_EDGE('',*,*,#2267,.F.);
#1506=ORIENTED_EDGE('',*,*,#2383,.T.);
#1507=ORIENTED_EDGE('',*,*,#2384,.T.);
#1508=ORIENTED_EDGE('',*,*,#2201,.F.);
#1509=ORIENTED_EDGE('',*,*,#2384,.F.);
#1510=ORIENTED_EDGE('',*,*,#2385,.T.);
#1511=ORIENTED_EDGE('',*,*,#2386,.T.);
#1512=ORIENTED_EDGE('',*,*,#2202,.T.);
#1513=ORIENTED_EDGE('',*,*,#2386,.F.);
#1514=ORIENTED_EDGE('',*,*,#2387,.F.);
#1515=ORIENTED_EDGE('',*,*,#2265,.T.);
#1516=ORIENTED_EDGE('',*,*,#2388,.F.);
#1517=ORIENTED_EDGE('',*,*,#2204,.T.);
#1518=ORIENTED_EDGE('',*,*,#2266,.T.);
#1519=ORIENTED_EDGE('',*,*,#2387,.T.);
#1520=ORIENTED_EDGE('',*,*,#2385,.F.);
#1521=ORIENTED_EDGE('',*,*,#2383,.F.);
#1522=ORIENTED_EDGE('',*,*,#2388,.T.);
#1523=ORIENTED_EDGE('',*,*,#2211,.T.);
#1524=ORIENTED_EDGE('',*,*,#2389,.F.);
#1525=ORIENTED_EDGE('',*,*,#2390,.F.);
#1526=ORIENTED_EDGE('',*,*,#2262,.T.);
#1527=ORIENTED_EDGE('',*,*,#2209,.F.);
#1528=ORIENTED_EDGE('',*,*,#2264,.F.);
#1529=ORIENTED_EDGE('',*,*,#2391,.T.);
#1530=ORIENTED_EDGE('',*,*,#2392,.T.);
#1531=ORIENTED_EDGE('',*,*,#2210,.F.);
#1532=ORIENTED_EDGE('',*,*,#2392,.F.);
#1533=ORIENTED_EDGE('',*,*,#2393,.T.);
#1534=ORIENTED_EDGE('',*,*,#2389,.T.);
#1535=ORIENTED_EDGE('',*,*,#2394,.F.);
#1536=ORIENTED_EDGE('',*,*,#2213,.T.);
#1537=ORIENTED_EDGE('',*,*,#2390,.T.);
#1538=ORIENTED_EDGE('',*,*,#2393,.F.);
#1539=ORIENTED_EDGE('',*,*,#2391,.F.);
#1540=ORIENTED_EDGE('',*,*,#2263,.T.);
#1541=ORIENTED_EDGE('',*,*,#2394,.T.);
#1542=ORIENTED_EDGE('',*,*,#2329,.F.);
#1543=ORIENTED_EDGE('',*,*,#2365,.F.);
#1544=ORIENTED_EDGE('',*,*,#2183,.F.);
#1545=ORIENTED_EDGE('',*,*,#2249,.F.);
#1546=ORIENTED_EDGE('',*,*,#2193,.F.);
#1547=ORIENTED_EDGE('',*,*,#2366,.F.);
#1548=ORIENTED_EDGE('',*,*,#2313,.F.);
#1549=ORIENTED_EDGE('',*,*,#2331,.F.);
#1550=ORIENTED_EDGE('',*,*,#2395,.F.);
#1551=ORIENTED_EDGE('',*,*,#2396,.F.);
#1552=ORIENTED_EDGE('',*,*,#2397,.F.);
#1553=ORIENTED_EDGE('',*,*,#2398,.F.);
#1554=ORIENTED_EDGE('',*,*,#2399,.F.);
#1555=ORIENTED_EDGE('',*,*,#2400,.F.);
#1556=ORIENTED_EDGE('',*,*,#2362,.F.);
#1557=ORIENTED_EDGE('',*,*,#2401,.F.);
#1558=ORIENTED_EDGE('',*,*,#2402,.T.);
#1559=ORIENTED_EDGE('',*,*,#2403,.T.);
#1560=ORIENTED_EDGE('',*,*,#2361,.F.);
#1561=ORIENTED_EDGE('',*,*,#2358,.F.);
#1562=ORIENTED_EDGE('',*,*,#2404,.T.);
#1563=ORIENTED_EDGE('',*,*,#2401,.T.);
#1564=ORIENTED_EDGE('',*,*,#2360,.T.);
#1565=ORIENTED_EDGE('',*,*,#2403,.F.);
#1566=ORIENTED_EDGE('',*,*,#2405,.F.);
#1567=ORIENTED_EDGE('',*,*,#2356,.T.);
#1568=ORIENTED_EDGE('',*,*,#2402,.F.);
#1569=ORIENTED_EDGE('',*,*,#2404,.F.);
#1570=ORIENTED_EDGE('',*,*,#2357,.F.);
#1571=ORIENTED_EDGE('',*,*,#2405,.T.);
#1572=ORIENTED_EDGE('',*,*,#2395,.T.);
#1573=ORIENTED_EDGE('',*,*,#2406,.T.);
#1574=ORIENTED_EDGE('',*,*,#2349,.T.);
#1575=ORIENTED_EDGE('',*,*,#2407,.F.);
#1576=ORIENTED_EDGE('',*,*,#2396,.T.);
#1577=ORIENTED_EDGE('',*,*,#2407,.T.);
#1578=ORIENTED_EDGE('',*,*,#2354,.T.);
#1579=ORIENTED_EDGE('',*,*,#2408,.F.);
#1580=ORIENTED_EDGE('',*,*,#2397,.T.);
#1581=ORIENTED_EDGE('',*,*,#2408,.T.);
#1582=ORIENTED_EDGE('',*,*,#2353,.T.);
#1583=ORIENTED_EDGE('',*,*,#2409,.F.);
#1584=ORIENTED_EDGE('',*,*,#2398,.T.);
#1585=ORIENTED_EDGE('',*,*,#2409,.T.);
#1586=ORIENTED_EDGE('',*,*,#2352,.T.);
#1587=ORIENTED_EDGE('',*,*,#2410,.F.);
#1588=ORIENTED_EDGE('',*,*,#2399,.T.);
#1589=ORIENTED_EDGE('',*,*,#2410,.T.);
#1590=ORIENTED_EDGE('',*,*,#2351,.T.);
#1591=ORIENTED_EDGE('',*,*,#2411,.F.);
#1592=ORIENTED_EDGE('',*,*,#2400,.T.);
#1593=ORIENTED_EDGE('',*,*,#2411,.T.);
#1594=ORIENTED_EDGE('',*,*,#2350,.T.);
#1595=ORIENTED_EDGE('',*,*,#2406,.F.);
#1596=ORIENTED_EDGE('',*,*,#2412,.T.);
#1597=ORIENTED_EDGE('',*,*,#2413,.T.);
#1598=ORIENTED_EDGE('',*,*,#2414,.T.);
#1599=ORIENTED_EDGE('',*,*,#2415,.T.);
#1600=ORIENTED_EDGE('',*,*,#2416,.T.);
#1601=ORIENTED_EDGE('',*,*,#2417,.T.);
#1602=ORIENTED_EDGE('',*,*,#2176,.T.);
#1603=ORIENTED_EDGE('',*,*,#2418,.F.);
#1604=ORIENTED_EDGE('',*,*,#2419,.F.);
#1605=ORIENTED_EDGE('',*,*,#2271,.T.);
#1606=ORIENTED_EDGE('',*,*,#2272,.T.);
#1607=ORIENTED_EDGE('',*,*,#2419,.T.);
#1608=ORIENTED_EDGE('',*,*,#2420,.F.);
#1609=ORIENTED_EDGE('',*,*,#2242,.T.);
#1610=ORIENTED_EDGE('',*,*,#2421,.T.);
#1611=ORIENTED_EDGE('',*,*,#2234,.T.);
#1612=ORIENTED_EDGE('',*,*,#2422,.F.);
#1613=ORIENTED_EDGE('',*,*,#2413,.F.);
#1614=ORIENTED_EDGE('',*,*,#2422,.T.);
#1615=ORIENTED_EDGE('',*,*,#2239,.T.);
#1616=ORIENTED_EDGE('',*,*,#2423,.F.);
#1617=ORIENTED_EDGE('',*,*,#2414,.F.);
#1618=ORIENTED_EDGE('',*,*,#2423,.T.);
#1619=ORIENTED_EDGE('',*,*,#2238,.T.);
#1620=ORIENTED_EDGE('',*,*,#2424,.F.);
#1621=ORIENTED_EDGE('',*,*,#2415,.F.);
#1622=ORIENTED_EDGE('',*,*,#2424,.T.);
#1623=ORIENTED_EDGE('',*,*,#2237,.T.);
#1624=ORIENTED_EDGE('',*,*,#2425,.F.);
#1625=ORIENTED_EDGE('',*,*,#2416,.F.);
#1626=ORIENTED_EDGE('',*,*,#2425,.T.);
#1627=ORIENTED_EDGE('',*,*,#2236,.T.);
#1628=ORIENTED_EDGE('',*,*,#2426,.F.);
#1629=ORIENTED_EDGE('',*,*,#2417,.F.);
#1630=ORIENTED_EDGE('',*,*,#2426,.T.);
#1631=ORIENTED_EDGE('',*,*,#2235,.T.);
#1632=ORIENTED_EDGE('',*,*,#2421,.F.);
#1633=ORIENTED_EDGE('',*,*,#2412,.F.);
#1634=ORIENTED_EDGE('',*,*,#2427,.F.);
#1635=ORIENTED_EDGE('',*,*,#2428,.F.);
#1636=ORIENTED_EDGE('',*,*,#2429,.F.);
#1637=ORIENTED_EDGE('',*,*,#2430,.F.);
#1638=ORIENTED_EDGE('',*,*,#2431,.F.);
#1639=ORIENTED_EDGE('',*,*,#2432,.F.);
#1640=ORIENTED_EDGE('',*,*,#2168,.F.);
#1641=ORIENTED_EDGE('',*,*,#2270,.F.);
#1642=ORIENTED_EDGE('',*,*,#2433,.T.);
#1643=ORIENTED_EDGE('',*,*,#2434,.T.);
#1644=ORIENTED_EDGE('',*,*,#2435,.F.);
#1645=ORIENTED_EDGE('',*,*,#2436,.F.);
#1646=ORIENTED_EDGE('',*,*,#2437,.F.);
#1647=ORIENTED_EDGE('',*,*,#2438,.F.);
#1648=ORIENTED_EDGE('',*,*,#2439,.F.);
#1649=ORIENTED_EDGE('',*,*,#2440,.F.);
#1650=ORIENTED_EDGE('',*,*,#2245,.F.);
#1651=ORIENTED_EDGE('',*,*,#2441,.F.);
#1652=ORIENTED_EDGE('',*,*,#2442,.T.);
#1653=ORIENTED_EDGE('',*,*,#2268,.T.);
#1654=ORIENTED_EDGE('',*,*,#2433,.F.);
#1655=ORIENTED_EDGE('',*,*,#2269,.T.);
#1656=ORIENTED_EDGE('',*,*,#2442,.F.);
#1657=ORIENTED_EDGE('',*,*,#2443,.T.);
#1658=ORIENTED_EDGE('',*,*,#2427,.T.);
#1659=ORIENTED_EDGE('',*,*,#2444,.T.);
#1660=ORIENTED_EDGE('',*,*,#2435,.T.);
#1661=ORIENTED_EDGE('',*,*,#2445,.F.);
#1662=ORIENTED_EDGE('',*,*,#2428,.T.);
#1663=ORIENTED_EDGE('',*,*,#2445,.T.);
#1664=ORIENTED_EDGE('',*,*,#2440,.T.);
#1665=ORIENTED_EDGE('',*,*,#2446,.F.);
#1666=ORIENTED_EDGE('',*,*,#2429,.T.);
#1667=ORIENTED_EDGE('',*,*,#2446,.T.);
#1668=ORIENTED_EDGE('',*,*,#2439,.T.);
#1669=ORIENTED_EDGE('',*,*,#2447,.F.);
#1670=ORIENTED_EDGE('',*,*,#2430,.T.);
#1671=ORIENTED_EDGE('',*,*,#2447,.T.);
#1672=ORIENTED_EDGE('',*,*,#2438,.T.);
#1673=ORIENTED_EDGE('',*,*,#2448,.F.);
#1674=ORIENTED_EDGE('',*,*,#2431,.T.);
#1675=ORIENTED_EDGE('',*,*,#2448,.T.);
#1676=ORIENTED_EDGE('',*,*,#2437,.T.);
#1677=ORIENTED_EDGE('',*,*,#2449,.F.);
#1678=ORIENTED_EDGE('',*,*,#2432,.T.);
#1679=ORIENTED_EDGE('',*,*,#2449,.T.);
#1680=ORIENTED_EDGE('',*,*,#2436,.T.);
#1681=ORIENTED_EDGE('',*,*,#2444,.F.);
#1682=ORIENTED_EDGE('',*,*,#2441,.T.);
#1683=ORIENTED_EDGE('',*,*,#2169,.F.);
#1684=ORIENTED_EDGE('',*,*,#2434,.F.);
#1685=ORIENTED_EDGE('',*,*,#2443,.F.);
#1686=ORIENTED_EDGE('',*,*,#2243,.F.);
#1687=ORIENTED_EDGE('',*,*,#2420,.T.);
#1688=ORIENTED_EDGE('',*,*,#2418,.T.);
#1689=ORIENTED_EDGE('',*,*,#2175,.T.);
#1690=ORIENTED_EDGE('',*,*,#2450,.F.);
#1691=ORIENTED_EDGE('',*,*,#2451,.F.);
#1692=ORIENTED_EDGE('',*,*,#2452,.T.);
#1693=ORIENTED_EDGE('',*,*,#2453,.T.);
#1694=ORIENTED_EDGE('',*,*,#2454,.T.);
#1695=ORIENTED_EDGE('',*,*,#2455,.F.);
#1696=ORIENTED_EDGE('',*,*,#2456,.F.);
#1697=ORIENTED_EDGE('',*,*,#2451,.T.);
#1698=ORIENTED_EDGE('',*,*,#2457,.T.);
#1699=ORIENTED_EDGE('',*,*,#2458,.F.);
#1700=ORIENTED_EDGE('',*,*,#2459,.F.);
#1701=ORIENTED_EDGE('',*,*,#2455,.T.);
#1702=ORIENTED_EDGE('',*,*,#2460,.F.);
#1703=ORIENTED_EDGE('',*,*,#2453,.F.);
#1704=ORIENTED_EDGE('',*,*,#2461,.T.);
#1705=ORIENTED_EDGE('',*,*,#2458,.T.);
#1706=ORIENTED_EDGE('',*,*,#2452,.F.);
#1707=ORIENTED_EDGE('',*,*,#2456,.T.);
#1708=ORIENTED_EDGE('',*,*,#2459,.T.);
#1709=ORIENTED_EDGE('',*,*,#2461,.F.);
#1710=ORIENTED_EDGE('',*,*,#2450,.T.);
#1711=ORIENTED_EDGE('',*,*,#2460,.T.);
#1712=ORIENTED_EDGE('',*,*,#2457,.F.);
#1713=ORIENTED_EDGE('',*,*,#2454,.F.);
#1714=EDGE_CURVE('',#2462,#2463,#2956,.T.);
#1715=EDGE_CURVE('',#2464,#2462,#2957,.T.);
#1716=EDGE_CURVE('',#2464,#2465,#2958,.T.);
#1717=EDGE_CURVE('',#2465,#2463,#2959,.T.);
#1718=EDGE_CURVE('',#2462,#2466,#2960,.T.);
#1719=EDGE_CURVE('',#2467,#2466,#2961,.T.);
#1720=EDGE_CURVE('',#2464,#2467,#2962,.T.);
#1721=EDGE_CURVE('',#2466,#2468,#2963,.T.);
#1722=EDGE_CURVE('',#2469,#2468,#2964,.T.);
#1723=EDGE_CURVE('',#2467,#2469,#2965,.T.);
#1724=EDGE_CURVE('',#2463,#2468,#2966,.T.);
#1725=EDGE_CURVE('',#2465,#2469,#2967,.T.);
#1726=EDGE_CURVE('',#2470,#2470,#46,.T.);
#1727=EDGE_CURVE('',#2471,#2471,#47,.T.);
#1728=EDGE_CURVE('',#2472,#2472,#48,.T.);
#1729=EDGE_CURVE('',#2473,#2473,#49,.T.);
#1730=EDGE_CURVE('',#2474,#2475,#2968,.T.);
#1731=EDGE_CURVE('',#2474,#2476,#2969,.T.);
#1732=EDGE_CURVE('',#2477,#2476,#2970,.T.);
#1733=EDGE_CURVE('',#2478,#2477,#2971,.T.);
#1734=EDGE_CURVE('',#2478,#2479,#2972,.T.);
#1735=EDGE_CURVE('',#2475,#2479,#2973,.T.);
#1736=EDGE_CURVE('',#2480,#2481,#2974,.T.);
#1737=EDGE_CURVE('',#2480,#2482,#2975,.T.);
#1738=EDGE_CURVE('',#2483,#2482,#2976,.T.);
#1739=EDGE_CURVE('',#2483,#2484,#2977,.T.);
#1740=EDGE_CURVE('',#2485,#2484,#2978,.T.);
#1741=EDGE_CURVE('',#2481,#2485,#2979,.T.);
#1742=EDGE_CURVE('',#2486,#2487,#2980,.T.);
#1743=EDGE_CURVE('',#2486,#2488,#2981,.T.);
#1744=EDGE_CURVE('',#2488,#2489,#2982,.F.);
#1745=EDGE_CURVE('',#2489,#2490,#2983,.T.);
#1746=EDGE_CURVE('',#2490,#2491,#2984,.T.);
#1747=EDGE_CURVE('',#2491,#2492,#2985,.T.);
#1748=EDGE_CURVE('',#2492,#2493,#2986,.T.);
#1749=EDGE_CURVE('',#2487,#2493,#2987,.T.);
#1750=EDGE_CURVE('',#2494,#2495,#2988,.T.);
#1751=EDGE_CURVE('',#2496,#2495,#2989,.T.);
#1752=EDGE_CURVE('',#2496,#2497,#2990,.T.);
#1753=EDGE_CURVE('',#2497,#2494,#2991,.T.);
#1754=EDGE_CURVE('',#2495,#2498,#2992,.T.);
#1755=EDGE_CURVE('',#2499,#2498,#2993,.T.);
#1756=EDGE_CURVE('',#2499,#2496,#2994,.T.);
#1757=EDGE_CURVE('',#2498,#2500,#2995,.T.);
#1758=EDGE_CURVE('',#2501,#2500,#2996,.T.);
#1759=EDGE_CURVE('',#2501,#2499,#2997,.T.);
#1760=EDGE_CURVE('',#2500,#2502,#2998,.T.);
#1761=EDGE_CURVE('',#2503,#2502,#2999,.T.);
#1762=EDGE_CURVE('',#2503,#2501,#3000,.T.);
#1763=EDGE_CURVE('',#2502,#2504,#3001,.T.);
#1764=EDGE_CURVE('',#2505,#2504,#3002,.T.);
#1765=EDGE_CURVE('',#2505,#2503,#3003,.T.);
#1766=EDGE_CURVE('',#2504,#2494,#3004,.T.);
#1767=EDGE_CURVE('',#2497,#2505,#3005,.T.);
#1768=EDGE_CURVE('',#2506,#2507,#3006,.T.);
#1769=EDGE_CURVE('',#2506,#2508,#3007,.T.);
#1770=EDGE_CURVE('',#2509,#2508,#3008,.T.);
#1771=EDGE_CURVE('',#2507,#2509,#3009,.T.);
#1772=EDGE_CURVE('',#2507,#2510,#3010,.T.);
#1773=EDGE_CURVE('',#2511,#2509,#3011,.T.);
#1774=EDGE_CURVE('',#2510,#2511,#3012,.T.);
#1775=EDGE_CURVE('',#2510,#2512,#3013,.T.);
#1776=EDGE_CURVE('',#2513,#2511,#3014,.T.);
#1777=EDGE_CURVE('',#2512,#2513,#3015,.T.);
#1778=EDGE_CURVE('',#2512,#2514,#3016,.T.);
#1779=EDGE_CURVE('',#2515,#2513,#3017,.T.);
#1780=EDGE_CURVE('',#2514,#2515,#3018,.T.);
#1781=EDGE_CURVE('',#2514,#2516,#3019,.T.);
#1782=EDGE_CURVE('',#2517,#2515,#3020,.T.);
#1783=EDGE_CURVE('',#2516,#2517,#3021,.T.);
#1784=EDGE_CURVE('',#2516,#2506,#3022,.T.);
#1785=EDGE_CURVE('',#2508,#2517,#3023,.T.);
#1786=EDGE_CURVE('',#2486,#2518,#3024,.T.);
#1787=EDGE_CURVE('',#2519,#2518,#3025,.T.);
#1788=EDGE_CURVE('',#2492,#2519,#3026,.T.);
#1789=EDGE_CURVE('',#2491,#2520,#50,.F.);
#1790=EDGE_CURVE('',#2520,#2521,#3027,.T.);
#1791=EDGE_CURVE('',#2521,#2522,#51,.F.);
#1792=EDGE_CURVE('',#2522,#2523,#3028,.T.);
#1793=EDGE_CURVE('',#2524,#2523,#3029,.T.);
#1794=EDGE_CURVE('',#2525,#2524,#3030,.T.);
#1795=EDGE_CURVE('',#2525,#2526,#3031,.T.);
#1796=EDGE_CURVE('',#2526,#2527,#3032,.T.);
#1797=EDGE_CURVE('',#2527,#2528,#52,.F.);
#1798=EDGE_CURVE('',#2528,#2529,#3033,.F.);
#1799=EDGE_CURVE('',#2529,#2530,#53,.F.);
#1800=EDGE_CURVE('',#2531,#2530,#3034,.F.);
#1801=EDGE_CURVE('',#2531,#2475,#3035,.T.);
#1802=EDGE_CURVE('',#2532,#2479,#3036,.T.);
#1803=EDGE_CURVE('',#2533,#2532,#3037,.T.);
#1804=EDGE_CURVE('',#2534,#2533,#3038,.T.);
#1805=EDGE_CURVE('',#2534,#2535,#3039,.T.);
#1806=EDGE_CURVE('',#2536,#2535,#3040,.F.);
#1807=EDGE_CURVE('',#2536,#2537,#3041,.T.);
#1808=EDGE_CURVE('',#2485,#2537,#3042,.T.);
#1809=EDGE_CURVE('',#2484,#2538,#3043,.T.);
#1810=EDGE_CURVE('',#2539,#2538,#3044,.T.);
#1811=EDGE_CURVE('',#2539,#2540,#54,.F.);
#1812=EDGE_CURVE('',#2540,#2541,#3045,.T.);
#1813=EDGE_CURVE('',#2541,#2542,#55,.F.);
#1814=EDGE_CURVE('',#2543,#2542,#3046,.T.);
#1815=EDGE_CURVE('',#2544,#2543,#3047,.T.);
#1816=EDGE_CURVE('',#2545,#2544,#3048,.T.);
#1817=EDGE_CURVE('',#2545,#2546,#3049,.T.);
#1818=EDGE_CURVE('',#2547,#2546,#3050,.T.);
#1819=EDGE_CURVE('',#2547,#2548,#56,.F.);
#1820=EDGE_CURVE('',#2548,#2549,#3051,.F.);
#1821=EDGE_CURVE('',#2549,#2488,#57,.F.);
#1822=EDGE_CURVE('',#2550,#2551,#3052,.T.);
#1823=EDGE_CURVE('',#2552,#2551,#3053,.T.);
#1824=EDGE_CURVE('',#2553,#2552,#3054,.T.);
#1825=EDGE_CURVE('',#2553,#2550,#3055,.T.);
#1826=EDGE_CURVE('',#2554,#2555,#3056,.T.);
#1827=EDGE_CURVE('',#2556,#2555,#3057,.T.);
#1828=EDGE_CURVE('',#2557,#2556,#3058,.T.);
#1829=EDGE_CURVE('',#2557,#2554,#3059,.T.);
#1830=EDGE_CURVE('',#2558,#2559,#3060,.T.);
#1831=EDGE_CURVE('',#2559,#2560,#3061,.T.);
#1832=EDGE_CURVE('',#2561,#2560,#3062,.T.);
#1833=EDGE_CURVE('',#2561,#2558,#3063,.T.);
#1834=EDGE_CURVE('',#2562,#2563,#3064,.T.);
#1835=EDGE_CURVE('',#2563,#2564,#3065,.T.);
#1836=EDGE_CURVE('',#2564,#2565,#3066,.T.);
#1837=EDGE_CURVE('',#2562,#2565,#3067,.T.);
#1838=EDGE_CURVE('',#2566,#2567,#3068,.T.);
#1839=EDGE_CURVE('',#2566,#2568,#3069,.T.);
#1840=EDGE_CURVE('',#2568,#2569,#3070,.T.);
#1841=EDGE_CURVE('',#2567,#2569,#3071,.T.);
#1842=EDGE_CURVE('',#2570,#2571,#3072,.T.);
#1843=EDGE_CURVE('',#2570,#2572,#3073,.T.);
#1844=EDGE_CURVE('',#2572,#2573,#3074,.T.);
#1845=EDGE_CURVE('',#2571,#2573,#3075,.T.);
#1846=EDGE_CURVE('',#2574,#2575,#3076,.T.);
#1847=EDGE_CURVE('',#2575,#2576,#3077,.T.);
#1848=EDGE_CURVE('',#2576,#2577,#58,.F.);
#1849=EDGE_CURVE('',#2578,#2577,#3078,.T.);
#1850=EDGE_CURVE('',#2578,#2579,#3079,.T.);
#1851=EDGE_CURVE('',#2579,#2580,#3080,.T.);
#1852=EDGE_CURVE('',#2580,#2480,#3081,.T.);
#1853=EDGE_CURVE('',#2581,#2481,#3082,.T.);
#1854=EDGE_CURVE('',#2581,#2582,#3083,.T.);
#1855=EDGE_CURVE('',#2582,#2583,#3084,.T.);
#1856=EDGE_CURVE('',#2584,#2583,#3085,.T.);
#1857=EDGE_CURVE('',#2478,#2584,#3086,.T.);
#1858=EDGE_CURVE('',#2585,#2477,#3087,.T.);
#1859=EDGE_CURVE('',#2585,#2586,#3088,.T.);
#1860=EDGE_CURVE('',#2586,#2587,#3089,.T.);
#1861=EDGE_CURVE('',#2587,#2588,#3090,.T.);
#1862=EDGE_CURVE('',#2589,#2588,#3091,.F.);
#1863=EDGE_CURVE('',#2589,#2590,#59,.F.);
#1864=EDGE_CURVE('',#2591,#2590,#3092,.T.);
#1865=EDGE_CURVE('',#2591,#2592,#3093,.T.);
#1866=EDGE_CURVE('',#2592,#2593,#3094,.T.);
#1867=EDGE_CURVE('',#2593,#2594,#60,.F.);
#1868=EDGE_CURVE('',#2594,#2595,#3095,.T.);
#1869=EDGE_CURVE('',#2595,#2596,#61,.T.);
#1870=EDGE_CURVE('',#2596,#2597,#3096,.T.);
#1871=EDGE_CURVE('',#2597,#2490,#62,.T.);
#1872=EDGE_CURVE('',#2489,#2598,#63,.T.);
#1873=EDGE_CURVE('',#2598,#2599,#3097,.F.);
#1874=EDGE_CURVE('',#2599,#2600,#64,.T.);
#1875=EDGE_CURVE('',#2601,#2600,#3098,.T.);
#1876=EDGE_CURVE('',#2601,#2602,#65,.F.);
#1877=EDGE_CURVE('',#2574,#2602,#3099,.T.);
#1878=EDGE_CURVE('',#2540,#2603,#3100,.F.);
#1879=EDGE_CURVE('',#2603,#2604,#3101,.T.);
#1880=EDGE_CURVE('',#2604,#2541,#3102,.F.);
#1881=EDGE_CURVE('',#2605,#2534,#3103,.T.);
#1882=EDGE_CURVE('',#2606,#2605,#3104,.T.);
#1883=EDGE_CURVE('',#2535,#2606,#3105,.F.);
#1884=EDGE_CURVE('',#2533,#2607,#3106,.T.);
#1885=EDGE_CURVE('',#2607,#2605,#3107,.T.);
#1886=EDGE_CURVE('',#2608,#2536,#3108,.F.);
#1887=EDGE_CURVE('',#2606,#2608,#3109,.F.);
#1888=EDGE_CURVE('',#2565,#2609,#3110,.T.);
#1889=EDGE_CURVE('',#2610,#2609,#3111,.T.);
#1890=EDGE_CURVE('',#2562,#2610,#3112,.T.);
#1891=EDGE_CURVE('',#2564,#2611,#3113,.T.);
#1892=EDGE_CURVE('',#2611,#2609,#3114,.T.);
#1893=EDGE_CURVE('',#2563,#2612,#3115,.T.);
#1894=EDGE_CURVE('',#2612,#2611,#3116,.T.);
#1895=EDGE_CURVE('',#2610,#2612,#3117,.T.);
#1896=EDGE_CURVE('',#2561,#2613,#3118,.T.);
#1897=EDGE_CURVE('',#2613,#2614,#3119,.T.);
#1898=EDGE_CURVE('',#2558,#2614,#3120,.T.);
#1899=EDGE_CURVE('',#2560,#2615,#3121,.T.);
#1900=EDGE_CURVE('',#2613,#2615,#3122,.T.);
#1901=EDGE_CURVE('',#2559,#2616,#3123,.T.);
#1902=EDGE_CURVE('',#2616,#2615,#3124,.T.);
#1903=EDGE_CURVE('',#2614,#2616,#3125,.T.);
#1904=EDGE_CURVE('',#2598,#2549,#3126,.F.);
#1905=EDGE_CURVE('',#2520,#2597,#3127,.F.);
#1906=EDGE_CURVE('',#2596,#2521,#3128,.F.);
#1907=EDGE_CURVE('',#2522,#2595,#3129,.T.);
#1908=EDGE_CURVE('',#2600,#2547,#3130,.F.);
#1909=EDGE_CURVE('',#2548,#2599,#3131,.F.);
#1910=EDGE_CURVE('',#2617,#2607,#3132,.T.);
#1911=EDGE_CURVE('',#2617,#2618,#3133,.F.);
#1912=EDGE_CURVE('',#2618,#2608,#3134,.T.);
#1913=EDGE_CURVE('',#2618,#2582,#66,.F.);
#1914=EDGE_CURVE('',#2583,#2617,#67,.T.);
#1915=EDGE_CURVE('',#2577,#2539,#3135,.T.);
#1916=EDGE_CURVE('',#2603,#2576,#3136,.F.);
#1917=EDGE_CURVE('',#2619,#2620,#3137,.T.);
#1918=EDGE_CURVE('',#2621,#2619,#3138,.T.);
#1919=EDGE_CURVE('',#2622,#2621,#3139,.T.);
#1920=EDGE_CURVE('',#2623,#2622,#3140,.T.);
#1921=EDGE_CURVE('',#2624,#2623,#3141,.T.);
#1922=EDGE_CURVE('',#2620,#2624,#3142,.T.);
#1923=EDGE_CURVE('',#2625,#2483,#3143,.T.);
#1924=EDGE_CURVE('',#2579,#2625,#3144,.T.);
#1925=EDGE_CURVE('',#2578,#2538,#3145,.T.);
#1926=EDGE_CURVE('',#2581,#2537,#3146,.T.);
#1927=EDGE_CURVE('',#2602,#2604,#3147,.F.);
#1928=EDGE_CURVE('',#2542,#2601,#3148,.T.);
#1929=EDGE_CURVE('',#2626,#2627,#3149,.T.);
#1930=EDGE_CURVE('',#2626,#2543,#3150,.T.);
#1931=EDGE_CURVE('',#2627,#2546,#3151,.T.);
#1932=EDGE_CURVE('',#2594,#2527,#3152,.F.);
#1933=EDGE_CURVE('',#2593,#2628,#3153,.T.);
#1934=EDGE_CURVE('',#2528,#2628,#3154,.F.);
#1935=EDGE_CURVE('',#2588,#2531,#3155,.T.);
#1936=EDGE_CURVE('',#2587,#2474,#3156,.T.);
#1937=EDGE_CURVE('',#2584,#2532,#3157,.T.);
#1938=EDGE_CURVE('',#2629,#2529,#3158,.F.);
#1939=EDGE_CURVE('',#2590,#2629,#3159,.F.);
#1940=EDGE_CURVE('',#2530,#2589,#3160,.F.);
#1941=EDGE_CURVE('',#2629,#2628,#3161,.T.);
#1942=EDGE_CURVE('',#2630,#2526,#3162,.T.);
#1943=EDGE_CURVE('',#2630,#2631,#3163,.T.);
#1944=EDGE_CURVE('',#2631,#2523,#3164,.T.);
#1945=EDGE_CURVE('',#2632,#2633,#3165,.T.);
#1946=EDGE_CURVE('',#2634,#2632,#3166,.T.);
#1947=EDGE_CURVE('',#2635,#2634,#3167,.T.);
#1948=EDGE_CURVE('',#2636,#2635,#3168,.T.);
#1949=EDGE_CURVE('',#2637,#2636,#3169,.T.);
#1950=EDGE_CURVE('',#2633,#2637,#3170,.T.);
#1951=EDGE_CURVE('',#2554,#2568,#3171,.T.);
#1952=EDGE_CURVE('',#2555,#2566,#3172,.T.);
#1953=EDGE_CURVE('',#2556,#2567,#3173,.T.);
#1954=EDGE_CURVE('',#2557,#2569,#3174,.T.);
#1955=EDGE_CURVE('',#2550,#2572,#3175,.T.);
#1956=EDGE_CURVE('',#2551,#2570,#3176,.T.);
#1957=EDGE_CURVE('',#2552,#2571,#3177,.T.);
#1958=EDGE_CURVE('',#2553,#2573,#3178,.T.);
#1959=EDGE_CURVE('',#2638,#2629,#3179,.T.);
#1960=EDGE_CURVE('',#2591,#2638,#3180,.T.);
#1961=EDGE_CURVE('',#2639,#2628,#3181,.T.);
#1962=EDGE_CURVE('',#2638,#2639,#3182,.T.);
#1963=EDGE_CURVE('',#2592,#2639,#3183,.T.);
#1964=EDGE_CURVE('',#2640,#2641,#3184,.T.);
#1965=EDGE_CURVE('',#2642,#2640,#3185,.T.);
#1966=EDGE_CURVE('',#2643,#2642,#3186,.T.);
#1967=EDGE_CURVE('',#2644,#2643,#3187,.T.);
#1968=EDGE_CURVE('',#2645,#2644,#3188,.T.);
#1969=EDGE_CURVE('',#2641,#2645,#3189,.T.);
#1970=EDGE_CURVE('',#2646,#2640,#3190,.T.);
#1971=EDGE_CURVE('',#2647,#2646,#3191,.T.);
#1972=EDGE_CURVE('',#2647,#2642,#3192,.T.);
#1973=EDGE_CURVE('',#2648,#2641,#3193,.T.);
#1974=EDGE_CURVE('',#2646,#2648,#3194,.T.);
#1975=EDGE_CURVE('',#2649,#2645,#3195,.T.);
#1976=EDGE_CURVE('',#2648,#2649,#3196,.T.);
#1977=EDGE_CURVE('',#2650,#2644,#3197,.T.);
#1978=EDGE_CURVE('',#2649,#2650,#3198,.T.);
#1979=EDGE_CURVE('',#2651,#2643,#3199,.T.);
#1980=EDGE_CURVE('',#2650,#2651,#3200,.T.);
#1981=EDGE_CURVE('',#2651,#2647,#3201,.T.);
#1982=EDGE_CURVE('',#2652,#2603,#3202,.T.);
#1983=EDGE_CURVE('',#2652,#2653,#3203,.T.);
#1984=EDGE_CURVE('',#2653,#2604,#3204,.T.);
#1985=EDGE_CURVE('',#2652,#2575,#3205,.F.);
#1986=EDGE_CURVE('',#2574,#2653,#3206,.F.);
#1987=EDGE_CURVE('',#2654,#2655,#3207,.T.);
#1988=EDGE_CURVE('',#2656,#2654,#3208,.T.);
#1989=EDGE_CURVE('',#2657,#2656,#3209,.T.);
#1990=EDGE_CURVE('',#2658,#2657,#3210,.T.);
#1991=EDGE_CURVE('',#2659,#2658,#3211,.T.);
#1992=EDGE_CURVE('',#2655,#2659,#3212,.T.);
#1993=EDGE_CURVE('',#2660,#2654,#3213,.T.);
#1994=EDGE_CURVE('',#2661,#2660,#3214,.T.);
#1995=EDGE_CURVE('',#2661,#2656,#3215,.T.);
#1996=EDGE_CURVE('',#2662,#2655,#3216,.T.);
#1997=EDGE_CURVE('',#2660,#2662,#3217,.T.);
#1998=EDGE_CURVE('',#2663,#2659,#3218,.T.);
#1999=EDGE_CURVE('',#2662,#2663,#3219,.T.);
#2000=EDGE_CURVE('',#2664,#2658,#3220,.T.);
#2001=EDGE_CURVE('',#2663,#2664,#3221,.T.);
#2002=EDGE_CURVE('',#2665,#2657,#3222,.T.);
#2003=EDGE_CURVE('',#2664,#2665,#3223,.T.);
#2004=EDGE_CURVE('',#2665,#2661,#3224,.T.);
#2005=EDGE_CURVE('',#2666,#2626,#3225,.T.);
#2006=EDGE_CURVE('',#2666,#2544,#3226,.T.);
#2007=EDGE_CURVE('',#2667,#2545,#3227,.T.);
#2008=EDGE_CURVE('',#2667,#2627,#3228,.T.);
#2009=EDGE_CURVE('',#2668,#2669,#3229,.T.);
#2010=EDGE_CURVE('',#2670,#2668,#3230,.T.);
#2011=EDGE_CURVE('',#2671,#2670,#3231,.T.);
#2012=EDGE_CURVE('',#2672,#2671,#3232,.T.);
#2013=EDGE_CURVE('',#2673,#2672,#3233,.T.);
#2014=EDGE_CURVE('',#2669,#2673,#3234,.T.);
#2015=EDGE_CURVE('',#2666,#2667,#3235,.T.);
#2016=EDGE_CURVE('',#2637,#2670,#3236,.T.);
#2017=EDGE_CURVE('',#2633,#2668,#3237,.T.);
#2018=EDGE_CURVE('',#2636,#2671,#3238,.T.);
#2019=EDGE_CURVE('',#2635,#2672,#3239,.T.);
#2020=EDGE_CURVE('',#2634,#2673,#3240,.T.);
#2021=EDGE_CURVE('',#2632,#2669,#3241,.T.);
#2022=EDGE_CURVE('',#2674,#2525,#3242,.T.);
#2023=EDGE_CURVE('',#2674,#2630,#3243,.T.);
#2024=EDGE_CURVE('',#2675,#2631,#3244,.T.);
#2025=EDGE_CURVE('',#2675,#2524,#3245,.T.);
#2026=EDGE_CURVE('',#2674,#2675,#3246,.T.);
#2027=EDGE_CURVE('',#2676,#2487,#3247,.T.);
#2028=EDGE_CURVE('',#2518,#2676,#3248,.T.);
#2029=EDGE_CURVE('',#2519,#2677,#3249,.T.);
#2030=EDGE_CURVE('',#2677,#2493,#3250,.T.);
#2031=EDGE_CURVE('',#2676,#2677,#3251,.T.);
#2032=EDGE_CURVE('',#2678,#2679,#3252,.T.);
#2033=EDGE_CURVE('',#2680,#2678,#3253,.T.);
#2034=EDGE_CURVE('',#2681,#2680,#3254,.T.);
#2035=EDGE_CURVE('',#2682,#2681,#3255,.T.);
#2036=EDGE_CURVE('',#2683,#2682,#3256,.T.);
#2037=EDGE_CURVE('',#2679,#2683,#3257,.T.);
#2038=EDGE_CURVE('',#2580,#2684,#3258,.T.);
#2039=EDGE_CURVE('',#2684,#2482,#3259,.T.);
#2040=EDGE_CURVE('',#2625,#2684,#3260,.T.);
#2041=EDGE_CURVE('',#2685,#2686,#3261,.T.);
#2042=EDGE_CURVE('',#2686,#2687,#3262,.T.);
#2043=EDGE_CURVE('',#2687,#2688,#3263,.T.);
#2044=EDGE_CURVE('',#2688,#2689,#3264,.T.);
#2045=EDGE_CURVE('',#2689,#2690,#3265,.T.);
#2046=EDGE_CURVE('',#2690,#2685,#3266,.T.);
#2047=EDGE_CURVE('',#2691,#2476,#3267,.T.);
#2048=EDGE_CURVE('',#2585,#2691,#3268,.T.);
#2049=EDGE_CURVE('',#2692,#2474,#3269,.T.);
#2050=EDGE_CURVE('',#2692,#2691,#3270,.T.);
#2051=EDGE_CURVE('',#2693,#2694,#3271,.T.);
#2052=EDGE_CURVE('',#2695,#2693,#3272,.T.);
#2053=EDGE_CURVE('',#2696,#2695,#3273,.T.);
#2054=EDGE_CURVE('',#2697,#2696,#3274,.T.);
#2055=EDGE_CURVE('',#2698,#2697,#3275,.T.);
#2056=EDGE_CURVE('',#2694,#2698,#3276,.T.);
#2057=EDGE_CURVE('',#2586,#2692,#3277,.T.);
#2058=EDGE_CURVE('',#2686,#2693,#3278,.T.);
#2059=EDGE_CURVE('',#2687,#2694,#3279,.T.);
#2060=EDGE_CURVE('',#2688,#2698,#3280,.T.);
#2061=EDGE_CURVE('',#2689,#2697,#3281,.T.);
#2062=EDGE_CURVE('',#2690,#2696,#3282,.T.);
#2063=EDGE_CURVE('',#2685,#2695,#3283,.T.);
#2064=EDGE_CURVE('',#2679,#2619,#3284,.T.);
#2065=EDGE_CURVE('',#2678,#2620,#3285,.T.);
#2066=EDGE_CURVE('',#2680,#2624,#3286,.T.);
#2067=EDGE_CURVE('',#2681,#2623,#3287,.T.);
#2068=EDGE_CURVE('',#2682,#2622,#3288,.T.);
#2069=EDGE_CURVE('',#2683,#2621,#3289,.T.);
#2070=EDGE_CURVE('',#2699,#2700,#3290,.T.);
#2071=EDGE_CURVE('',#2699,#2701,#3291,.F.);
#2072=EDGE_CURVE('',#2701,#2702,#3292,.T.);
#2073=EDGE_CURVE('',#2702,#2700,#3293,.T.);
#2074=EDGE_CURVE('',#2703,#2704,#3294,.T.);
#2075=EDGE_CURVE('',#2704,#2705,#3295,.F.);
#2076=EDGE_CURVE('',#2705,#2706,#3296,.F.);
#2077=EDGE_CURVE('',#2706,#2703,#3297,.T.);
#2078=EDGE_CURVE('',#2707,#2708,#3298,.T.);
#2079=EDGE_CURVE('',#2708,#2709,#3299,.F.);
#2080=EDGE_CURVE('',#2709,#2710,#3300,.F.);
#2081=EDGE_CURVE('',#2710,#2707,#3301,.T.);
#2082=EDGE_CURVE('',#2711,#2711,#68,.T.);
#2083=EDGE_CURVE('',#2712,#2712,#69,.T.);
#2084=EDGE_CURVE('',#2713,#2713,#70,.T.);
#2085=EDGE_CURVE('',#2714,#2714,#71,.T.);
#2086=EDGE_CURVE('',#2715,#2715,#72,.T.);
#2087=EDGE_CURVE('',#2716,#2716,#73,.T.);
#2088=EDGE_CURVE('',#2717,#2718,#3302,.T.);
#2089=EDGE_CURVE('',#2718,#2719,#3303,.T.);
#2090=EDGE_CURVE('',#2720,#2719,#3304,.T.);
#2091=EDGE_CURVE('',#2720,#2717,#3305,.F.);
#2092=EDGE_CURVE('',#2721,#2722,#3306,.F.);
#2093=EDGE_CURVE('',#2722,#2723,#3307,.T.);
#2094=EDGE_CURVE('',#2723,#2724,#3308,.T.);
#2095=EDGE_CURVE('',#2724,#2721,#3309,.F.);
#2096=EDGE_CURVE('',#2719,#2708,#74,.F.);
#2097=EDGE_CURVE('',#2707,#2704,#75,.F.);
#2098=EDGE_CURVE('',#2703,#2699,#76,.F.);
#2099=EDGE_CURVE('',#2700,#2720,#77,.F.);
#2100=EDGE_CURVE('',#2701,#2706,#78,.T.);
#2101=EDGE_CURVE('',#2701,#2722,#79,.F.);
#2102=EDGE_CURVE('',#2722,#2706,#80,.F.);
#2103=EDGE_CURVE('',#2705,#2710,#81,.T.);
#2104=EDGE_CURVE('',#2723,#2705,#82,.T.);
#2105=EDGE_CURVE('',#2702,#2721,#83,.T.);
#2106=EDGE_CURVE('',#2717,#2702,#84,.T.);
#2107=EDGE_CURVE('',#2723,#2710,#85,.F.);
#2108=EDGE_CURVE('',#2717,#2721,#86,.F.);
#2109=EDGE_CURVE('',#2724,#2709,#87,.T.);
#2110=EDGE_CURVE('',#2718,#2724,#88,.T.);
#2111=EDGE_CURVE('',#2718,#2709,#89,.F.);
#2112=EDGE_CURVE('',#2725,#2726,#3310,.T.);
#2113=EDGE_CURVE('',#2727,#2725,#3311,.T.);
#2114=EDGE_CURVE('',#2727,#2728,#3312,.T.);
#2115=EDGE_CURVE('',#2728,#2726,#3313,.T.);
#2116=EDGE_CURVE('',#2725,#2729,#3314,.T.);
#2117=EDGE_CURVE('',#2730,#2729,#3315,.T.);
#2118=EDGE_CURVE('',#2727,#2730,#3316,.T.);
#2119=EDGE_CURVE('',#2729,#2731,#3317,.T.);
#2120=EDGE_CURVE('',#2732,#2731,#3318,.T.);
#2121=EDGE_CURVE('',#2730,#2732,#3319,.T.);
#2122=EDGE_CURVE('',#2726,#2731,#3320,.T.);
#2123=EDGE_CURVE('',#2728,#2732,#3321,.T.);
#2124=EDGE_CURVE('',#2733,#2734,#3322,.T.);
#2125=EDGE_CURVE('',#2734,#2735,#3323,.T.);
#2126=EDGE_CURVE('',#2735,#2736,#3324,.F.);
#2127=EDGE_CURVE('',#2736,#2733,#3325,.F.);
#2128=EDGE_CURVE('',#2737,#2738,#3326,.T.);
#2129=EDGE_CURVE('',#2738,#2739,#3327,.F.);
#2130=EDGE_CURVE('',#2740,#2739,#3328,.T.);
#2131=EDGE_CURVE('',#2740,#2737,#3329,.T.);
#2132=EDGE_CURVE('',#2741,#2742,#3330,.T.);
#2133=EDGE_CURVE('',#2742,#2743,#3331,.F.);
#2134=EDGE_CURVE('',#2744,#2743,#3332,.T.);
#2135=EDGE_CURVE('',#2744,#2741,#3333,.T.);
#2136=EDGE_CURVE('',#2745,#2746,#3334,.T.);
#2137=EDGE_CURVE('',#2746,#2747,#3335,.T.);
#2138=EDGE_CURVE('',#2747,#2748,#3336,.F.);
#2139=EDGE_CURVE('',#2748,#2745,#3337,.F.);
#2140=EDGE_CURVE('',#2749,#2749,#90,.T.);
#2141=EDGE_CURVE('',#2750,#2750,#91,.T.);
#2142=EDGE_CURVE('',#2751,#2751,#92,.T.);
#2143=EDGE_CURVE('',#2752,#2752,#93,.T.);
#2144=EDGE_CURVE('',#2743,#2746,#94,.T.);
#2145=EDGE_CURVE('',#2745,#2734,#95,.T.);
#2146=EDGE_CURVE('',#2733,#2740,#96,.T.);
#2147=EDGE_CURVE('',#2739,#2744,#97,.T.);
#2148=EDGE_CURVE('',#2753,#2754,#3338,.T.);
#2149=EDGE_CURVE('',#2754,#2755,#3339,.F.);
#2150=EDGE_CURVE('',#2755,#2756,#3340,.F.);
#2151=EDGE_CURVE('',#2756,#2753,#3341,.T.);
#2152=EDGE_CURVE('',#2757,#2757,#98,.T.);
#2153=EDGE_CURVE('',#2758,#2758,#99,.T.);
#2154=EDGE_CURVE('',#2759,#2759,#100,.T.);
#2155=EDGE_CURVE('',#2760,#2760,#101,.T.);
#2156=EDGE_CURVE('',#2737,#2736,#102,.T.);
#2157=EDGE_CURVE('',#2737,#2756,#103,.F.);
#2158=EDGE_CURVE('',#2756,#2736,#104,.F.);
#2159=EDGE_CURVE('',#2735,#2748,#105,.T.);
#2160=EDGE_CURVE('',#2753,#2735,#106,.T.);
#2161=EDGE_CURVE('',#2738,#2755,#107,.T.);
#2162=EDGE_CURVE('',#2741,#2738,#108,.T.);
#2163=EDGE_CURVE('',#2753,#2748,#109,.F.);
#2164=EDGE_CURVE('',#2741,#2755,#110,.F.);
#2165=EDGE_CURVE('',#2754,#2747,#111,.T.);
#2166=EDGE_CURVE('',#2742,#2754,#112,.T.);
#2167=EDGE_CURVE('',#2742,#2747,#113,.F.);
#2168=EDGE_CURVE('',#2761,#2762,#3342,.T.);
#2169=EDGE_CURVE('',#2762,#2763,#3343,.T.);
#2170=EDGE_CURVE('',#2764,#2763,#3344,.T.);
#2171=EDGE_CURVE('',#2764,#2765,#3345,.T.);
#2172=EDGE_CURVE('',#2765,#2766,#3346,.T.);
#2173=EDGE_CURVE('',#2766,#2767,#3347,.T.);
#2174=EDGE_CURVE('',#2767,#2761,#3348,.T.);
#2175=EDGE_CURVE('',#2768,#2769,#3349,.T.);
#2176=EDGE_CURVE('',#2770,#2768,#3350,.T.);
#2177=EDGE_CURVE('',#2770,#2771,#3351,.T.);
#2178=EDGE_CURVE('',#2772,#2771,#3352,.T.);
#2179=EDGE_CURVE('',#2773,#2772,#3353,.T.);
#2180=EDGE_CURVE('',#2773,#2774,#3354,.T.);
#2181=EDGE_CURVE('',#2774,#2769,#3355,.T.);
#2182=EDGE_CURVE('',#2775,#2776,#3356,.T.);
#2183=EDGE_CURVE('',#2776,#2777,#17,.T.);
#2184=EDGE_CURVE('',#2777,#2778,#3357,.T.);
#2185=EDGE_CURVE('',#2778,#2779,#3358,.T.);
#2186=EDGE_CURVE('',#2779,#2780,#3359,.F.);
#2187=EDGE_CURVE('',#2780,#2781,#3360,.F.);
#2188=EDGE_CURVE('',#2781,#2775,#3361,.T.);
#2189=EDGE_CURVE('',#2782,#2783,#3362,.T.);
#2190=EDGE_CURVE('',#2783,#2784,#3363,.T.);
#2191=EDGE_CURVE('',#2784,#2785,#3364,.T.);
#2192=EDGE_CURVE('',#2786,#2785,#3365,.T.);
#2193=EDGE_CURVE('',#2786,#2787,#18,.T.);
#2194=EDGE_CURVE('',#2788,#2787,#3366,.T.);
#2195=EDGE_CURVE('',#2782,#2788,#3367,.T.);
#2196=EDGE_CURVE('',#2789,#2790,#3368,.F.);
#2197=EDGE_CURVE('',#2790,#2791,#3369,.F.);
#2198=EDGE_CURVE('',#2791,#2792,#3370,.F.);
#2199=EDGE_CURVE('',#2792,#2793,#3371,.F.);
#2200=EDGE_CURVE('',#2793,#2794,#3372,.T.);
#2201=EDGE_CURVE('',#2794,#2795,#3373,.T.);
#2202=EDGE_CURVE('',#2796,#2795,#3374,.T.);
#2203=EDGE_CURVE('',#2796,#2789,#3375,.F.);
#2204=EDGE_CURVE('',#2797,#2797,#114,.T.);
#2205=EDGE_CURVE('',#2798,#2799,#3376,.F.);
#2206=EDGE_CURVE('',#2799,#2800,#3377,.F.);
#2207=EDGE_CURVE('',#2800,#2801,#3378,.F.);
#2208=EDGE_CURVE('',#2801,#2802,#3379,.T.);
#2209=EDGE_CURVE('',#2802,#2803,#3380,.T.);
#2210=EDGE_CURVE('',#2803,#2804,#3381,.T.);
#2211=EDGE_CURVE('',#2805,#2804,#3382,.T.);
#2212=EDGE_CURVE('',#2805,#2798,#3383,.T.);
#2213=EDGE_CURVE('',#2806,#2806,#115,.T.);
#2214=EDGE_CURVE('',#2807,#2808,#3384,.F.);
#2215=EDGE_CURVE('',#2808,#2809,#3385,.F.);
#2216=EDGE_CURVE('',#2809,#2810,#3386,.T.);
#2217=EDGE_CURVE('',#2807,#2810,#3387,.F.);
#2218=EDGE_CURVE('',#2811,#2812,#3388,.T.);
#2219=EDGE_CURVE('',#2811,#2813,#3389,.T.);
#2220=EDGE_CURVE('',#2813,#2814,#3390,.T.);
#2221=EDGE_CURVE('',#2812,#2814,#3391,.T.);
#2222=EDGE_CURVE('',#2800,#2783,#116,.T.);
#2223=EDGE_CURVE('',#2782,#2801,#117,.F.);
#2224=EDGE_CURVE('',#2815,#2813,#118,.T.);
#2225=EDGE_CURVE('',#2816,#2815,#3392,.T.);
#2226=EDGE_CURVE('',#2816,#2799,#119,.T.);
#2227=EDGE_CURVE('',#2798,#2814,#120,.F.);
#2228=EDGE_CURVE('',#2780,#2790,#121,.T.);
#2229=EDGE_CURVE('',#2789,#2781,#122,.F.);
#2230=EDGE_CURVE('',#2791,#2817,#123,.T.);
#2231=EDGE_CURVE('',#2818,#2817,#3393,.F.);
#2232=EDGE_CURVE('',#2808,#2818,#124,.T.);
#2233=EDGE_CURVE('',#2807,#2792,#125,.F.);
#2234=EDGE_CURVE('',#2819,#2820,#3394,.T.);
#2235=EDGE_CURVE('',#2821,#2819,#3395,.T.);
#2236=EDGE_CURVE('',#2822,#2821,#3396,.T.);
#2237=EDGE_CURVE('',#2823,#2822,#3397,.T.);
#2238=EDGE_CURVE('',#2824,#2823,#3398,.T.);
#2239=EDGE_CURVE('',#2820,#2824,#3399,.T.);
#2240=EDGE_CURVE('',#2774,#2811,#3400,.T.);
#2241=EDGE_CURVE('',#2812,#2825,#3401,.T.);
#2242=EDGE_CURVE('',#2826,#2825,#3402,.T.);
#2243=EDGE_CURVE('',#2826,#2769,#3403,.T.);
#2244=EDGE_CURVE('',#2809,#2764,#3404,.T.);
#2245=EDGE_CURVE('',#2763,#2827,#3405,.T.);
#2246=EDGE_CURVE('',#2827,#2810,#3406,.T.);
#2247=EDGE_CURVE('',#2773,#2765,#3407,.T.);
#2248=EDGE_CURVE('',#2772,#2766,#3408,.T.);
#2249=EDGE_CURVE('',#2787,#2776,#19,.T.);
#2250=EDGE_CURVE('',#2788,#2775,#3409,.T.);
#2251=EDGE_CURVE('',#2828,#2829,#3410,.T.);
#2252=EDGE_CURVE('',#2830,#2828,#3411,.T.);
#2253=EDGE_CURVE('',#2830,#2829,#126,.T.);
#2254=EDGE_CURVE('',#2831,#2832,#3412,.T.);
#2255=EDGE_CURVE('',#2832,#2833,#3413,.T.);
#2256=EDGE_CURVE('',#2833,#2831,#127,.F.);
#2257=EDGE_CURVE('',#2833,#2829,#3414,.T.);
#2258=EDGE_CURVE('',#2766,#2830,#3415,.T.);
#2259=EDGE_CURVE('',#2831,#2772,#3416,.T.);
#2260=EDGE_CURVE('',#2832,#2771,#3417,.T.);
#2261=EDGE_CURVE('',#2767,#2828,#3418,.T.);
#2262=EDGE_CURVE('',#2834,#2805,#3419,.T.);
#2263=EDGE_CURVE('',#2835,#2834,#3420,.T.);
#2264=EDGE_CURVE('',#2835,#2802,#3421,.T.);
#2265=EDGE_CURVE('',#2836,#2796,#3422,.T.);
#2266=EDGE_CURVE('',#2837,#2836,#3423,.T.);
#2267=EDGE_CURVE('',#2837,#2793,#3424,.T.);
#2268=EDGE_CURVE('',#2838,#2827,#3425,.T.);
#2269=EDGE_CURVE('',#2839,#2838,#3426,.T.);
#2270=EDGE_CURVE('',#2839,#2761,#3427,.T.);
#2271=EDGE_CURVE('',#2840,#2770,#3428,.T.);
#2272=EDGE_CURVE('',#2825,#2840,#3429,.T.);
#2273=EDGE_CURVE('',#2841,#2842,#3430,.T.);
#2274=EDGE_CURVE('',#2842,#2843,#3431,.T.);
#2275=EDGE_CURVE('',#2844,#2843,#3432,.T.);
#2276=EDGE_CURVE('',#2841,#2844,#3433,.T.);
#2277=EDGE_CURVE('',#2845,#2846,#3434,.T.);
#2278=EDGE_CURVE('',#2846,#2847,#3435,.T.);
#2279=EDGE_CURVE('',#2848,#2847,#3436,.T.);
#2280=EDGE_CURVE('',#2845,#2848,#3437,.T.);
#2281=EDGE_CURVE('',#2817,#2849,#128,.T.);
#2282=EDGE_CURVE('',#2850,#2849,#3438,.T.);
#2283=EDGE_CURVE('',#2816,#2850,#129,.T.);
#2284=EDGE_CURVE('',#2817,#2816,#3439,.F.);
#2285=EDGE_CURVE('',#2851,#2851,#130,.F.);
#2286=EDGE_CURVE('',#2852,#2852,#131,.F.);
#2287=EDGE_CURVE('',#2853,#2854,#3440,.T.);
#2288=EDGE_CURVE('',#2854,#2855,#132,.F.);
#2289=EDGE_CURVE('',#2856,#2855,#3441,.T.);
#2290=EDGE_CURVE('',#2856,#2857,#133,.F.);
#2291=EDGE_CURVE('',#2857,#2858,#3442,.F.);
#2292=EDGE_CURVE('',#2858,#2859,#3443,.F.);
#2293=EDGE_CURVE('',#2859,#2860,#134,.F.);
#2294=EDGE_CURVE('',#2860,#2861,#3444,.T.);
#2295=EDGE_CURVE('',#2861,#2850,#135,.F.);
#2296=EDGE_CURVE('',#2849,#2862,#136,.F.);
#2297=EDGE_CURVE('',#2862,#2863,#3445,.F.);
#2298=EDGE_CURVE('',#2863,#2864,#137,.F.);
#2299=EDGE_CURVE('',#2864,#2853,#3446,.T.);
#2300=EDGE_CURVE('',#2865,#2866,#138,.T.);
#2301=EDGE_CURVE('',#2866,#2867,#139,.T.);
#2302=EDGE_CURVE('',#2867,#2868,#3447,.T.);
#2303=EDGE_CURVE('',#2868,#2869,#140,.T.);
#2304=EDGE_CURVE('',#2869,#2870,#141,.T.);
#2305=EDGE_CURVE('',#2871,#2870,#3448,.T.);
#2306=EDGE_CURVE('',#2871,#2872,#142,.T.);
#2307=EDGE_CURVE('',#2873,#2872,#3449,.T.);
#2308=EDGE_CURVE('',#2873,#2874,#143,.T.);
#2309=EDGE_CURVE('',#2865,#2874,#3450,.T.);
#2310=EDGE_CURVE('',#2875,#2876,#144,.T.);
#2311=EDGE_CURVE('',#2875,#2869,#3451,.T.);
#2312=EDGE_CURVE('',#2877,#2868,#3452,.T.);
#2313=EDGE_CURVE('',#2877,#2876,#20,.T.);
#2314=EDGE_CURVE('',#2878,#2875,#145,.T.);
#2315=EDGE_CURVE('',#2870,#2878,#3453,.F.);
#2316=EDGE_CURVE('',#2879,#2878,#3454,.T.);
#2317=EDGE_CURVE('',#2879,#2871,#3455,.T.);
#2318=EDGE_CURVE('',#2880,#2879,#146,.T.);
#2319=EDGE_CURVE('',#2872,#2880,#3456,.F.);
#2320=EDGE_CURVE('',#2881,#2880,#3457,.T.);
#2321=EDGE_CURVE('',#2881,#2873,#3458,.T.);
#2322=EDGE_CURVE('',#2882,#2881,#147,.T.);
#2323=EDGE_CURVE('',#2874,#2882,#3459,.F.);
#2324=EDGE_CURVE('',#2883,#2882,#3460,.T.);
#2325=EDGE_CURVE('',#2883,#2865,#3461,.T.);
#2326=EDGE_CURVE('',#2884,#2883,#148,.T.);
#2327=EDGE_CURVE('',#2884,#2866,#3462,.T.);
#2328=EDGE_CURVE('',#2885,#2884,#149,.T.);
#2329=EDGE_CURVE('',#2885,#2886,#21,.T.);
#2330=EDGE_CURVE('',#2867,#2886,#3463,.F.);
#2331=EDGE_CURVE('',#2886,#2877,#3464,.F.);
#2332=EDGE_CURVE('',#2887,#2888,#150,.F.);
#2333=EDGE_CURVE('',#2857,#2887,#3465,.F.);
#2334=EDGE_CURVE('',#2888,#2856,#3466,.F.);
#2335=EDGE_CURVE('',#2889,#2854,#3467,.F.);
#2336=EDGE_CURVE('',#2890,#2889,#151,.F.);
#2337=EDGE_CURVE('',#2855,#2890,#3468,.T.);
#2338=EDGE_CURVE('',#2888,#2890,#3469,.T.);
#2339=EDGE_CURVE('',#2853,#2779,#15,.T.);
#2340=EDGE_CURVE('',#2780,#2864,#152,.T.);
#2341=EDGE_CURVE('',#2889,#2778,#3470,.T.);
#2342=EDGE_CURVE('',#2785,#2887,#3471,.F.);
#2343=EDGE_CURVE('',#2784,#2858,#16,.F.);
#2344=EDGE_CURVE('',#2783,#2859,#153,.T.);
#2345=EDGE_CURVE('',#2790,#2863,#154,.T.);
#2346=EDGE_CURVE('',#2791,#2862,#155,.T.);
#2347=EDGE_CURVE('',#2799,#2861,#156,.T.);
#2348=EDGE_CURVE('',#2800,#2860,#157,.T.);
#2349=EDGE_CURVE('',#2891,#2892,#3472,.T.);
#2350=EDGE_CURVE('',#2893,#2891,#3473,.T.);
#2351=EDGE_CURVE('',#2894,#2893,#3474,.T.);
#2352=EDGE_CURVE('',#2895,#2894,#3475,.T.);
#2353=EDGE_CURVE('',#2896,#2895,#3476,.T.);
#2354=EDGE_CURVE('',#2892,#2896,#3477,.T.);
#2355=EDGE_CURVE('',#2815,#2897,#3478,.T.);
#2356=EDGE_CURVE('',#2898,#2897,#3479,.T.);
#2357=EDGE_CURVE('',#2898,#2899,#3480,.T.);
#2358=EDGE_CURVE('',#2899,#2900,#3481,.T.);
#2359=EDGE_CURVE('',#2900,#2818,#3482,.T.);
#2360=EDGE_CURVE('',#2897,#2901,#3483,.T.);
#2361=EDGE_CURVE('',#2900,#2902,#3484,.T.);
#2362=EDGE_CURVE('',#2902,#2901,#3485,.T.);
#2363=EDGE_CURVE('',#2903,#2903,#158,.F.);
#2364=EDGE_CURVE('',#2904,#2904,#159,.F.);
#2365=EDGE_CURVE('',#2777,#2885,#22,.T.);
#2366=EDGE_CURVE('',#2876,#2786,#23,.T.);
#2367=EDGE_CURVE('',#2905,#2841,#3486,.T.);
#2368=EDGE_CURVE('',#2905,#2906,#3487,.T.);
#2369=EDGE_CURVE('',#2906,#2842,#3488,.T.);
#2370=EDGE_CURVE('',#2907,#2844,#3489,.T.);
#2371=EDGE_CURVE('',#2905,#2907,#3490,.T.);
#2372=EDGE_CURVE('',#2908,#2843,#3491,.T.);
#2373=EDGE_CURVE('',#2907,#2908,#3492,.T.);
#2374=EDGE_CURVE('',#2906,#2908,#3493,.T.);
#2375=EDGE_CURVE('',#2909,#2845,#3494,.T.);
#2376=EDGE_CURVE('',#2909,#2910,#3495,.T.);
#2377=EDGE_CURVE('',#2910,#2846,#3496,.T.);
#2378=EDGE_CURVE('',#2911,#2848,#3497,.T.);
#2379=EDGE_CURVE('',#2909,#2911,#3498,.T.);
#2380=EDGE_CURVE('',#2912,#2847,#3499,.T.);
#2381=EDGE_CURVE('',#2911,#2912,#3500,.T.);
#2382=EDGE_CURVE('',#2910,#2912,#3501,.T.);
#2383=EDGE_CURVE('',#2837,#2913,#3502,.T.);
#2384=EDGE_CURVE('',#2913,#2794,#3503,.T.);
#2385=EDGE_CURVE('',#2913,#2914,#3504,.T.);
#2386=EDGE_CURVE('',#2914,#2795,#3505,.T.);
#2387=EDGE_CURVE('',#2836,#2914,#3506,.T.);
#2388=EDGE_CURVE('',#2915,#2915,#160,.T.);
#2389=EDGE_CURVE('',#2916,#2804,#3507,.T.);
#2390=EDGE_CURVE('',#2834,#2916,#3508,.T.);
#2391=EDGE_CURVE('',#2835,#2917,#3509,.T.);
#2392=EDGE_CURVE('',#2917,#2803,#3510,.T.);
#2393=EDGE_CURVE('',#2917,#2916,#3511,.T.);
#2394=EDGE_CURVE('',#2918,#2918,#161,.T.);
#2395=EDGE_CURVE('',#2919,#2920,#3512,.T.);
#2396=EDGE_CURVE('',#2921,#2919,#3513,.T.);
#2397=EDGE_CURVE('',#2922,#2921,#3514,.T.);
#2398=EDGE_CURVE('',#2923,#2922,#3515,.T.);
#2399=EDGE_CURVE('',#2924,#2923,#3516,.T.);
#2400=EDGE_CURVE('',#2920,#2924,#3517,.T.);
#2401=EDGE_CURVE('',#2925,#2902,#3518,.T.);
#2402=EDGE_CURVE('',#2925,#2926,#3519,.T.);
#2403=EDGE_CURVE('',#2926,#2901,#3520,.T.);
#2404=EDGE_CURVE('',#2899,#2925,#3521,.T.);
#2405=EDGE_CURVE('',#2898,#2926,#3522,.T.);
#2406=EDGE_CURVE('',#2920,#2891,#3523,.T.);
#2407=EDGE_CURVE('',#2919,#2892,#3524,.T.);
#2408=EDGE_CURVE('',#2921,#2896,#3525,.T.);
#2409=EDGE_CURVE('',#2922,#2895,#3526,.T.);
#2410=EDGE_CURVE('',#2923,#2894,#3527,.T.);
#2411=EDGE_CURVE('',#2924,#2893,#3528,.T.);
#2412=EDGE_CURVE('',#2927,#2928,#3529,.T.);
#2413=EDGE_CURVE('',#2928,#2929,#3530,.T.);
#2414=EDGE_CURVE('',#2929,#2930,#3531,.T.);
#2415=EDGE_CURVE('',#2930,#2931,#3532,.T.);
#2416=EDGE_CURVE('',#2931,#2932,#3533,.T.);
#2417=EDGE_CURVE('',#2932,#2927,#3534,.T.);
#2418=EDGE_CURVE('',#2933,#2768,#3535,.T.);
#2419=EDGE_CURVE('',#2840,#2933,#3536,.T.);
#2420=EDGE_CURVE('',#2826,#2933,#3537,.T.);
#2421=EDGE_CURVE('',#2928,#2819,#3538,.T.);
#2422=EDGE_CURVE('',#2929,#2820,#3539,.T.);
#2423=EDGE_CURVE('',#2930,#2824,#3540,.T.);
#2424=EDGE_CURVE('',#2931,#2823,#3541,.T.);
#2425=EDGE_CURVE('',#2932,#2822,#3542,.T.);
#2426=EDGE_CURVE('',#2927,#2821,#3543,.T.);
#2427=EDGE_CURVE('',#2934,#2935,#3544,.T.);
#2428=EDGE_CURVE('',#2936,#2934,#3545,.T.);
#2429=EDGE_CURVE('',#2937,#2936,#3546,.T.);
#2430=EDGE_CURVE('',#2938,#2937,#3547,.T.);
#2431=EDGE_CURVE('',#2939,#2938,#3548,.T.);
#2432=EDGE_CURVE('',#2935,#2939,#3549,.T.);
#2433=EDGE_CURVE('',#2839,#2940,#3550,.T.);
#2434=EDGE_CURVE('',#2940,#2762,#3551,.T.);
#2435=EDGE_CURVE('',#2941,#2942,#3552,.T.);
#2436=EDGE_CURVE('',#2943,#2941,#3553,.T.);
#2437=EDGE_CURVE('',#2944,#2943,#3554,.T.);
#2438=EDGE_CURVE('',#2945,#2944,#3555,.T.);
#2439=EDGE_CURVE('',#2946,#2945,#3556,.T.);
#2440=EDGE_CURVE('',#2942,#2946,#3557,.T.);
#2441=EDGE_CURVE('',#2947,#2763,#3558,.T.);
#2442=EDGE_CURVE('',#2947,#2838,#3559,.T.);
#2443=EDGE_CURVE('',#2947,#2940,#3560,.T.);
#2444=EDGE_CURVE('',#2935,#2941,#3561,.T.);
#2445=EDGE_CURVE('',#2934,#2942,#3562,.T.);
#2446=EDGE_CURVE('',#2936,#2946,#3563,.T.);
#2447=EDGE_CURVE('',#2937,#2945,#3564,.T.);
#2448=EDGE_CURVE('',#2938,#2944,#3565,.T.);
#2449=EDGE_CURVE('',#2939,#2943,#3566,.T.);
#2450=EDGE_CURVE('',#2948,#2949,#3567,.T.);
#2451=EDGE_CURVE('',#2950,#2948,#3568,.T.);
#2452=EDGE_CURVE('',#2950,#2951,#3569,.T.);
#2453=EDGE_CURVE('',#2951,#2949,#3570,.T.);
#2454=EDGE_CURVE('',#2948,#2952,#3571,.T.);
#2455=EDGE_CURVE('',#2953,#2952,#3572,.T.);
#2456=EDGE_CURVE('',#2950,#2953,#3573,.T.);
#2457=EDGE_CURVE('',#2952,#2954,#3574,.T.);
#2458=EDGE_CURVE('',#2955,#2954,#3575,.T.);
#2459=EDGE_CURVE('',#2953,#2955,#3576,.T.);
#2460=EDGE_CURVE('',#2949,#2954,#3577,.T.);
#2461=EDGE_CURVE('',#2951,#2955,#3578,.T.);
#2462=VERTEX_POINT('',#7337);
#2463=VERTEX_POINT('',#7338);
#2464=VERTEX_POINT('',#7340);
#2465=VERTEX_POINT('',#7342);
#2466=VERTEX_POINT('',#7346);
#2467=VERTEX_POINT('',#7348);
#2468=VERTEX_POINT('',#7352);
#2469=VERTEX_POINT('',#7354);
#2470=VERTEX_POINT('',#7361);
#2471=VERTEX_POINT('',#7363);
#2472=VERTEX_POINT('',#7366);
#2473=VERTEX_POINT('',#7368);
#2474=VERTEX_POINT('',#7374);
#2475=VERTEX_POINT('',#7375);
#2476=VERTEX_POINT('',#7377);
#2477=VERTEX_POINT('',#7379);
#2478=VERTEX_POINT('',#7381);
#2479=VERTEX_POINT('',#7383);
#2480=VERTEX_POINT('',#7387);
#2481=VERTEX_POINT('',#7388);
#2482=VERTEX_POINT('',#7390);
#2483=VERTEX_POINT('',#7392);
#2484=VERTEX_POINT('',#7394);
#2485=VERTEX_POINT('',#7396);
#2486=VERTEX_POINT('',#7400);
#2487=VERTEX_POINT('',#7401);
#2488=VERTEX_POINT('',#7403);
#2489=VERTEX_POINT('',#7405);
#2490=VERTEX_POINT('',#7407);
#2491=VERTEX_POINT('',#7409);
#2492=VERTEX_POINT('',#7411);
#2493=VERTEX_POINT('',#7413);
#2494=VERTEX_POINT('',#7417);
#2495=VERTEX_POINT('',#7418);
#2496=VERTEX_POINT('',#7420);
#2497=VERTEX_POINT('',#7422);
#2498=VERTEX_POINT('',#7426);
#2499=VERTEX_POINT('',#7428);
#2500=VERTEX_POINT('',#7432);
#2501=VERTEX_POINT('',#7434);
#2502=VERTEX_POINT('',#7438);
#2503=VERTEX_POINT('',#7440);
#2504=VERTEX_POINT('',#7444);
#2505=VERTEX_POINT('',#7446);
#2506=VERTEX_POINT('',#7453);
#2507=VERTEX_POINT('',#7454);
#2508=VERTEX_POINT('',#7456);
#2509=VERTEX_POINT('',#7458);
#2510=VERTEX_POINT('',#7462);
#2511=VERTEX_POINT('',#7464);
#2512=VERTEX_POINT('',#7468);
#2513=VERTEX_POINT('',#7470);
#2514=VERTEX_POINT('',#7474);
#2515=VERTEX_POINT('',#7476);
#2516=VERTEX_POINT('',#7480);
#2517=VERTEX_POINT('',#7482);
#2518=VERTEX_POINT('',#7489);
#2519=VERTEX_POINT('',#7491);
#2520=VERTEX_POINT('',#7494);
#2521=VERTEX_POINT('',#7496);
#2522=VERTEX_POINT('',#7498);
#2523=VERTEX_POINT('',#7500);
#2524=VERTEX_POINT('',#7502);
#2525=VERTEX_POINT('',#7504);
#2526=VERTEX_POINT('',#7506);
#2527=VERTEX_POINT('',#7508);
#2528=VERTEX_POINT('',#7510);
#2529=VERTEX_POINT('',#7512);
#2530=VERTEX_POINT('',#7514);
#2531=VERTEX_POINT('',#7516);
#2532=VERTEX_POINT('',#7519);
#2533=VERTEX_POINT('',#7521);
#2534=VERTEX_POINT('',#7523);
#2535=VERTEX_POINT('',#7525);
#2536=VERTEX_POINT('',#7527);
#2537=VERTEX_POINT('',#7529);
#2538=VERTEX_POINT('',#7532);
#2539=VERTEX_POINT('',#7534);
#2540=VERTEX_POINT('',#7536);
#2541=VERTEX_POINT('',#7538);
#2542=VERTEX_POINT('',#7540);
#2543=VERTEX_POINT('',#7542);
#2544=VERTEX_POINT('',#7544);
#2545=VERTEX_POINT('',#7546);
#2546=VERTEX_POINT('',#7548);
#2547=VERTEX_POINT('',#7550);
#2548=VERTEX_POINT('',#7552);
#2549=VERTEX_POINT('',#7554);
#2550=VERTEX_POINT('',#7557);
#2551=VERTEX_POINT('',#7558);
#2552=VERTEX_POINT('',#7560);
#2553=VERTEX_POINT('',#7562);
#2554=VERTEX_POINT('',#7565);
#2555=VERTEX_POINT('',#7566);
#2556=VERTEX_POINT('',#7568);
#2557=VERTEX_POINT('',#7570);
#2558=VERTEX_POINT('',#7574);
#2559=VERTEX_POINT('',#7575);
#2560=VERTEX_POINT('',#7577);
#2561=VERTEX_POINT('',#7579);
#2562=VERTEX_POINT('',#7582);
#2563=VERTEX_POINT('',#7583);
#2564=VERTEX_POINT('',#7585);
#2565=VERTEX_POINT('',#7587);
#2566=VERTEX_POINT('',#7590);
#2567=VERTEX_POINT('',#7591);
#2568=VERTEX_POINT('',#7593);
#2569=VERTEX_POINT('',#7595);
#2570=VERTEX_POINT('',#7598);
#2571=VERTEX_POINT('',#7599);
#2572=VERTEX_POINT('',#7601);
#2573=VERTEX_POINT('',#7603);
#2574=VERTEX_POINT('',#7606);
#2575=VERTEX_POINT('',#7607);
#2576=VERTEX_POINT('',#7609);
#2577=VERTEX_POINT('',#7611);
#2578=VERTEX_POINT('',#7613);
#2579=VERTEX_POINT('',#7615);
#2580=VERTEX_POINT('',#7617);
#2581=VERTEX_POINT('',#7620);
#2582=VERTEX_POINT('',#7622);
#2583=VERTEX_POINT('',#7624);
#2584=VERTEX_POINT('',#7626);
#2585=VERTEX_POINT('',#7629);
#2586=VERTEX_POINT('',#7631);
#2587=VERTEX_POINT('',#7633);
#2588=VERTEX_POINT('',#7635);
#2589=VERTEX_POINT('',#7637);
#2590=VERTEX_POINT('',#7639);
#2591=VERTEX_POINT('',#7641);
#2592=VERTEX_POINT('',#7643);
#2593=VERTEX_POINT('',#7645);
#2594=VERTEX_POINT('',#7647);
#2595=VERTEX_POINT('',#7649);
#2596=VERTEX_POINT('',#7651);
#2597=VERTEX_POINT('',#7653);
#2598=VERTEX_POINT('',#7656);
#2599=VERTEX_POINT('',#7658);
#2600=VERTEX_POINT('',#7660);
#2601=VERTEX_POINT('',#7662);
#2602=VERTEX_POINT('',#7664);
#2603=VERTEX_POINT('',#7668);
#2604=VERTEX_POINT('',#7670);
#2605=VERTEX_POINT('',#7674);
#2606=VERTEX_POINT('',#7676);
#2607=VERTEX_POINT('',#7680);
#2608=VERTEX_POINT('',#7684);
#2609=VERTEX_POINT('',#7688);
#2610=VERTEX_POINT('',#7690);
#2611=VERTEX_POINT('',#7694);
#2612=VERTEX_POINT('',#7698);
#2613=VERTEX_POINT('',#7704);
#2614=VERTEX_POINT('',#7706);
#2615=VERTEX_POINT('',#7710);
#2616=VERTEX_POINT('',#7714);
#2617=VERTEX_POINT('',#7732);
#2618=VERTEX_POINT('',#7734);
#2619=VERTEX_POINT('',#7744);
#2620=VERTEX_POINT('',#7745);
#2621=VERTEX_POINT('',#7747);
#2622=VERTEX_POINT('',#7749);
#2623=VERTEX_POINT('',#7751);
#2624=VERTEX_POINT('',#7753);
#2625=VERTEX_POINT('',#7756);
#2626=VERTEX_POINT('',#7767);
#2627=VERTEX_POINT('',#7768);
#2628=VERTEX_POINT('',#7774);
#2629=VERTEX_POINT('',#7783);
#2630=VERTEX_POINT('',#7791);
#2631=VERTEX_POINT('',#7793);
#2632=VERTEX_POINT('',#7797);
#2633=VERTEX_POINT('',#7798);
#2634=VERTEX_POINT('',#7800);
#2635=VERTEX_POINT('',#7802);
#2636=VERTEX_POINT('',#7804);
#2637=VERTEX_POINT('',#7806);
#2638=VERTEX_POINT('',#7827);
#2639=VERTEX_POINT('',#7831);
#2640=VERTEX_POINT('',#7837);
#2641=VERTEX_POINT('',#7838);
#2642=VERTEX_POINT('',#7840);
#2643=VERTEX_POINT('',#7842);
#2644=VERTEX_POINT('',#7844);
#2645=VERTEX_POINT('',#7846);
#2646=VERTEX_POINT('',#7850);
#2647=VERTEX_POINT('',#7852);
#2648=VERTEX_POINT('',#7856);
#2649=VERTEX_POINT('',#7860);
#2650=VERTEX_POINT('',#7864);
#2651=VERTEX_POINT('',#7868);
#2652=VERTEX_POINT('',#7875);
#2653=VERTEX_POINT('',#7877);
#2654=VERTEX_POINT('',#7885);
#2655=VERTEX_POINT('',#7886);
#2656=VERTEX_POINT('',#7888);
#2657=VERTEX_POINT('',#7890);
#2658=VERTEX_POINT('',#7892);
#2659=VERTEX_POINT('',#7894);
#2660=VERTEX_POINT('',#7898);
#2661=VERTEX_POINT('',#7900);
#2662=VERTEX_POINT('',#7904);
#2663=VERTEX_POINT('',#7908);
#2664=VERTEX_POINT('',#7912);
#2665=VERTEX_POINT('',#7916);
#2666=VERTEX_POINT('',#7923);
#2667=VERTEX_POINT('',#7927);
#2668=VERTEX_POINT('',#7931);
#2669=VERTEX_POINT('',#7932);
#2670=VERTEX_POINT('',#7934);
#2671=VERTEX_POINT('',#7936);
#2672=VERTEX_POINT('',#7938);
#2673=VERTEX_POINT('',#7940);
#2674=VERTEX_POINT('',#7958);
#2675=VERTEX_POINT('',#7962);
#2676=VERTEX_POINT('',#7969);
#2677=VERTEX_POINT('',#7973);
#2678=VERTEX_POINT('',#7980);
#2679=VERTEX_POINT('',#7981);
#2680=VERTEX_POINT('',#7983);
#2681=VERTEX_POINT('',#7985);
#2682=VERTEX_POINT('',#7987);
#2683=VERTEX_POINT('',#7989);
#2684=VERTEX_POINT('',#7992);
#2685=VERTEX_POINT('',#7999);
#2686=VERTEX_POINT('',#8000);
#2687=VERTEX_POINT('',#8002);
#2688=VERTEX_POINT('',#8004);
#2689=VERTEX_POINT('',#8006);
#2690=VERTEX_POINT('',#8008);
#2691=VERTEX_POINT('',#8011);
#2692=VERTEX_POINT('',#8015);
#2693=VERTEX_POINT('',#8019);
#2694=VERTEX_POINT('',#8020);
#2695=VERTEX_POINT('',#8022);
#2696=VERTEX_POINT('',#8024);
#2697=VERTEX_POINT('',#8026);
#2698=VERTEX_POINT('',#8028);
#2699=VERTEX_POINT('',#8059);
#2700=VERTEX_POINT('',#8060);
#2701=VERTEX_POINT('',#8062);
#2702=VERTEX_POINT('',#8064);
#2703=VERTEX_POINT('',#8068);
#2704=VERTEX_POINT('',#8069);
#2705=VERTEX_POINT('',#8071);
#2706=VERTEX_POINT('',#8073);
#2707=VERTEX_POINT('',#8077);
#2708=VERTEX_POINT('',#8078);
#2709=VERTEX_POINT('',#8080);
#2710=VERTEX_POINT('',#8082);
#2711=VERTEX_POINT('',#8086);
#2712=VERTEX_POINT('',#8088);
#2713=VERTEX_POINT('',#8091);
#2714=VERTEX_POINT('',#8093);
#2715=VERTEX_POINT('',#8096);
#2716=VERTEX_POINT('',#8098);
#2717=VERTEX_POINT('',#8101);
#2718=VERTEX_POINT('',#8102);
#2719=VERTEX_POINT('',#8104);
#2720=VERTEX_POINT('',#8106);
#2721=VERTEX_POINT('',#8110);
#2722=VERTEX_POINT('',#8111);
#2723=VERTEX_POINT('',#8113);
#2724=VERTEX_POINT('',#8115);
#2725=VERTEX_POINT('',#8149);
#2726=VERTEX_POINT('',#8150);
#2727=VERTEX_POINT('',#8152);
#2728=VERTEX_POINT('',#8154);
#2729=VERTEX_POINT('',#8158);
#2730=VERTEX_POINT('',#8160);
#2731=VERTEX_POINT('',#8164);
#2732=VERTEX_POINT('',#8166);
#2733=VERTEX_POINT('',#8176);
#2734=VERTEX_POINT('',#8177);
#2735=VERTEX_POINT('',#8179);
#2736=VERTEX_POINT('',#8181);
#2737=VERTEX_POINT('',#8185);
#2738=VERTEX_POINT('',#8186);
#2739=VERTEX_POINT('',#8188);
#2740=VERTEX_POINT('',#8190);
#2741=VERTEX_POINT('',#8194);
#2742=VERTEX_POINT('',#8195);
#2743=VERTEX_POINT('',#8197);
#2744=VERTEX_POINT('',#8199);
#2745=VERTEX_POINT('',#8203);
#2746=VERTEX_POINT('',#8204);
#2747=VERTEX_POINT('',#8206);
#2748=VERTEX_POINT('',#8208);
#2749=VERTEX_POINT('',#8212);
#2750=VERTEX_POINT('',#8214);
#2751=VERTEX_POINT('',#8216);
#2752=VERTEX_POINT('',#8218);
#2753=VERTEX_POINT('',#8225);
#2754=VERTEX_POINT('',#8226);
#2755=VERTEX_POINT('',#8228);
#2756=VERTEX_POINT('',#8230);
#2757=VERTEX_POINT('',#8233);
#2758=VERTEX_POINT('',#8235);
#2759=VERTEX_POINT('',#8237);
#2760=VERTEX_POINT('',#8239);
#2761=VERTEX_POINT('',#8271);
#2762=VERTEX_POINT('',#8272);
#2763=VERTEX_POINT('',#8274);
#2764=VERTEX_POINT('',#8276);
#2765=VERTEX_POINT('',#8278);
#2766=VERTEX_POINT('',#8280);
#2767=VERTEX_POINT('',#8282);
#2768=VERTEX_POINT('',#8286);
#2769=VERTEX_POINT('',#8287);
#2770=VERTEX_POINT('',#8289);
#2771=VERTEX_POINT('',#8291);
#2772=VERTEX_POINT('',#8293);
#2773=VERTEX_POINT('',#8295);
#2774=VERTEX_POINT('',#8297);
#2775=VERTEX_POINT('',#8301);
#2776=VERTEX_POINT('',#8302);
#2777=VERTEX_POINT('',#8310);
#2778=VERTEX_POINT('',#8312);
#2779=VERTEX_POINT('',#8314);
#2780=VERTEX_POINT('',#8316);
#2781=VERTEX_POINT('',#8318);
#2782=VERTEX_POINT('',#8322);
#2783=VERTEX_POINT('',#8323);
#2784=VERTEX_POINT('',#8325);
#2785=VERTEX_POINT('',#8327);
#2786=VERTEX_POINT('',#8329);
#2787=VERTEX_POINT('',#8337);
#2788=VERTEX_POINT('',#8339);
#2789=VERTEX_POINT('',#8343);
#2790=VERTEX_POINT('',#8344);
#2791=VERTEX_POINT('',#8346);
#2792=VERTEX_POINT('',#8348);
#2793=VERTEX_POINT('',#8350);
#2794=VERTEX_POINT('',#8352);
#2795=VERTEX_POINT('',#8354);
#2796=VERTEX_POINT('',#8356);
#2797=VERTEX_POINT('',#8359);
#2798=VERTEX_POINT('',#8362);
#2799=VERTEX_POINT('',#8363);
#2800=VERTEX_POINT('',#8365);
#2801=VERTEX_POINT('',#8367);
#2802=VERTEX_POINT('',#8369);
#2803=VERTEX_POINT('',#8371);
#2804=VERTEX_POINT('',#8373);
#2805=VERTEX_POINT('',#8375);
#2806=VERTEX_POINT('',#8378);
#2807=VERTEX_POINT('',#8381);
#2808=VERTEX_POINT('',#8382);
#2809=VERTEX_POINT('',#8384);
#2810=VERTEX_POINT('',#8386);
#2811=VERTEX_POINT('',#8390);
#2812=VERTEX_POINT('',#8391);
#2813=VERTEX_POINT('',#8393);
#2814=VERTEX_POINT('',#8395);
#2815=VERTEX_POINT('',#8402);
#2816=VERTEX_POINT('',#8404);
#2817=VERTEX_POINT('',#8412);
#2818=VERTEX_POINT('',#8414);
#2819=VERTEX_POINT('',#8419);
#2820=VERTEX_POINT('',#8420);
#2821=VERTEX_POINT('',#8422);
#2822=VERTEX_POINT('',#8424);
#2823=VERTEX_POINT('',#8426);
#2824=VERTEX_POINT('',#8428);
#2825=VERTEX_POINT('',#8432);
#2826=VERTEX_POINT('',#8434);
#2827=VERTEX_POINT('',#8439);
#2828=VERTEX_POINT('',#8452);
#2829=VERTEX_POINT('',#8453);
#2830=VERTEX_POINT('',#8455);
#2831=VERTEX_POINT('',#8459);
#2832=VERTEX_POINT('',#8460);
#2833=VERTEX_POINT('',#8462);
#2834=VERTEX_POINT('',#8474);
#2835=VERTEX_POINT('',#8476);
#2836=VERTEX_POINT('',#8479);
#2837=VERTEX_POINT('',#8481);
#2838=VERTEX_POINT('',#8484);
#2839=VERTEX_POINT('',#8486);
#2840=VERTEX_POINT('',#8489);
#2841=VERTEX_POINT('',#8492);
#2842=VERTEX_POINT('',#8493);
#2843=VERTEX_POINT('',#8495);
#2844=VERTEX_POINT('',#8497);
#2845=VERTEX_POINT('',#8500);
#2846=VERTEX_POINT('',#8501);
#2847=VERTEX_POINT('',#8503);
#2848=VERTEX_POINT('',#8505);
#2849=VERTEX_POINT('',#8509);
#2850=VERTEX_POINT('',#8511);
#2851=VERTEX_POINT('',#8516);
#2852=VERTEX_POINT('',#8518);
#2853=VERTEX_POINT('',#8520);
#2854=VERTEX_POINT('',#8521);
#2855=VERTEX_POINT('',#8523);
#2856=VERTEX_POINT('',#8525);
#2857=VERTEX_POINT('',#8527);
#2858=VERTEX_POINT('',#8529);
#2859=VERTEX_POINT('',#8531);
#2860=VERTEX_POINT('',#8533);
#2861=VERTEX_POINT('',#8535);
#2862=VERTEX_POINT('',#8538);
#2863=VERTEX_POINT('',#8540);
#2864=VERTEX_POINT('',#8542);
#2865=VERTEX_POINT('',#8545);
#2866=VERTEX_POINT('',#8546);
#2867=VERTEX_POINT('',#8548);
#2868=VERTEX_POINT('',#8550);
#2869=VERTEX_POINT('',#8552);
#2870=VERTEX_POINT('',#8554);
#2871=VERTEX_POINT('',#8556);
#2872=VERTEX_POINT('',#8558);
#2873=VERTEX_POINT('',#8560);
#2874=VERTEX_POINT('',#8562);
#2875=VERTEX_POINT('',#8566);
#2876=VERTEX_POINT('',#8567);
#2877=VERTEX_POINT('',#8570);
#2878=VERTEX_POINT('',#8577);
#2879=VERTEX_POINT('',#8581);
#2880=VERTEX_POINT('',#8585);
#2881=VERTEX_POINT('',#8589);
#2882=VERTEX_POINT('',#8593);
#2883=VERTEX_POINT('',#8597);
#2884=VERTEX_POINT('',#8601);
#2885=VERTEX_POINT('',#8605);
#2886=VERTEX_POINT('',#8610);
#2887=VERTEX_POINT('',#8616);
#2888=VERTEX_POINT('',#8617);
#2889=VERTEX_POINT('',#8622);
#2890=VERTEX_POINT('',#8624);
#2891=VERTEX_POINT('',#8649);
#2892=VERTEX_POINT('',#8650);
#2893=VERTEX_POINT('',#8652);
#2894=VERTEX_POINT('',#8654);
#2895=VERTEX_POINT('',#8656);
#2896=VERTEX_POINT('',#8658);
#2897=VERTEX_POINT('',#8661);
#2898=VERTEX_POINT('',#8663);
#2899=VERTEX_POINT('',#8665);
#2900=VERTEX_POINT('',#8667);
#2901=VERTEX_POINT('',#8672);
#2902=VERTEX_POINT('',#8674);
#2903=VERTEX_POINT('',#8678);
#2904=VERTEX_POINT('',#8680);
#2905=VERTEX_POINT('',#8693);
#2906=VERTEX_POINT('',#8695);
#2907=VERTEX_POINT('',#8699);
#2908=VERTEX_POINT('',#8703);
#2909=VERTEX_POINT('',#8710);
#2910=VERTEX_POINT('',#8712);
#2911=VERTEX_POINT('',#8716);
#2912=VERTEX_POINT('',#8720);
#2913=VERTEX_POINT('',#8727);
#2914=VERTEX_POINT('',#8731);
#2915=VERTEX_POINT('',#8737);
#2916=VERTEX_POINT('',#8741);
#2917=VERTEX_POINT('',#8745);
#2918=VERTEX_POINT('',#8751);
#2919=VERTEX_POINT('',#8763);
#2920=VERTEX_POINT('',#8764);
#2921=VERTEX_POINT('',#8766);
#2922=VERTEX_POINT('',#8768);
#2923=VERTEX_POINT('',#8770);
#2924=VERTEX_POINT('',#8772);
#2925=VERTEX_POINT('',#8775);
#2926=VERTEX_POINT('',#8777);
#2927=VERTEX_POINT('',#8798);
#2928=VERTEX_POINT('',#8799);
#2929=VERTEX_POINT('',#8801);
#2930=VERTEX_POINT('',#8803);
#2931=VERTEX_POINT('',#8805);
#2932=VERTEX_POINT('',#8807);
#2933=VERTEX_POINT('',#8810);
#2934=VERTEX_POINT('',#8828);
#2935=VERTEX_POINT('',#8829);
#2936=VERTEX_POINT('',#8831);
#2937=VERTEX_POINT('',#8833);
#2938=VERTEX_POINT('',#8835);
#2939=VERTEX_POINT('',#8837);
#2940=VERTEX_POINT('',#8840);
#2941=VERTEX_POINT('',#8844);
#2942=VERTEX_POINT('',#8845);
#2943=VERTEX_POINT('',#8847);
#2944=VERTEX_POINT('',#8849);
#2945=VERTEX_POINT('',#8851);
#2946=VERTEX_POINT('',#8853);
#2947=VERTEX_POINT('',#8856);
#2948=VERTEX_POINT('',#8877);
#2949=VERTEX_POINT('',#8878);
#2950=VERTEX_POINT('',#8880);
#2951=VERTEX_POINT('',#8882);
#2952=VERTEX_POINT('',#8886);
#2953=VERTEX_POINT('',#8888);
#2954=VERTEX_POINT('',#8892);
#2955=VERTEX_POINT('',#8894);
#2956=LINE('',#7336,#3579);
#2957=LINE('',#7339,#3580);
#2958=LINE('',#7341,#3581);
#2959=LINE('',#7343,#3582);
#2960=LINE('',#7345,#3583);
#2961=LINE('',#7347,#3584);
#2962=LINE('',#7349,#3585);
#2963=LINE('',#7351,#3586);
#2964=LINE('',#7353,#3587);
#2965=LINE('',#7355,#3588);
#2966=LINE('',#7357,#3589);
#2967=LINE('',#7358,#3590);
#2968=LINE('',#7373,#3591);
#2969=LINE('',#7376,#3592);
#2970=LINE('',#7378,#3593);
#2971=LINE('',#7380,#3594);
#2972=LINE('',#7382,#3595);
#2973=LINE('',#7384,#3596);
#2974=LINE('',#7386,#3597);
#2975=LINE('',#7389,#3598);
#2976=LINE('',#7391,#3599);
#2977=LINE('',#7393,#3600);
#2978=LINE('',#7395,#3601);
#2979=LINE('',#7397,#3602);
#2980=LINE('',#7399,#3603);
#2981=LINE('',#7402,#3604);
#2982=LINE('',#7404,#3605);
#2983=LINE('',#7406,#3606);
#2984=LINE('',#7408,#3607);
#2985=LINE('',#7410,#3608);
#2986=LINE('',#7412,#3609);
#2987=LINE('',#7414,#3610);
#2988=LINE('',#7416,#3611);
#2989=LINE('',#7419,#3612);
#2990=LINE('',#7421,#3613);
#2991=LINE('',#7423,#3614);
#2992=LINE('',#7425,#3615);
#2993=LINE('',#7427,#3616);
#2994=LINE('',#7429,#3617);
#2995=LINE('',#7431,#3618);
#2996=LINE('',#7433,#3619);
#2997=LINE('',#7435,#3620);
#2998=LINE('',#7437,#3621);
#2999=LINE('',#7439,#3622);
#3000=LINE('',#7441,#3623);
#3001=LINE('',#7443,#3624);
#3002=LINE('',#7445,#3625);
#3003=LINE('',#7447,#3626);
#3004=LINE('',#7449,#3627);
#3005=LINE('',#7450,#3628);
#3006=LINE('',#7452,#3629);
#3007=LINE('',#7455,#3630);
#3008=LINE('',#7457,#3631);
#3009=LINE('',#7459,#3632);
#3010=LINE('',#7461,#3633);
#3011=LINE('',#7463,#3634);
#3012=LINE('',#7465,#3635);
#3013=LINE('',#7467,#3636);
#3014=LINE('',#7469,#3637);
#3015=LINE('',#7471,#3638);
#3016=LINE('',#7473,#3639);
#3017=LINE('',#7475,#3640);
#3018=LINE('',#7477,#3641);
#3019=LINE('',#7479,#3642);
#3020=LINE('',#7481,#3643);
#3021=LINE('',#7483,#3644);
#3022=LINE('',#7485,#3645);
#3023=LINE('',#7486,#3646);
#3024=LINE('',#7488,#3647);
#3025=LINE('',#7490,#3648);
#3026=LINE('',#7492,#3649);
#3027=LINE('',#7495,#3650);
#3028=LINE('',#7499,#3651);
#3029=LINE('',#7501,#3652);
#3030=LINE('',#7503,#3653);
#3031=LINE('',#7505,#3654);
#3032=LINE('',#7507,#3655);
#3033=LINE('',#7511,#3656);
#3034=LINE('',#7515,#3657);
#3035=LINE('',#7517,#3658);
#3036=LINE('',#7518,#3659);
#3037=LINE('',#7520,#3660);
#3038=LINE('',#7522,#3661);
#3039=LINE('',#7524,#3662);
#3040=LINE('',#7526,#3663);
#3041=LINE('',#7528,#3664);
#3042=LINE('',#7530,#3665);
#3043=LINE('',#7531,#3666);
#3044=LINE('',#7533,#3667);
#3045=LINE('',#7537,#3668);
#3046=LINE('',#7541,#3669);
#3047=LINE('',#7543,#3670);
#3048=LINE('',#7545,#3671);
#3049=LINE('',#7547,#3672);
#3050=LINE('',#7549,#3673);
#3051=LINE('',#7553,#3674);
#3052=LINE('',#7556,#3675);
#3053=LINE('',#7559,#3676);
#3054=LINE('',#7561,#3677);
#3055=LINE('',#7563,#3678);
#3056=LINE('',#7564,#3679);
#3057=LINE('',#7567,#3680);
#3058=LINE('',#7569,#3681);
#3059=LINE('',#7571,#3682);
#3060=LINE('',#7573,#3683);
#3061=LINE('',#7576,#3684);
#3062=LINE('',#7578,#3685);
#3063=LINE('',#7580,#3686);
#3064=LINE('',#7581,#3687);
#3065=LINE('',#7584,#3688);
#3066=LINE('',#7586,#3689);
#3067=LINE('',#7588,#3690);
#3068=LINE('',#7589,#3691);
#3069=LINE('',#7592,#3692);
#3070=LINE('',#7594,#3693);
#3071=LINE('',#7596,#3694);
#3072=LINE('',#7597,#3695);
#3073=LINE('',#7600,#3696);
#3074=LINE('',#7602,#3697);
#3075=LINE('',#7604,#3698);
#3076=LINE('',#7605,#3699);
#3077=LINE('',#7608,#3700);
#3078=LINE('',#7612,#3701);
#3079=LINE('',#7614,#3702);
#3080=LINE('',#7616,#3703);
#3081=LINE('',#7618,#3704);
#3082=LINE('',#7619,#3705);
#3083=LINE('',#7621,#3706);
#3084=LINE('',#7623,#3707);
#3085=LINE('',#7625,#3708);
#3086=LINE('',#7627,#3709);
#3087=LINE('',#7628,#3710);
#3088=LINE('',#7630,#3711);
#3089=LINE('',#7632,#3712);
#3090=LINE('',#7634,#3713);
#3091=LINE('',#7636,#3714);
#3092=LINE('',#7640,#3715);
#3093=LINE('',#7642,#3716);
#3094=LINE('',#7644,#3717);
#3095=LINE('',#7648,#3718);
#3096=LINE('',#7652,#3719);
#3097=LINE('',#7657,#3720);
#3098=LINE('',#7661,#3721);
#3099=LINE('',#7665,#3722);
#3100=LINE('',#7667,#3723);
#3101=LINE('',#7669,#3724);
#3102=LINE('',#7671,#3725);
#3103=LINE('',#7673,#3726);
#3104=LINE('',#7675,#3727);
#3105=LINE('',#7677,#3728);
#3106=LINE('',#7679,#3729);
#3107=LINE('',#7681,#3730);
#3108=LINE('',#7683,#3731);
#3109=LINE('',#7685,#3732);
#3110=LINE('',#7687,#3733);
#3111=LINE('',#7689,#3734);
#3112=LINE('',#7691,#3735);
#3113=LINE('',#7693,#3736);
#3114=LINE('',#7695,#3737);
#3115=LINE('',#7697,#3738);
#3116=LINE('',#7699,#3739);
#3117=LINE('',#7701,#3740);
#3118=LINE('',#7703,#3741);
#3119=LINE('',#7705,#3742);
#3120=LINE('',#7707,#3743);
#3121=LINE('',#7709,#3744);
#3122=LINE('',#7711,#3745);
#3123=LINE('',#7713,#3746);
#3124=LINE('',#7715,#3747);
#3125=LINE('',#7717,#3748);
#3126=LINE('',#7719,#3749);
#3127=LINE('',#7721,#3750);
#3128=LINE('',#7723,#3751);
#3129=LINE('',#7725,#3752);
#3130=LINE('',#7727,#3753);
#3131=LINE('',#7728,#3754);
#3132=LINE('',#7731,#3755);
#3133=LINE('',#7733,#3756);
#3134=LINE('',#7735,#3757);
#3135=LINE('',#7740,#3758);
#3136=LINE('',#7741,#3759);
#3137=LINE('',#7743,#3760);
#3138=LINE('',#7746,#3761);
#3139=LINE('',#7748,#3762);
#3140=LINE('',#7750,#3763);
#3141=LINE('',#7752,#3764);
#3142=LINE('',#7754,#3765);
#3143=LINE('',#7755,#3766);
#3144=LINE('',#7757,#3767);
#3145=LINE('',#7758,#3768);
#3146=LINE('',#7760,#3769);
#3147=LINE('',#7763,#3770);
#3148=LINE('',#7764,#3771);
#3149=LINE('',#7766,#3772);
#3150=LINE('',#7769,#3773);
#3151=LINE('',#7770,#3774);
#3152=LINE('',#7772,#3775);
#3153=LINE('',#7773,#3776);
#3154=LINE('',#7775,#3777);
#3155=LINE('',#7777,#3778);
#3156=LINE('',#7778,#3779);
#3157=LINE('',#7780,#3780);
#3158=LINE('',#7782,#3781);
#3159=LINE('',#7784,#3782);
#3160=LINE('',#7785,#3783);
#3161=LINE('',#7788,#3784);
#3162=LINE('',#7790,#3785);
#3163=LINE('',#7792,#3786);
#3164=LINE('',#7794,#3787);
#3165=LINE('',#7796,#3788);
#3166=LINE('',#7799,#3789);
#3167=LINE('',#7801,#3790);
#3168=LINE('',#7803,#3791);
#3169=LINE('',#7805,#3792);
#3170=LINE('',#7807,#3793);
#3171=LINE('',#7810,#3794);
#3172=LINE('',#7811,#3795);
#3173=LINE('',#7813,#3796);
#3174=LINE('',#7815,#3797);
#3175=LINE('',#7818,#3798);
#3176=LINE('',#7819,#3799);
#3177=LINE('',#7821,#3800);
#3178=LINE('',#7823,#3801);
#3179=LINE('',#7826,#3802);
#3180=LINE('',#7828,#3803);
#3181=LINE('',#7830,#3804);
#3182=LINE('',#7832,#3805);
#3183=LINE('',#7834,#3806);
#3184=LINE('',#7836,#3807);
#3185=LINE('',#7839,#3808);
#3186=LINE('',#7841,#3809);
#3187=LINE('',#7843,#3810);
#3188=LINE('',#7845,#3811);
#3189=LINE('',#7847,#3812);
#3190=LINE('',#7849,#3813);
#3191=LINE('',#7851,#3814);
#3192=LINE('',#7853,#3815);
#3193=LINE('',#7855,#3816);
#3194=LINE('',#7857,#3817);
#3195=LINE('',#7859,#3818);
#3196=LINE('',#7861,#3819);
#3197=LINE('',#7863,#3820);
#3198=LINE('',#7865,#3821);
#3199=LINE('',#7867,#3822);
#3200=LINE('',#7869,#3823);
#3201=LINE('',#7871,#3824);
#3202=LINE('',#7874,#3825);
#3203=LINE('',#7876,#3826);
#3204=LINE('',#7878,#3827);
#3205=LINE('',#7880,#3828);
#3206=LINE('',#7882,#3829);
#3207=LINE('',#7884,#3830);
#3208=LINE('',#7887,#3831);
#3209=LINE('',#7889,#3832);
#3210=LINE('',#7891,#3833);
#3211=LINE('',#7893,#3834);
#3212=LINE('',#7895,#3835);
#3213=LINE('',#7897,#3836);
#3214=LINE('',#7899,#3837);
#3215=LINE('',#7901,#3838);
#3216=LINE('',#7903,#3839);
#3217=LINE('',#7905,#3840);
#3218=LINE('',#7907,#3841);
#3219=LINE('',#7909,#3842);
#3220=LINE('',#7911,#3843);
#3221=LINE('',#7913,#3844);
#3222=LINE('',#7915,#3845);
#3223=LINE('',#7917,#3846);
#3224=LINE('',#7919,#3847);
#3225=LINE('',#7922,#3848);
#3226=LINE('',#7924,#3849);
#3227=LINE('',#7926,#3850);
#3228=LINE('',#7928,#3851);
#3229=LINE('',#7930,#3852);
#3230=LINE('',#7933,#3853);
#3231=LINE('',#7935,#3854);
#3232=LINE('',#7937,#3855);
#3233=LINE('',#7939,#3856);
#3234=LINE('',#7941,#3857);
#3235=LINE('',#7942,#3858);
#3236=LINE('',#7945,#3859);
#3237=LINE('',#7946,#3860);
#3238=LINE('',#7948,#3861);
#3239=LINE('',#7950,#3862);
#3240=LINE('',#7952,#3863);
#3241=LINE('',#7954,#3864);
#3242=LINE('',#7957,#3865);
#3243=LINE('',#7959,#3866);
#3244=LINE('',#7961,#3867);
#3245=LINE('',#7963,#3868);
#3246=LINE('',#7965,#3869);
#3247=LINE('',#7968,#3870);
#3248=LINE('',#7970,#3871);
#3249=LINE('',#7972,#3872);
#3250=LINE('',#7974,#3873);
#3251=LINE('',#7976,#3874);
#3252=LINE('',#7979,#3875);
#3253=LINE('',#7982,#3876);
#3254=LINE('',#7984,#3877);
#3255=LINE('',#7986,#3878);
#3256=LINE('',#7988,#3879);
#3257=LINE('',#7990,#3880);
#3258=LINE('',#7991,#3881);
#3259=LINE('',#7993,#3882);
#3260=LINE('',#7995,#3883);
#3261=LINE('',#7998,#3884);
#3262=LINE('',#8001,#3885);
#3263=LINE('',#8003,#3886);
#3264=LINE('',#8005,#3887);
#3265=LINE('',#8007,#3888);
#3266=LINE('',#8009,#3889);
#3267=LINE('',#8010,#3890);
#3268=LINE('',#8012,#3891);
#3269=LINE('',#8014,#3892);
#3270=LINE('',#8016,#3893);
#3271=LINE('',#8018,#3894);
#3272=LINE('',#8021,#3895);
#3273=LINE('',#8023,#3896);
#3274=LINE('',#8025,#3897);
#3275=LINE('',#8027,#3898);
#3276=LINE('',#8029,#3899);
#3277=LINE('',#8030,#3900);
#3278=LINE('',#8033,#3901);
#3279=LINE('',#8034,#3902);
#3280=LINE('',#8036,#3903);
#3281=LINE('',#8038,#3904);
#3282=LINE('',#8040,#3905);
#3283=LINE('',#8042,#3906);
#3284=LINE('',#8045,#3907);
#3285=LINE('',#8046,#3908);
#3286=LINE('',#8048,#3909);
#3287=LINE('',#8050,#3910);
#3288=LINE('',#8052,#3911);
#3289=LINE('',#8054,#3912);
#3290=LINE('',#8058,#3913);
#3291=LINE('',#8061,#3914);
#3292=LINE('',#8063,#3915);
#3293=LINE('',#8065,#3916);
#3294=LINE('',#8067,#3917);
#3295=LINE('',#8070,#3918);
#3296=LINE('',#8072,#3919);
#3297=LINE('',#8074,#3920);
#3298=LINE('',#8076,#3921);
#3299=LINE('',#8079,#3922);
#3300=LINE('',#8081,#3923);
#3301=LINE('',#8083,#3924);
#3302=LINE('',#8100,#3925);
#3303=LINE('',#8103,#3926);
#3304=LINE('',#8105,#3927);
#3305=LINE('',#8107,#3928);
#3306=LINE('',#8109,#3929);
#3307=LINE('',#8112,#3930);
#3308=LINE('',#8114,#3931);
#3309=LINE('',#8116,#3932);
#3310=LINE('',#8148,#3933);
#3311=LINE('',#8151,#3934);
#3312=LINE('',#8153,#3935);
#3313=LINE('',#8155,#3936);
#3314=LINE('',#8157,#3937);
#3315=LINE('',#8159,#3938);
#3316=LINE('',#8161,#3939);
#3317=LINE('',#8163,#3940);
#3318=LINE('',#8165,#3941);
#3319=LINE('',#8167,#3942);
#3320=LINE('',#8169,#3943);
#3321=LINE('',#8170,#3944);
#3322=LINE('',#8175,#3945);
#3323=LINE('',#8178,#3946);
#3324=LINE('',#8180,#3947);
#3325=LINE('',#8182,#3948);
#3326=LINE('',#8184,#3949);
#3327=LINE('',#8187,#3950);
#3328=LINE('',#8189,#3951);
#3329=LINE('',#8191,#3952);
#3330=LINE('',#8193,#3953);
#3331=LINE('',#8196,#3954);
#3332=LINE('',#8198,#3955);
#3333=LINE('',#8200,#3956);
#3334=LINE('',#8202,#3957);
#3335=LINE('',#8205,#3958);
#3336=LINE('',#8207,#3959);
#3337=LINE('',#8209,#3960);
#3338=LINE('',#8224,#3961);
#3339=LINE('',#8227,#3962);
#3340=LINE('',#8229,#3963);
#3341=LINE('',#8231,#3964);
#3342=LINE('',#8270,#3965);
#3343=LINE('',#8273,#3966);
#3344=LINE('',#8275,#3967);
#3345=LINE('',#8277,#3968);
#3346=LINE('',#8279,#3969);
#3347=LINE('',#8281,#3970);
#3348=LINE('',#8283,#3971);
#3349=LINE('',#8285,#3972);
#3350=LINE('',#8288,#3973);
#3351=LINE('',#8290,#3974);
#3352=LINE('',#8292,#3975);
#3353=LINE('',#8294,#3976);
#3354=LINE('',#8296,#3977);
#3355=LINE('',#8298,#3978);
#3356=LINE('',#8300,#3979);
#3357=LINE('',#8311,#3980);
#3358=LINE('',#8313,#3981);
#3359=LINE('',#8315,#3982);
#3360=LINE('',#8317,#3983);
#3361=LINE('',#8319,#3984);
#3362=LINE('',#8321,#3985);
#3363=LINE('',#8324,#3986);
#3364=LINE('',#8326,#3987);
#3365=LINE('',#8328,#3988);
#3366=LINE('',#8338,#3989);
#3367=LINE('',#8340,#3990);
#3368=LINE('',#8342,#3991);
#3369=LINE('',#8345,#3992);
#3370=LINE('',#8347,#3993);
#3371=LINE('',#8349,#3994);
#3372=LINE('',#8351,#3995);
#3373=LINE('',#8353,#3996);
#3374=LINE('',#8355,#3997);
#3375=LINE('',#8357,#3998);
#3376=LINE('',#8361,#3999);
#3377=LINE('',#8364,#4000);
#3378=LINE('',#8366,#4001);
#3379=LINE('',#8368,#4002);
#3380=LINE('',#8370,#4003);
#3381=LINE('',#8372,#4004);
#3382=LINE('',#8374,#4005);
#3383=LINE('',#8376,#4006);
#3384=LINE('',#8380,#4007);
#3385=LINE('',#8383,#4008);
#3386=LINE('',#8385,#4009);
#3387=LINE('',#8387,#4010);
#3388=LINE('',#8389,#4011);
#3389=LINE('',#8392,#4012);
#3390=LINE('',#8394,#4013);
#3391=LINE('',#8396,#4014);
#3392=LINE('',#8403,#4015);
#3393=LINE('',#8413,#4016);
#3394=LINE('',#8418,#4017);
#3395=LINE('',#8421,#4018);
#3396=LINE('',#8423,#4019);
#3397=LINE('',#8425,#4020);
#3398=LINE('',#8427,#4021);
#3399=LINE('',#8429,#4022);
#3400=LINE('',#8430,#4023);
#3401=LINE('',#8431,#4024);
#3402=LINE('',#8433,#4025);
#3403=LINE('',#8435,#4026);
#3404=LINE('',#8437,#4027);
#3405=LINE('',#8438,#4028);
#3406=LINE('',#8440,#4029);
#3407=LINE('',#8442,#4030);
#3408=LINE('',#8443,#4031);
#3409=LINE('',#8449,#4032);
#3410=LINE('',#8451,#4033);
#3411=LINE('',#8454,#4034);
#3412=LINE('',#8458,#4035);
#3413=LINE('',#8461,#4036);
#3414=LINE('',#8465,#4037);
#3415=LINE('',#8466,#4038);
#3416=LINE('',#8467,#4039);
#3417=LINE('',#8469,#4040);
#3418=LINE('',#8471,#4041);
#3419=LINE('',#8473,#4042);
#3420=LINE('',#8475,#4043);
#3421=LINE('',#8477,#4044);
#3422=LINE('',#8478,#4045);
#3423=LINE('',#8480,#4046);
#3424=LINE('',#8482,#4047);
#3425=LINE('',#8483,#4048);
#3426=LINE('',#8485,#4049);
#3427=LINE('',#8487,#4050);
#3428=LINE('',#8488,#4051);
#3429=LINE('',#8490,#4052);
#3430=LINE('',#8491,#4053);
#3431=LINE('',#8494,#4054);
#3432=LINE('',#8496,#4055);
#3433=LINE('',#8498,#4056);
#3434=LINE('',#8499,#4057);
#3435=LINE('',#8502,#4058);
#3436=LINE('',#8504,#4059);
#3437=LINE('',#8506,#4060);
#3438=LINE('',#8510,#4061);
#3439=LINE('',#8513,#4062);
#3440=LINE('',#8519,#4063);
#3441=LINE('',#8524,#4064);
#3442=LINE('',#8528,#4065);
#3443=LINE('',#8530,#4066);
#3444=LINE('',#8534,#4067);
#3445=LINE('',#8539,#4068);
#3446=LINE('',#8543,#4069);
#3447=LINE('',#8549,#4070);
#3448=LINE('',#8555,#4071);
#3449=LINE('',#8559,#4072);
#3450=LINE('',#8563,#4073);
#3451=LINE('',#8568,#4074);
#3452=LINE('',#8569,#4075);
#3453=LINE('',#8578,#4076);
#3454=LINE('',#8580,#4077);
#3455=LINE('',#8582,#4078);
#3456=LINE('',#8586,#4079);
#3457=LINE('',#8588,#4080);
#3458=LINE('',#8590,#4081);
#3459=LINE('',#8594,#4082);
#3460=LINE('',#8596,#4083);
#3461=LINE('',#8598,#4084);
#3462=LINE('',#8602,#4085);
#3463=LINE('',#8611,#4086);
#3464=LINE('',#8613,#4087);
#3465=LINE('',#8618,#4088);
#3466=LINE('',#8619,#4089);
#3467=LINE('',#8621,#4090);
#3468=LINE('',#8625,#4091);
#3469=LINE('',#8627,#4092);
#3470=LINE('',#8632,#4093);
#3471=LINE('',#8634,#4094);
#3472=LINE('',#8648,#4095);
#3473=LINE('',#8651,#4096);
#3474=LINE('',#8653,#4097);
#3475=LINE('',#8655,#4098);
#3476=LINE('',#8657,#4099);
#3477=LINE('',#8659,#4100);
#3478=LINE('',#8660,#4101);
#3479=LINE('',#8662,#4102);
#3480=LINE('',#8664,#4103);
#3481=LINE('',#8666,#4104);
#3482=LINE('',#8668,#4105);
#3483=LINE('',#8671,#4106);
#3484=LINE('',#8673,#4107);
#3485=LINE('',#8675,#4108);
#3486=LINE('',#8692,#4109);
#3487=LINE('',#8694,#4110);
#3488=LINE('',#8696,#4111);
#3489=LINE('',#8698,#4112);
#3490=LINE('',#8700,#4113);
#3491=LINE('',#8702,#4114);
#3492=LINE('',#8704,#4115);
#3493=LINE('',#8706,#4116);
#3494=LINE('',#8709,#4117);
#3495=LINE('',#8711,#4118);
#3496=LINE('',#8713,#4119);
#3497=LINE('',#8715,#4120);
#3498=LINE('',#8717,#4121);
#3499=LINE('',#8719,#4122);
#3500=LINE('',#8721,#4123);
#3501=LINE('',#8723,#4124);
#3502=LINE('',#8726,#4125);
#3503=LINE('',#8728,#4126);
#3504=LINE('',#8730,#4127);
#3505=LINE('',#8732,#4128);
#3506=LINE('',#8734,#4129);
#3507=LINE('',#8740,#4130);
#3508=LINE('',#8742,#4131);
#3509=LINE('',#8744,#4132);
#3510=LINE('',#8746,#4133);
#3511=LINE('',#8748,#4134);
#3512=LINE('',#8762,#4135);
#3513=LINE('',#8765,#4136);
#3514=LINE('',#8767,#4137);
#3515=LINE('',#8769,#4138);
#3516=LINE('',#8771,#4139);
#3517=LINE('',#8773,#4140);
#3518=LINE('',#8774,#4141);
#3519=LINE('',#8776,#4142);
#3520=LINE('',#8778,#4143);
#3521=LINE('',#8780,#4144);
#3522=LINE('',#8782,#4145);
#3523=LINE('',#8785,#4146);
#3524=LINE('',#8786,#4147);
#3525=LINE('',#8788,#4148);
#3526=LINE('',#8790,#4149);
#3527=LINE('',#8792,#4150);
#3528=LINE('',#8794,#4151);
#3529=LINE('',#8797,#4152);
#3530=LINE('',#8800,#4153);
#3531=LINE('',#8802,#4154);
#3532=LINE('',#8804,#4155);
#3533=LINE('',#8806,#4156);
#3534=LINE('',#8808,#4157);
#3535=LINE('',#8809,#4158);
#3536=LINE('',#8811,#4159);
#3537=LINE('',#8813,#4160);
#3538=LINE('',#8815,#4161);
#3539=LINE('',#8816,#4162);
#3540=LINE('',#8818,#4163);
#3541=LINE('',#8820,#4164);
#3542=LINE('',#8822,#4165);
#3543=LINE('',#8824,#4166);
#3544=LINE('',#8827,#4167);
#3545=LINE('',#8830,#4168);
#3546=LINE('',#8832,#4169);
#3547=LINE('',#8834,#4170);
#3548=LINE('',#8836,#4171);
#3549=LINE('',#8838,#4172);
#3550=LINE('',#8839,#4173);
#3551=LINE('',#8841,#4174);
#3552=LINE('',#8843,#4175);
#3553=LINE('',#8846,#4176);
#3554=LINE('',#8848,#4177);
#3555=LINE('',#8850,#4178);
#3556=LINE('',#8852,#4179);
#3557=LINE('',#8854,#4180);
#3558=LINE('',#8855,#4181);
#3559=LINE('',#8857,#4182);
#3560=LINE('',#8859,#4183);
#3561=LINE('',#8861,#4184);
#3562=LINE('',#8862,#4185);
#3563=LINE('',#8864,#4186);
#3564=LINE('',#8866,#4187);
#3565=LINE('',#8868,#4188);
#3566=LINE('',#8870,#4189);
#3567=LINE('',#8876,#4190);
#3568=LINE('',#8879,#4191);
#3569=LINE('',#8881,#4192);
#3570=LINE('',#8883,#4193);
#3571=LINE('',#8885,#4194);
#3572=LINE('',#8887,#4195);
#3573=LINE('',#8889,#4196);
#3574=LINE('',#8891,#4197);
#3575=LINE('',#8893,#4198);
#3576=LINE('',#8895,#4199);
#3577=LINE('',#8897,#4200);
#3578=LINE('',#8898,#4201);
#3579=VECTOR('',#5899,1.);
#3580=VECTOR('',#5900,1.);
#3581=VECTOR('',#5901,1.);
#3582=VECTOR('',#5902,1.);
#3583=VECTOR('',#5905,1.);
#3584=VECTOR('',#5906,1.);
#3585=VECTOR('',#5907,1.);
#3586=VECTOR('',#5910,1.);
#3587=VECTOR('',#5911,1.);
#3588=VECTOR('',#5912,1.);
#3589=VECTOR('',#5915,1.);
#3590=VECTOR('',#5916,1.);
#3591=VECTOR('',#5937,1.);
#3592=VECTOR('',#5938,1.);
#3593=VECTOR('',#5939,1.);
#3594=VECTOR('',#5940,1.);
#3595=VECTOR('',#5941,1.);
#3596=VECTOR('',#5942,1.);
#3597=VECTOR('',#5945,1.);
#3598=VECTOR('',#5946,1.);
#3599=VECTOR('',#5947,1.);
#3600=VECTOR('',#5948,1.);
#3601=VECTOR('',#5949,1.);
#3602=VECTOR('',#5950,1.);
#3603=VECTOR('',#5953,1.);
#3604=VECTOR('',#5954,1.);
#3605=VECTOR('',#5955,1.);
#3606=VECTOR('',#5956,1.);
#3607=VECTOR('',#5957,1.);
#3608=VECTOR('',#5958,1.);
#3609=VECTOR('',#5959,1.);
#3610=VECTOR('',#5960,1.);
#3611=VECTOR('',#5963,1.);
#3612=VECTOR('',#5964,1.);
#3613=VECTOR('',#5965,1.);
#3614=VECTOR('',#5966,1.);
#3615=VECTOR('',#5969,1.);
#3616=VECTOR('',#5970,1.);
#3617=VECTOR('',#5971,1.);
#3618=VECTOR('',#5974,1.);
#3619=VECTOR('',#5975,1.);
#3620=VECTOR('',#5976,1.);
#3621=VECTOR('',#5979,1.);
#3622=VECTOR('',#5980,1.);
#3623=VECTOR('',#5981,1.);
#3624=VECTOR('',#5984,1.);
#3625=VECTOR('',#5985,1.);
#3626=VECTOR('',#5986,1.);
#3627=VECTOR('',#5989,1.);
#3628=VECTOR('',#5990,1.);
#3629=VECTOR('',#5993,1.);
#3630=VECTOR('',#5994,1.);
#3631=VECTOR('',#5995,1.);
#3632=VECTOR('',#5996,1.);
#3633=VECTOR('',#5999,1.);
#3634=VECTOR('',#6000,1.);
#3635=VECTOR('',#6001,1.);
#3636=VECTOR('',#6004,1.);
#3637=VECTOR('',#6005,1.);
#3638=VECTOR('',#6006,1.);
#3639=VECTOR('',#6009,1.);
#3640=VECTOR('',#6010,1.);
#3641=VECTOR('',#6011,1.);
#3642=VECTOR('',#6014,1.);
#3643=VECTOR('',#6015,1.);
#3644=VECTOR('',#6016,1.);
#3645=VECTOR('',#6019,1.);
#3646=VECTOR('',#6020,1.);
#3647=VECTOR('',#6023,1.);
#3648=VECTOR('',#6024,1.);
#3649=VECTOR('',#6025,1.);
#3650=VECTOR('',#6028,1.);
#3651=VECTOR('',#6031,1.);
#3652=VECTOR('',#6032,1.);
#3653=VECTOR('',#6033,1.);
#3654=VECTOR('',#6034,1.);
#3655=VECTOR('',#6035,1.);
#3656=VECTOR('',#6038,1.);
#3657=VECTOR('',#6041,1.);
#3658=VECTOR('',#6042,1.);
#3659=VECTOR('',#6043,1.);
#3660=VECTOR('',#6044,1.);
#3661=VECTOR('',#6045,1.);
#3662=VECTOR('',#6046,1.);
#3663=VECTOR('',#6047,1.);
#3664=VECTOR('',#6048,1.);
#3665=VECTOR('',#6049,1.);
#3666=VECTOR('',#6050,1.);
#3667=VECTOR('',#6051,1.);
#3668=VECTOR('',#6054,1.);
#3669=VECTOR('',#6057,1.);
#3670=VECTOR('',#6058,1.);
#3671=VECTOR('',#6059,1.);
#3672=VECTOR('',#6060,1.);
#3673=VECTOR('',#6061,1.);
#3674=VECTOR('',#6064,1.);
#3675=VECTOR('',#6067,1.);
#3676=VECTOR('',#6068,1.);
#3677=VECTOR('',#6069,1.);
#3678=VECTOR('',#6070,1.);
#3679=VECTOR('',#6071,1.);
#3680=VECTOR('',#6072,1.);
#3681=VECTOR('',#6073,1.);
#3682=VECTOR('',#6074,1.);
#3683=VECTOR('',#6077,1.);
#3684=VECTOR('',#6078,1.);
#3685=VECTOR('',#6079,1.);
#3686=VECTOR('',#6080,1.);
#3687=VECTOR('',#6081,1.);
#3688=VECTOR('',#6082,1.);
#3689=VECTOR('',#6083,1.);
#3690=VECTOR('',#6084,1.);
#3691=VECTOR('',#6085,1.);
#3692=VECTOR('',#6086,1.);
#3693=VECTOR('',#6087,1.);
#3694=VECTOR('',#6088,1.);
#3695=VECTOR('',#6089,1.);
#3696=VECTOR('',#6090,1.);
#3697=VECTOR('',#6091,1.);
#3698=VECTOR('',#6092,1.);
#3699=VECTOR('',#6093,1.);
#3700=VECTOR('',#6094,1.);
#3701=VECTOR('',#6097,1.);
#3702=VECTOR('',#6098,1.);
#3703=VECTOR('',#6099,1.);
#3704=VECTOR('',#6100,1.);
#3705=VECTOR('',#6101,1.);
#3706=VECTOR('',#6102,1.);
#3707=VECTOR('',#6103,1.);
#3708=VECTOR('',#6104,1.);
#3709=VECTOR('',#6105,1.);
#3710=VECTOR('',#6106,1.);
#3711=VECTOR('',#6107,1.);
#3712=VECTOR('',#6108,1.);
#3713=VECTOR('',#6109,1.);
#3714=VECTOR('',#6110,1.);
#3715=VECTOR('',#6113,1.);
#3716=VECTOR('',#6114,1.);
#3717=VECTOR('',#6115,1.);
#3718=VECTOR('',#6118,1.);
#3719=VECTOR('',#6121,1.);
#3720=VECTOR('',#6126,1.);
#3721=VECTOR('',#6129,1.);
#3722=VECTOR('',#6132,1.);
#3723=VECTOR('',#6135,1.);
#3724=VECTOR('',#6136,1.);
#3725=VECTOR('',#6137,1.);
#3726=VECTOR('',#6140,1.);
#3727=VECTOR('',#6141,1.);
#3728=VECTOR('',#6142,1.);
#3729=VECTOR('',#6145,1.);
#3730=VECTOR('',#6146,1.);
#3731=VECTOR('',#6149,1.);
#3732=VECTOR('',#6150,1.);
#3733=VECTOR('',#6153,1.);
#3734=VECTOR('',#6154,1.);
#3735=VECTOR('',#6155,1.);
#3736=VECTOR('',#6158,1.);
#3737=VECTOR('',#6159,1.);
#3738=VECTOR('',#6162,1.);
#3739=VECTOR('',#6163,1.);
#3740=VECTOR('',#6166,1.);
#3741=VECTOR('',#6169,1.);
#3742=VECTOR('',#6170,1.);
#3743=VECTOR('',#6171,1.);
#3744=VECTOR('',#6174,1.);
#3745=VECTOR('',#6175,1.);
#3746=VECTOR('',#6178,1.);
#3747=VECTOR('',#6179,1.);
#3748=VECTOR('',#6182,1.);
#3749=VECTOR('',#6185,1.);
#3750=VECTOR('',#6188,1.);
#3751=VECTOR('',#6191,1.);
#3752=VECTOR('',#6194,1.);
#3753=VECTOR('',#6197,1.);
#3754=VECTOR('',#6198,1.);
#3755=VECTOR('',#6203,1.);
#3756=VECTOR('',#6204,1.);
#3757=VECTOR('',#6205,1.);
#3758=VECTOR('',#6214,1.);
#3759=VECTOR('',#6215,1.);
#3760=VECTOR('',#6218,1.);
#3761=VECTOR('',#6219,1.);
#3762=VECTOR('',#6220,1.);
#3763=VECTOR('',#6221,1.);
#3764=VECTOR('',#6222,1.);
#3765=VECTOR('',#6223,1.);
#3766=VECTOR('',#6224,1.);
#3767=VECTOR('',#6225,1.);
#3768=VECTOR('',#6226,1.);
#3769=VECTOR('',#6229,1.);
#3770=VECTOR('',#6234,1.);
#3771=VECTOR('',#6235,1.);
#3772=VECTOR('',#6238,1.);
#3773=VECTOR('',#6239,1.);
#3774=VECTOR('',#6240,1.);
#3775=VECTOR('',#6243,1.);
#3776=VECTOR('',#6244,1.);
#3777=VECTOR('',#6245,1.);
#3778=VECTOR('',#6248,1.);
#3779=VECTOR('',#6249,1.);
#3780=VECTOR('',#6252,1.);
#3781=VECTOR('',#6255,1.);
#3782=VECTOR('',#6256,1.);
#3783=VECTOR('',#6257,1.);
#3784=VECTOR('',#6262,1.);
#3785=VECTOR('',#6265,1.);
#3786=VECTOR('',#6266,1.);
#3787=VECTOR('',#6267,1.);
#3788=VECTOR('',#6270,1.);
#3789=VECTOR('',#6271,1.);
#3790=VECTOR('',#6272,1.);
#3791=VECTOR('',#6273,1.);
#3792=VECTOR('',#6274,1.);
#3793=VECTOR('',#6275,1.);
#3794=VECTOR('',#6280,1.);
#3795=VECTOR('',#6281,1.);
#3796=VECTOR('',#6284,1.);
#3797=VECTOR('',#6287,1.);
#3798=VECTOR('',#6292,1.);
#3799=VECTOR('',#6293,1.);
#3800=VECTOR('',#6296,1.);
#3801=VECTOR('',#6299,1.);
#3802=VECTOR('',#6304,1.);
#3803=VECTOR('',#6305,1.);
#3804=VECTOR('',#6308,1.);
#3805=VECTOR('',#6309,1.);
#3806=VECTOR('',#6312,1.);
#3807=VECTOR('',#6315,1.);
#3808=VECTOR('',#6316,1.);
#3809=VECTOR('',#6317,1.);
#3810=VECTOR('',#6318,1.);
#3811=VECTOR('',#6319,1.);
#3812=VECTOR('',#6320,1.);
#3813=VECTOR('',#6323,1.);
#3814=VECTOR('',#6324,1.);
#3815=VECTOR('',#6325,1.);
#3816=VECTOR('',#6328,1.);
#3817=VECTOR('',#6329,1.);
#3818=VECTOR('',#6332,1.);
#3819=VECTOR('',#6333,1.);
#3820=VECTOR('',#6336,1.);
#3821=VECTOR('',#6337,1.);
#3822=VECTOR('',#6340,1.);
#3823=VECTOR('',#6341,1.);
#3824=VECTOR('',#6344,1.);
#3825=VECTOR('',#6349,1.);
#3826=VECTOR('',#6350,1.);
#3827=VECTOR('',#6351,1.);
#3828=VECTOR('',#6354,1.);
#3829=VECTOR('',#6357,1.);
#3830=VECTOR('',#6360,1.);
#3831=VECTOR('',#6361,1.);
#3832=VECTOR('',#6362,1.);
#3833=VECTOR('',#6363,1.);
#3834=VECTOR('',#6364,1.);
#3835=VECTOR('',#6365,1.);
#3836=VECTOR('',#6368,1.);
#3837=VECTOR('',#6369,1.);
#3838=VECTOR('',#6370,1.);
#3839=VECTOR('',#6373,1.);
#3840=VECTOR('',#6374,1.);
#3841=VECTOR('',#6377,1.);
#3842=VECTOR('',#6378,1.);
#3843=VECTOR('',#6381,1.);
#3844=VECTOR('',#6382,1.);
#3845=VECTOR('',#6385,1.);
#3846=VECTOR('',#6386,1.);
#3847=VECTOR('',#6389,1.);
#3848=VECTOR('',#6394,1.);
#3849=VECTOR('',#6395,1.);
#3850=VECTOR('',#6398,1.);
#3851=VECTOR('',#6399,1.);
#3852=VECTOR('',#6402,1.);
#3853=VECTOR('',#6403,1.);
#3854=VECTOR('',#6404,1.);
#3855=VECTOR('',#6405,1.);
#3856=VECTOR('',#6406,1.);
#3857=VECTOR('',#6407,1.);
#3858=VECTOR('',#6408,1.);
#3859=VECTOR('',#6413,1.);
#3860=VECTOR('',#6414,1.);
#3861=VECTOR('',#6417,1.);
#3862=VECTOR('',#6420,1.);
#3863=VECTOR('',#6423,1.);
#3864=VECTOR('',#6426,1.);
#3865=VECTOR('',#6431,1.);
#3866=VECTOR('',#6432,1.);
#3867=VECTOR('',#6435,1.);
#3868=VECTOR('',#6436,1.);
#3869=VECTOR('',#6439,1.);
#3870=VECTOR('',#6444,1.);
#3871=VECTOR('',#6445,1.);
#3872=VECTOR('',#6448,1.);
#3873=VECTOR('',#6449,1.);
#3874=VECTOR('',#6452,1.);
#3875=VECTOR('',#6457,1.);
#3876=VECTOR('',#6458,1.);
#3877=VECTOR('',#6459,1.);
#3878=VECTOR('',#6460,1.);
#3879=VECTOR('',#6461,1.);
#3880=VECTOR('',#6462,1.);
#3881=VECTOR('',#6463,1.);
#3882=VECTOR('',#6464,1.);
#3883=VECTOR('',#6467,1.);
#3884=VECTOR('',#6472,1.);
#3885=VECTOR('',#6473,1.);
#3886=VECTOR('',#6474,1.);
#3887=VECTOR('',#6475,1.);
#3888=VECTOR('',#6476,1.);
#3889=VECTOR('',#6477,1.);
#3890=VECTOR('',#6478,1.);
#3891=VECTOR('',#6479,1.);
#3892=VECTOR('',#6482,1.);
#3893=VECTOR('',#6483,1.);
#3894=VECTOR('',#6486,1.);
#3895=VECTOR('',#6487,1.);
#3896=VECTOR('',#6488,1.);
#3897=VECTOR('',#6489,1.);
#3898=VECTOR('',#6490,1.);
#3899=VECTOR('',#6491,1.);
#3900=VECTOR('',#6492,1.);
#3901=VECTOR('',#6497,1.);
#3902=VECTOR('',#6498,1.);
#3903=VECTOR('',#6501,1.);
#3904=VECTOR('',#6504,1.);
#3905=VECTOR('',#6507,1.);
#3906=VECTOR('',#6510,1.);
#3907=VECTOR('',#6515,1.);
#3908=VECTOR('',#6516,1.);
#3909=VECTOR('',#6519,1.);
#3910=VECTOR('',#6522,1.);
#3911=VECTOR('',#6525,1.);
#3912=VECTOR('',#6528,1.);
#3913=VECTOR('',#6535,1.);
#3914=VECTOR('',#6536,1.);
#3915=VECTOR('',#6537,1.);
#3916=VECTOR('',#6538,1.);
#3917=VECTOR('',#6541,1.);
#3918=VECTOR('',#6542,1.);
#3919=VECTOR('',#6543,1.);
#3920=VECTOR('',#6544,1.);
#3921=VECTOR('',#6547,1.);
#3922=VECTOR('',#6548,1.);
#3923=VECTOR('',#6549,1.);
#3924=VECTOR('',#6550,1.);
#3925=VECTOR('',#6571,1.);
#3926=VECTOR('',#6572,1.);
#3927=VECTOR('',#6573,1.);
#3928=VECTOR('',#6574,1.);
#3929=VECTOR('',#6577,1.);
#3930=VECTOR('',#6578,1.);
#3931=VECTOR('',#6579,1.);
#3932=VECTOR('',#6580,1.);
#3933=VECTOR('',#6643,1.);
#3934=VECTOR('',#6644,1.);
#3935=VECTOR('',#6645,1.);
#3936=VECTOR('',#6646,1.);
#3937=VECTOR('',#6649,1.);
#3938=VECTOR('',#6650,1.);
#3939=VECTOR('',#6651,1.);
#3940=VECTOR('',#6654,1.);
#3941=VECTOR('',#6655,1.);
#3942=VECTOR('',#6656,1.);
#3943=VECTOR('',#6659,1.);
#3944=VECTOR('',#6660,1.);
#3945=VECTOR('',#6669,1.);
#3946=VECTOR('',#6670,1.);
#3947=VECTOR('',#6671,1.);
#3948=VECTOR('',#6672,1.);
#3949=VECTOR('',#6675,1.);
#3950=VECTOR('',#6676,1.);
#3951=VECTOR('',#6677,1.);
#3952=VECTOR('',#6678,1.);
#3953=VECTOR('',#6681,1.);
#3954=VECTOR('',#6682,1.);
#3955=VECTOR('',#6683,1.);
#3956=VECTOR('',#6684,1.);
#3957=VECTOR('',#6687,1.);
#3958=VECTOR('',#6688,1.);
#3959=VECTOR('',#6689,1.);
#3960=VECTOR('',#6690,1.);
#3961=VECTOR('',#6711,1.);
#3962=VECTOR('',#6712,1.);
#3963=VECTOR('',#6713,1.);
#3964=VECTOR('',#6714,1.);
#3965=VECTOR('',#6783,1.);
#3966=VECTOR('',#6784,1.);
#3967=VECTOR('',#6785,1.);
#3968=VECTOR('',#6786,1.);
#3969=VECTOR('',#6787,1.);
#3970=VECTOR('',#6788,1.);
#3971=VECTOR('',#6789,1.);
#3972=VECTOR('',#6792,1.);
#3973=VECTOR('',#6793,1.);
#3974=VECTOR('',#6794,1.);
#3975=VECTOR('',#6795,1.);
#3976=VECTOR('',#6796,1.);
#3977=VECTOR('',#6797,1.);
#3978=VECTOR('',#6798,1.);
#3979=VECTOR('',#6801,1.);
#3980=VECTOR('',#6802,1.);
#3981=VECTOR('',#6803,1.);
#3982=VECTOR('',#6804,1.);
#3983=VECTOR('',#6805,1.);
#3984=VECTOR('',#6806,1.);
#3985=VECTOR('',#6809,1.);
#3986=VECTOR('',#6810,1.);
#3987=VECTOR('',#6811,1.);
#3988=VECTOR('',#6812,1.);
#3989=VECTOR('',#6813,1.);
#3990=VECTOR('',#6814,1.);
#3991=VECTOR('',#6817,1.);
#3992=VECTOR('',#6818,1.);
#3993=VECTOR('',#6819,1.);
#3994=VECTOR('',#6820,1.);
#3995=VECTOR('',#6821,1.);
#3996=VECTOR('',#6822,1.);
#3997=VECTOR('',#6823,1.);
#3998=VECTOR('',#6824,1.);
#3999=VECTOR('',#6829,1.);
#4000=VECTOR('',#6830,1.);
#4001=VECTOR('',#6831,1.);
#4002=VECTOR('',#6832,1.);
#4003=VECTOR('',#6833,1.);
#4004=VECTOR('',#6834,1.);
#4005=VECTOR('',#6835,1.);
#4006=VECTOR('',#6836,1.);
#4007=VECTOR('',#6841,1.);
#4008=VECTOR('',#6842,1.);
#4009=VECTOR('',#6843,1.);
#4010=VECTOR('',#6844,1.);
#4011=VECTOR('',#6847,1.);
#4012=VECTOR('',#6848,1.);
#4013=VECTOR('',#6849,1.);
#4014=VECTOR('',#6850,1.);
#4015=VECTOR('',#6861,1.);
#4016=VECTOR('',#6876,1.);
#4017=VECTOR('',#6883,1.);
#4018=VECTOR('',#6884,1.);
#4019=VECTOR('',#6885,1.);
#4020=VECTOR('',#6886,1.);
#4021=VECTOR('',#6887,1.);
#4022=VECTOR('',#6888,1.);
#4023=VECTOR('',#6889,1.);
#4024=VECTOR('',#6890,1.);
#4025=VECTOR('',#6891,1.);
#4026=VECTOR('',#6892,1.);
#4027=VECTOR('',#6895,1.);
#4028=VECTOR('',#6896,1.);
#4029=VECTOR('',#6897,1.);
#4030=VECTOR('',#6900,1.);
#4031=VECTOR('',#6901,1.);
#4032=VECTOR('',#6904,1.);
#4033=VECTOR('',#6907,1.);
#4034=VECTOR('',#6908,1.);
#4035=VECTOR('',#6913,1.);
#4036=VECTOR('',#6914,1.);
#4037=VECTOR('',#6919,1.);
#4038=VECTOR('',#6920,1.);
#4039=VECTOR('',#6921,1.);
#4040=VECTOR('',#6924,1.);
#4041=VECTOR('',#6927,1.);
#4042=VECTOR('',#6930,1.);
#4043=VECTOR('',#6931,1.);
#4044=VECTOR('',#6932,1.);
#4045=VECTOR('',#6933,1.);
#4046=VECTOR('',#6934,1.);
#4047=VECTOR('',#6935,1.);
#4048=VECTOR('',#6936,1.);
#4049=VECTOR('',#6937,1.);
#4050=VECTOR('',#6938,1.);
#4051=VECTOR('',#6939,1.);
#4052=VECTOR('',#6940,1.);
#4053=VECTOR('',#6941,1.);
#4054=VECTOR('',#6942,1.);
#4055=VECTOR('',#6943,1.);
#4056=VECTOR('',#6944,1.);
#4057=VECTOR('',#6945,1.);
#4058=VECTOR('',#6946,1.);
#4059=VECTOR('',#6947,1.);
#4060=VECTOR('',#6948,1.);
#4061=VECTOR('',#6953,1.);
#4062=VECTOR('',#6956,1.);
#4063=VECTOR('',#6963,1.);
#4064=VECTOR('',#6966,1.);
#4065=VECTOR('',#6969,1.);
#4066=VECTOR('',#6970,1.);
#4067=VECTOR('',#6973,1.);
#4068=VECTOR('',#6978,1.);
#4069=VECTOR('',#6981,1.);
#4070=VECTOR('',#6986,1.);
#4071=VECTOR('',#6991,1.);
#4072=VECTOR('',#6994,1.);
#4073=VECTOR('',#6997,1.);
#4074=VECTOR('',#7002,1.);
#4075=VECTOR('',#7003,1.);
#4076=VECTOR('',#7008,1.);
#4077=VECTOR('',#7011,1.);
#4078=VECTOR('',#7012,1.);
#4079=VECTOR('',#7017,1.);
#4080=VECTOR('',#7020,1.);
#4081=VECTOR('',#7021,1.);
#4082=VECTOR('',#7026,1.);
#4083=VECTOR('',#7029,1.);
#4084=VECTOR('',#7030,1.);
#4085=VECTOR('',#7035,1.);
#4086=VECTOR('',#7040,1.);
#4087=VECTOR('',#7043,1.);
#4088=VECTOR('',#7048,1.);
#4089=VECTOR('',#7049,1.);
#4090=VECTOR('',#7052,1.);
#4091=VECTOR('',#7055,1.);
#4092=VECTOR('',#7058,1.);
#4093=VECTOR('',#7067,1.);
#4094=VECTOR('',#7070,1.);
#4095=VECTOR('',#7097,1.);
#4096=VECTOR('',#7098,1.);
#4097=VECTOR('',#7099,1.);
#4098=VECTOR('',#7100,1.);
#4099=VECTOR('',#7101,1.);
#4100=VECTOR('',#7102,1.);
#4101=VECTOR('',#7103,1.);
#4102=VECTOR('',#7104,1.);
#4103=VECTOR('',#7105,1.);
#4104=VECTOR('',#7106,1.);
#4105=VECTOR('',#7107,1.);
#4106=VECTOR('',#7112,1.);
#4107=VECTOR('',#7113,1.);
#4108=VECTOR('',#7114,1.);
#4109=VECTOR('',#7127,1.);
#4110=VECTOR('',#7128,1.);
#4111=VECTOR('',#7129,1.);
#4112=VECTOR('',#7132,1.);
#4113=VECTOR('',#7133,1.);
#4114=VECTOR('',#7136,1.);
#4115=VECTOR('',#7137,1.);
#4116=VECTOR('',#7140,1.);
#4117=VECTOR('',#7145,1.);
#4118=VECTOR('',#7146,1.);
#4119=VECTOR('',#7147,1.);
#4120=VECTOR('',#7150,1.);
#4121=VECTOR('',#7151,1.);
#4122=VECTOR('',#7154,1.);
#4123=VECTOR('',#7155,1.);
#4124=VECTOR('',#7158,1.);
#4125=VECTOR('',#7163,1.);
#4126=VECTOR('',#7164,1.);
#4127=VECTOR('',#7167,1.);
#4128=VECTOR('',#7168,1.);
#4129=VECTOR('',#7171,1.);
#4130=VECTOR('',#7180,1.);
#4131=VECTOR('',#7181,1.);
#4132=VECTOR('',#7184,1.);
#4133=VECTOR('',#7185,1.);
#4134=VECTOR('',#7188,1.);
#4135=VECTOR('',#7197,1.);
#4136=VECTOR('',#7198,1.);
#4137=VECTOR('',#7199,1.);
#4138=VECTOR('',#7200,1.);
#4139=VECTOR('',#7201,1.);
#4140=VECTOR('',#7202,1.);
#4141=VECTOR('',#7203,1.);
#4142=VECTOR('',#7204,1.);
#4143=VECTOR('',#7205,1.);
#4144=VECTOR('',#7208,1.);
#4145=VECTOR('',#7211,1.);
#4146=VECTOR('',#7216,1.);
#4147=VECTOR('',#7217,1.);
#4148=VECTOR('',#7220,1.);
#4149=VECTOR('',#7223,1.);
#4150=VECTOR('',#7226,1.);
#4151=VECTOR('',#7229,1.);
#4152=VECTOR('',#7234,1.);
#4153=VECTOR('',#7235,1.);
#4154=VECTOR('',#7236,1.);
#4155=VECTOR('',#7237,1.);
#4156=VECTOR('',#7238,1.);
#4157=VECTOR('',#7239,1.);
#4158=VECTOR('',#7240,1.);
#4159=VECTOR('',#7241,1.);
#4160=VECTOR('',#7244,1.);
#4161=VECTOR('',#7247,1.);
#4162=VECTOR('',#7248,1.);
#4163=VECTOR('',#7251,1.);
#4164=VECTOR('',#7254,1.);
#4165=VECTOR('',#7257,1.);
#4166=VECTOR('',#7260,1.);
#4167=VECTOR('',#7265,1.);
#4168=VECTOR('',#7266,1.);
#4169=VECTOR('',#7267,1.);
#4170=VECTOR('',#7268,1.);
#4171=VECTOR('',#7269,1.);
#4172=VECTOR('',#7270,1.);
#4173=VECTOR('',#7271,1.);
#4174=VECTOR('',#7272,1.);
#4175=VECTOR('',#7275,1.);
#4176=VECTOR('',#7276,1.);
#4177=VECTOR('',#7277,1.);
#4178=VECTOR('',#7278,1.);
#4179=VECTOR('',#7279,1.);
#4180=VECTOR('',#7280,1.);
#4181=VECTOR('',#7281,1.);
#4182=VECTOR('',#7282,1.);
#4183=VECTOR('',#7285,1.);
#4184=VECTOR('',#7288,1.);
#4185=VECTOR('',#7289,1.);
#4186=VECTOR('',#7292,1.);
#4187=VECTOR('',#7295,1.);
#4188=VECTOR('',#7298,1.);
#4189=VECTOR('',#7301,1.);
#4190=VECTOR('',#7312,1.);
#4191=VECTOR('',#7313,1.);
#4192=VECTOR('',#7314,1.);
#4193=VECTOR('',#7315,1.);
#4194=VECTOR('',#7318,1.);
#4195=VECTOR('',#7319,1.);
#4196=VECTOR('',#7320,1.);
#4197=VECTOR('',#7323,1.);
#4198=VECTOR('',#7324,1.);
#4199=VECTOR('',#7325,1.);
#4200=VECTOR('',#7328,1.);
#4201=VECTOR('',#7329,1.);
#4202=EDGE_LOOP('',(#218,#219,#220,#221));
#4203=EDGE_LOOP('',(#222,#223,#224,#225));
#4204=EDGE_LOOP('',(#226,#227,#228,#229));
#4205=EDGE_LOOP('',(#230,#231,#232,#233));
#4206=EDGE_LOOP('',(#234));
#4207=EDGE_LOOP('',(#235));
#4208=EDGE_LOOP('',(#236));
#4209=EDGE_LOOP('',(#237));
#4210=EDGE_LOOP('',(#238));
#4211=EDGE_LOOP('',(#239,#240,#241,#242));
#4212=EDGE_LOOP('',(#243));
#4213=EDGE_LOOP('',(#244));
#4214=EDGE_LOOP('',(#245,#246,#247,#248));
#4215=EDGE_LOOP('',(#249));
#4216=EDGE_LOOP('',(#250,#251,#252,#253,#254,#255));
#4217=EDGE_LOOP('',(#256,#257,#258,#259,#260,#261));
#4218=EDGE_LOOP('',(#262,#263,#264,#265,#266,#267,#268,#269));
#4219=EDGE_LOOP('',(#270,#271,#272,#273));
#4220=EDGE_LOOP('',(#274,#275,#276,#277));
#4221=EDGE_LOOP('',(#278,#279,#280,#281));
#4222=EDGE_LOOP('',(#282,#283,#284,#285));
#4223=EDGE_LOOP('',(#286,#287,#288,#289));
#4224=EDGE_LOOP('',(#290,#291,#292,#293));
#4225=EDGE_LOOP('',(#294,#295,#296,#297));
#4226=EDGE_LOOP('',(#298,#299,#300,#301));
#4227=EDGE_LOOP('',(#302,#303,#304,#305));
#4228=EDGE_LOOP('',(#306,#307,#308,#309));
#4229=EDGE_LOOP('',(#310,#311,#312,#313));
#4230=EDGE_LOOP('',(#314,#315,#316,#317));
#4231=EDGE_LOOP('',(#318,#319,#320,#321,#322,#323,#324,#325,#326,#327,#328,
#329,#330,#331,#332,#333,#334,#335,#336,#337,#338,#339,#340,#341,#342,#343,
#344,#345,#346,#347,#348,#349,#350,#351,#352,#353,#354,#355,#356,#357));
#4232=EDGE_LOOP('',(#358,#359,#360,#361));
#4233=EDGE_LOOP('',(#362,#363,#364,#365));
#4234=EDGE_LOOP('',(#366,#367,#368,#369));
#4235=EDGE_LOOP('',(#370,#371,#372,#373));
#4236=EDGE_LOOP('',(#374,#375,#376,#377));
#4237=EDGE_LOOP('',(#378,#379,#380,#381));
#4238=EDGE_LOOP('',(#382,#383,#384,#385,#386,#387,#388,#389,#390,#391,#392,
#393,#394,#395,#396,#397,#398,#399,#400,#401,#402,#403,#404,#405,#406,#407,
#408,#409,#410,#411,#412,#413,#414,#415,#416));
#4239=EDGE_LOOP('',(#417,#418,#419,#420));
#4240=EDGE_LOOP('',(#421,#422,#423,#424,#425,#426));
#4241=EDGE_LOOP('',(#427,#428,#429,#430));
#4242=EDGE_LOOP('',(#431,#432,#433,#434));
#4243=EDGE_LOOP('',(#435,#436,#437,#438));
#4244=EDGE_LOOP('',(#439,#440,#441,#442));
#4245=EDGE_LOOP('',(#443,#444,#445,#446));
#4246=EDGE_LOOP('',(#447,#448,#449,#450));
#4247=EDGE_LOOP('',(#451,#452,#453,#454));
#4248=EDGE_LOOP('',(#455,#456,#457,#458));
#4249=EDGE_LOOP('',(#459,#460,#461,#462));
#4250=EDGE_LOOP('',(#463,#464,#465,#466));
#4251=EDGE_LOOP('',(#467,#468,#469,#470));
#4252=EDGE_LOOP('',(#471,#472,#473,#474));
#4253=EDGE_LOOP('',(#475,#476,#477,#478));
#4254=EDGE_LOOP('',(#479,#480,#481,#482));
#4255=EDGE_LOOP('',(#483,#484,#485,#486));
#4256=EDGE_LOOP('',(#487,#488,#489,#490));
#4257=EDGE_LOOP('',(#491,#492,#493,#494));
#4258=EDGE_LOOP('',(#495,#496,#497,#498));
#4259=EDGE_LOOP('',(#499,#500,#501,#502,#503,#504));
#4260=EDGE_LOOP('',(#505,#506,#507,#508));
#4261=EDGE_LOOP('',(#509,#510,#511,#512));
#4262=EDGE_LOOP('',(#513,#514,#515,#516,#517));
#4263=EDGE_LOOP('',(#518,#519,#520,#521,#522,#523));
#4264=EDGE_LOOP('',(#524,#525,#526,#527,#528,#529));
#4265=EDGE_LOOP('',(#530,#531,#532,#533));
#4266=EDGE_LOOP('',(#534,#535,#536,#537));
#4267=EDGE_LOOP('',(#538,#539,#540,#541,#542));
#4268=EDGE_LOOP('',(#543,#544,#545,#546,#547,#548,#549,#550));
#4269=EDGE_LOOP('',(#551,#552,#553,#554,#555));
#4270=EDGE_LOOP('',(#556,#557,#558,#559,#560));
#4271=EDGE_LOOP('',(#561,#562,#563,#564));
#4272=EDGE_LOOP('',(#565,#566,#567,#568,#569));
#4273=EDGE_LOOP('',(#570,#571,#572,#573));
#4274=EDGE_LOOP('',(#574,#575,#576,#577));
#4275=EDGE_LOOP('',(#578,#579,#580,#581,#582,#583,#584,#585));
#4276=EDGE_LOOP('',(#586,#587,#588,#589,#590,#591));
#4277=EDGE_LOOP('',(#592,#593,#594,#595,#596,#597));
#4278=EDGE_LOOP('',(#598,#599,#600,#601,#602,#603));
#4279=EDGE_LOOP('',(#604,#605,#606,#607,#608,#609));
#4280=EDGE_LOOP('',(#610,#611,#612,#613));
#4281=EDGE_LOOP('',(#614,#615,#616,#617));
#4282=EDGE_LOOP('',(#618,#619,#620,#621));
#4283=EDGE_LOOP('',(#622,#623,#624,#625));
#4284=EDGE_LOOP('',(#626,#627,#628,#629));
#4285=EDGE_LOOP('',(#630,#631,#632,#633));
#4286=EDGE_LOOP('',(#634,#635,#636,#637));
#4287=EDGE_LOOP('',(#638,#639,#640,#641));
#4288=EDGE_LOOP('',(#642,#643,#644,#645));
#4289=EDGE_LOOP('',(#646,#647,#648,#649));
#4290=EDGE_LOOP('',(#650,#651,#652,#653));
#4291=EDGE_LOOP('',(#654,#655,#656,#657));
#4292=EDGE_LOOP('',(#658,#659,#660,#661,#662,#663));
#4293=EDGE_LOOP('',(#664,#665,#666,#667));
#4294=EDGE_LOOP('',(#668,#669,#670,#671));
#4295=EDGE_LOOP('',(#672,#673,#674,#675));
#4296=EDGE_LOOP('',(#676,#677,#678,#679));
#4297=EDGE_LOOP('',(#680,#681,#682,#683));
#4298=EDGE_LOOP('',(#684,#685,#686,#687));
#4299=EDGE_LOOP('',(#688,#689,#690,#691,#692,#693));
#4300=EDGE_LOOP('',(#694,#695,#696,#697));
#4301=EDGE_LOOP('',(#698,#699,#700,#701));
#4302=EDGE_LOOP('',(#702,#703,#704,#705));
#4303=EDGE_LOOP('',(#706,#707,#708,#709));
#4304=EDGE_LOOP('',(#710,#711,#712,#713,#714,#715));
#4305=EDGE_LOOP('',(#716,#717,#718,#719));
#4306=EDGE_LOOP('',(#720,#721,#722,#723));
#4307=EDGE_LOOP('',(#724,#725,#726,#727));
#4308=EDGE_LOOP('',(#728,#729,#730,#731));
#4309=EDGE_LOOP('',(#732,#733,#734,#735));
#4310=EDGE_LOOP('',(#736,#737,#738,#739));
#4311=EDGE_LOOP('',(#740,#741,#742,#743,#744,#745));
#4312=EDGE_LOOP('',(#746,#747,#748,#749));
#4313=EDGE_LOOP('',(#750,#751,#752,#753));
#4314=EDGE_LOOP('',(#754,#755,#756,#757,#758,#759));
#4315=EDGE_LOOP('',(#760,#761,#762,#763));
#4316=EDGE_LOOP('',(#764,#765,#766,#767));
#4317=EDGE_LOOP('',(#768,#769,#770,#771));
#4318=EDGE_LOOP('',(#772,#773,#774,#775));
#4319=EDGE_LOOP('',(#776,#777,#778,#779));
#4320=EDGE_LOOP('',(#780,#781,#782,#783));
#4321=EDGE_LOOP('',(#784,#785,#786,#787));
#4322=EDGE_LOOP('',(#788,#789,#790,#791));
#4323=EDGE_LOOP('',(#792,#793,#794,#795));
#4324=EDGE_LOOP('',(#796,#797,#798,#799));
#4325=EDGE_LOOP('',(#800,#801,#802,#803,#804,#805));
#4326=EDGE_LOOP('',(#806,#807,#808,#809));
#4327=EDGE_LOOP('',(#810,#811,#812,#813));
#4328=EDGE_LOOP('',(#814,#815,#816,#817));
#4329=EDGE_LOOP('',(#818,#819,#820,#821));
#4330=EDGE_LOOP('',(#822,#823,#824,#825,#826,#827));
#4331=EDGE_LOOP('',(#828,#829,#830,#831));
#4332=EDGE_LOOP('',(#832,#833,#834,#835));
#4333=EDGE_LOOP('',(#836,#837,#838,#839,#840,#841));
#4334=EDGE_LOOP('',(#842,#843,#844,#845));
#4335=EDGE_LOOP('',(#846,#847,#848,#849));
#4336=EDGE_LOOP('',(#850,#851,#852,#853));
#4337=EDGE_LOOP('',(#854,#855,#856,#857,#858,#859));
#4338=EDGE_LOOP('',(#860,#861,#862,#863));
#4339=EDGE_LOOP('',(#864,#865,#866,#867));
#4340=EDGE_LOOP('',(#868,#869,#870,#871,#872,#873));
#4341=EDGE_LOOP('',(#874,#875,#876,#877));
#4342=EDGE_LOOP('',(#878,#879,#880,#881));
#4343=EDGE_LOOP('',(#882,#883,#884,#885));
#4344=EDGE_LOOP('',(#886,#887,#888,#889));
#4345=EDGE_LOOP('',(#890,#891,#892,#893));
#4346=EDGE_LOOP('',(#894,#895,#896,#897));
#4347=EDGE_LOOP('',(#898,#899,#900,#901));
#4348=EDGE_LOOP('',(#902,#903,#904,#905));
#4349=EDGE_LOOP('',(#906,#907,#908,#909));
#4350=EDGE_LOOP('',(#910,#911,#912,#913));
#4351=EDGE_LOOP('',(#914,#915,#916,#917));
#4352=EDGE_LOOP('',(#918,#919,#920,#921));
#4353=EDGE_LOOP('',(#922,#923,#924,#925));
#4354=EDGE_LOOP('',(#926,#927,#928,#929));
#4355=EDGE_LOOP('',(#930,#931,#932,#933));
#4356=EDGE_LOOP('',(#934,#935,#936,#937));
#4357=EDGE_LOOP('',(#938,#939,#940,#941));
#4358=EDGE_LOOP('',(#942));
#4359=EDGE_LOOP('',(#943));
#4360=EDGE_LOOP('',(#944));
#4361=EDGE_LOOP('',(#945));
#4362=EDGE_LOOP('',(#946));
#4363=EDGE_LOOP('',(#947));
#4364=EDGE_LOOP('',(#948,#949,#950,#951));
#4365=EDGE_LOOP('',(#952,#953,#954,#955));
#4366=EDGE_LOOP('',(#956));
#4367=EDGE_LOOP('',(#957));
#4368=EDGE_LOOP('',(#958));
#4369=EDGE_LOOP('',(#959));
#4370=EDGE_LOOP('',(#960));
#4371=EDGE_LOOP('',(#961));
#4372=EDGE_LOOP('',(#962,#963,#964,#965,#966,#967,#968,#969));
#4373=EDGE_LOOP('',(#970,#971,#972,#973));
#4374=EDGE_LOOP('',(#974,#975,#976));
#4375=EDGE_LOOP('',(#977,#978,#979,#980));
#4376=EDGE_LOOP('',(#981,#982,#983,#984));
#4377=EDGE_LOOP('',(#985,#986,#987,#988));
#4378=EDGE_LOOP('',(#989,#990,#991,#992));
#4379=EDGE_LOOP('',(#993,#994,#995));
#4380=EDGE_LOOP('',(#996,#997,#998));
#4381=EDGE_LOOP('',(#999,#1000,#1001,#1002));
#4382=EDGE_LOOP('',(#1003,#1004,#1005,#1006));
#4383=EDGE_LOOP('',(#1007,#1008,#1009));
#4384=EDGE_LOOP('',(#1010,#1011,#1012,#1013));
#4385=EDGE_LOOP('',(#1014,#1015,#1016,#1017));
#4386=EDGE_LOOP('',(#1018,#1019,#1020,#1021));
#4387=EDGE_LOOP('',(#1022,#1023,#1024,#1025));
#4388=EDGE_LOOP('',(#1026,#1027,#1028,#1029));
#4389=EDGE_LOOP('',(#1030,#1031,#1032,#1033));
#4390=EDGE_LOOP('',(#1034,#1035,#1036,#1037));
#4391=EDGE_LOOP('',(#1038,#1039,#1040,#1041));
#4392=EDGE_LOOP('',(#1042,#1043,#1044,#1045));
#4393=EDGE_LOOP('',(#1046,#1047,#1048,#1049));
#4394=EDGE_LOOP('',(#1050,#1051,#1052,#1053));
#4395=EDGE_LOOP('',(#1054));
#4396=EDGE_LOOP('',(#1055));
#4397=EDGE_LOOP('',(#1056));
#4398=EDGE_LOOP('',(#1057));
#4399=EDGE_LOOP('',(#1058,#1059,#1060,#1061,#1062,#1063,#1064,#1065));
#4400=EDGE_LOOP('',(#1066,#1067,#1068,#1069));
#4401=EDGE_LOOP('',(#1070));
#4402=EDGE_LOOP('',(#1071));
#4403=EDGE_LOOP('',(#1072));
#4404=EDGE_LOOP('',(#1073));
#4405=EDGE_LOOP('',(#1074));
#4406=EDGE_LOOP('',(#1075));
#4407=EDGE_LOOP('',(#1076));
#4408=EDGE_LOOP('',(#1077));
#4409=EDGE_LOOP('',(#1078));
#4410=EDGE_LOOP('',(#1079));
#4411=EDGE_LOOP('',(#1080));
#4412=EDGE_LOOP('',(#1081));
#4413=EDGE_LOOP('',(#1082,#1083,#1084,#1085));
#4414=EDGE_LOOP('',(#1086,#1087,#1088));
#4415=EDGE_LOOP('',(#1089,#1090,#1091,#1092));
#4416=EDGE_LOOP('',(#1093,#1094,#1095,#1096));
#4417=EDGE_LOOP('',(#1097,#1098,#1099,#1100));
#4418=EDGE_LOOP('',(#1101,#1102,#1103,#1104));
#4419=EDGE_LOOP('',(#1105,#1106,#1107));
#4420=EDGE_LOOP('',(#1108,#1109,#1110));
#4421=EDGE_LOOP('',(#1111,#1112,#1113,#1114));
#4422=EDGE_LOOP('',(#1115,#1116,#1117,#1118));
#4423=EDGE_LOOP('',(#1119,#1120,#1121));
#4424=EDGE_LOOP('',(#1122,#1123,#1124,#1125));
#4425=EDGE_LOOP('',(#1126,#1127,#1128,#1129,#1130,#1131,#1132));
#4426=EDGE_LOOP('',(#1133,#1134,#1135,#1136,#1137,#1138,#1139));
#4427=EDGE_LOOP('',(#1140,#1141,#1142,#1143,#1144,#1145,#1146));
#4428=EDGE_LOOP('',(#1147,#1148,#1149,#1150,#1151,#1152,#1153));
#4429=EDGE_LOOP('',(#1154,#1155,#1156,#1157,#1158,#1159,#1160,#1161));
#4430=EDGE_LOOP('',(#1162));
#4431=EDGE_LOOP('',(#1163,#1164,#1165,#1166,#1167,#1168,#1169,#1170));
#4432=EDGE_LOOP('',(#1171));
#4433=EDGE_LOOP('',(#1172,#1173,#1174,#1175));
#4434=EDGE_LOOP('',(#1176,#1177,#1178,#1179));
#4435=EDGE_LOOP('',(#1180,#1181,#1182,#1183));
#4436=EDGE_LOOP('',(#1184,#1185,#1186,#1187,#1188,#1189));
#4437=EDGE_LOOP('',(#1190,#1191,#1192,#1193));
#4438=EDGE_LOOP('',(#1194,#1195,#1196,#1197,#1198,#1199));
#4439=EDGE_LOOP('',(#1200,#1201,#1202,#1203,#1204,#1205));
#4440=EDGE_LOOP('',(#1206,#1207,#1208,#1209,#1210,#1211));
#4441=EDGE_LOOP('',(#1212,#1213,#1214,#1215,#1216));
#4442=EDGE_LOOP('',(#1217,#1218,#1219,#1220));
#4443=EDGE_LOOP('',(#1221,#1222,#1223,#1224));
#4444=EDGE_LOOP('',(#1225,#1226,#1227));
#4445=EDGE_LOOP('',(#1228,#1229,#1230));
#4446=EDGE_LOOP('',(#1231,#1232,#1233,#1234,#1235,#1236));
#4447=EDGE_LOOP('',(#1237,#1238,#1239,#1240));
#4448=EDGE_LOOP('',(#1241,#1242,#1243,#1244));
#4449=EDGE_LOOP('',(#1245,#1246,#1247,#1248,#1249,#1250,#1251,#1252,#1253,
#1254,#1255,#1256,#1257,#1258,#1259,#1260,#1261,#1262,#1263,#1264,#1265,
#1266,#1267,#1268,#1269,#1270,#1271,#1272,#1273,#1274,#1275,#1276,#1277));
#4450=EDGE_LOOP('',(#1278,#1279,#1280,#1281));
#4451=EDGE_LOOP('',(#1282,#1283,#1284,#1285));
#4452=EDGE_LOOP('',(#1286,#1287,#1288,#1289));
#4453=EDGE_LOOP('',(#1290));
#4454=EDGE_LOOP('',(#1291));
#4455=EDGE_LOOP('',(#1292,#1293,#1294,#1295,#1296,#1297,#1298,#1299,#1300,
#1301,#1302,#1303,#1304,#1305));
#4456=EDGE_LOOP('',(#1306,#1307,#1308,#1309,#1310,#1311,#1312,#1313,#1314,
#1315));
#4457=EDGE_LOOP('',(#1316,#1317,#1318,#1319,#1320));
#4458=EDGE_LOOP('',(#1321,#1322,#1323,#1324));
#4459=EDGE_LOOP('',(#1325,#1326,#1327,#1328));
#4460=EDGE_LOOP('',(#1329,#1330,#1331,#1332));
#4461=EDGE_LOOP('',(#1333,#1334,#1335,#1336));
#4462=EDGE_LOOP('',(#1337,#1338,#1339,#1340));
#4463=EDGE_LOOP('',(#1341,#1342,#1343,#1344));
#4464=EDGE_LOOP('',(#1345,#1346,#1347,#1348));
#4465=EDGE_LOOP('',(#1349,#1350,#1351,#1352,#1353));
#4466=EDGE_LOOP('',(#1354,#1355,#1356,#1357));
#4467=EDGE_LOOP('',(#1358,#1359,#1360,#1361));
#4468=EDGE_LOOP('',(#1362,#1363,#1364,#1365));
#4469=EDGE_LOOP('',(#1366,#1367,#1368,#1369));
#4470=EDGE_LOOP('',(#1370,#1371,#1372,#1373));
#4471=EDGE_LOOP('',(#1374,#1375,#1376,#1377,#1378));
#4472=EDGE_LOOP('',(#1379,#1380,#1381,#1382,#1383));
#4473=EDGE_LOOP('',(#1384,#1385,#1386,#1387));
#4474=EDGE_LOOP('',(#1388,#1389,#1390,#1391));
#4475=EDGE_LOOP('',(#1392,#1393,#1394,#1395));
#4476=EDGE_LOOP('',(#1396,#1397,#1398,#1399));
#4477=EDGE_LOOP('',(#1400,#1401,#1402,#1403));
#4478=EDGE_LOOP('',(#1404,#1405,#1406,#1407));
#4479=EDGE_LOOP('',(#1408,#1409,#1410,#1411,#1412,#1413));
#4480=EDGE_LOOP('',(#1414,#1415,#1416,#1417,#1418,#1419,#1420,#1421));
#4481=EDGE_LOOP('',(#1422,#1423,#1424,#1425));
#4482=EDGE_LOOP('',(#1426,#1427,#1428,#1429,#1430,#1431,#1432,#1433,#1434,
#1435,#1436,#1437,#1438,#1439));
#4483=EDGE_LOOP('',(#1440));
#4484=EDGE_LOOP('',(#1441));
#4485=EDGE_LOOP('',(#1442,#1443,#1444,#1445,#1446,#1447,#1448,#1449,#1450,
#1451,#1452,#1453,#1454,#1455,#1456,#1457,#1458,#1459));
#4486=EDGE_LOOP('',(#1460));
#4487=EDGE_LOOP('',(#1461));
#4488=EDGE_LOOP('',(#1462));
#4489=EDGE_LOOP('',(#1463));
#4490=EDGE_LOOP('',(#1464,#1465,#1466,#1467));
#4491=EDGE_LOOP('',(#1468,#1469,#1470,#1471));
#4492=EDGE_LOOP('',(#1472,#1473,#1474,#1475));
#4493=EDGE_LOOP('',(#1476,#1477,#1478,#1479));
#4494=EDGE_LOOP('',(#1480,#1481,#1482,#1483));
#4495=EDGE_LOOP('',(#1484,#1485,#1486,#1487));
#4496=EDGE_LOOP('',(#1488,#1489,#1490,#1491));
#4497=EDGE_LOOP('',(#1492,#1493,#1494,#1495));
#4498=EDGE_LOOP('',(#1496,#1497,#1498,#1499));
#4499=EDGE_LOOP('',(#1500,#1501,#1502,#1503));
#4500=EDGE_LOOP('',(#1504,#1505,#1506,#1507));
#4501=EDGE_LOOP('',(#1508,#1509,#1510,#1511));
#4502=EDGE_LOOP('',(#1512,#1513,#1514,#1515));
#4503=EDGE_LOOP('',(#1516));
#4504=EDGE_LOOP('',(#1517));
#4505=EDGE_LOOP('',(#1518,#1519,#1520,#1521));
#4506=EDGE_LOOP('',(#1522));
#4507=EDGE_LOOP('',(#1523,#1524,#1525,#1526));
#4508=EDGE_LOOP('',(#1527,#1528,#1529,#1530));
#4509=EDGE_LOOP('',(#1531,#1532,#1533,#1534));
#4510=EDGE_LOOP('',(#1535));
#4511=EDGE_LOOP('',(#1536));
#4512=EDGE_LOOP('',(#1537,#1538,#1539,#1540));
#4513=EDGE_LOOP('',(#1541));
#4514=EDGE_LOOP('',(#1542,#1543,#1544,#1545,#1546,#1547,#1548,#1549));
#4515=EDGE_LOOP('',(#1550,#1551,#1552,#1553,#1554,#1555));
#4516=EDGE_LOOP('',(#1556,#1557,#1558,#1559));
#4517=EDGE_LOOP('',(#1560,#1561,#1562,#1563));
#4518=EDGE_LOOP('',(#1564,#1565,#1566,#1567));
#4519=EDGE_LOOP('',(#1568,#1569,#1570,#1571));
#4520=EDGE_LOOP('',(#1572,#1573,#1574,#1575));
#4521=EDGE_LOOP('',(#1576,#1577,#1578,#1579));
#4522=EDGE_LOOP('',(#1580,#1581,#1582,#1583));
#4523=EDGE_LOOP('',(#1584,#1585,#1586,#1587));
#4524=EDGE_LOOP('',(#1588,#1589,#1590,#1591));
#4525=EDGE_LOOP('',(#1592,#1593,#1594,#1595));
#4526=EDGE_LOOP('',(#1596,#1597,#1598,#1599,#1600,#1601));
#4527=EDGE_LOOP('',(#1602,#1603,#1604,#1605));
#4528=EDGE_LOOP('',(#1606,#1607,#1608,#1609));
#4529=EDGE_LOOP('',(#1610,#1611,#1612,#1613));
#4530=EDGE_LOOP('',(#1614,#1615,#1616,#1617));
#4531=EDGE_LOOP('',(#1618,#1619,#1620,#1621));
#4532=EDGE_LOOP('',(#1622,#1623,#1624,#1625));
#4533=EDGE_LOOP('',(#1626,#1627,#1628,#1629));
#4534=EDGE_LOOP('',(#1630,#1631,#1632,#1633));
#4535=EDGE_LOOP('',(#1634,#1635,#1636,#1637,#1638,#1639));
#4536=EDGE_LOOP('',(#1640,#1641,#1642,#1643));
#4537=EDGE_LOOP('',(#1644,#1645,#1646,#1647,#1648,#1649));
#4538=EDGE_LOOP('',(#1650,#1651,#1652,#1653));
#4539=EDGE_LOOP('',(#1654,#1655,#1656,#1657));
#4540=EDGE_LOOP('',(#1658,#1659,#1660,#1661));
#4541=EDGE_LOOP('',(#1662,#1663,#1664,#1665));
#4542=EDGE_LOOP('',(#1666,#1667,#1668,#1669));
#4543=EDGE_LOOP('',(#1670,#1671,#1672,#1673));
#4544=EDGE_LOOP('',(#1674,#1675,#1676,#1677));
#4545=EDGE_LOOP('',(#1678,#1679,#1680,#1681));
#4546=EDGE_LOOP('',(#1682,#1683,#1684,#1685));
#4547=EDGE_LOOP('',(#1686,#1687,#1688,#1689));
#4548=EDGE_LOOP('',(#1690,#1691,#1692,#1693));
#4549=EDGE_LOOP('',(#1694,#1695,#1696,#1697));
#4550=EDGE_LOOP('',(#1698,#1699,#1700,#1701));
#4551=EDGE_LOOP('',(#1702,#1703,#1704,#1705));
#4552=EDGE_LOOP('',(#1706,#1707,#1708,#1709));
#4553=EDGE_LOOP('',(#1710,#1711,#1712,#1713));
#4554=FACE_BOUND('',#4202,.T.);
#4555=FACE_BOUND('',#4203,.T.);
#4556=FACE_BOUND('',#4204,.T.);
#4557=FACE_BOUND('',#4205,.T.);
#4558=FACE_BOUND('',#4206,.T.);
#4559=FACE_BOUND('',#4207,.T.);
#4560=FACE_BOUND('',#4208,.T.);
#4561=FACE_BOUND('',#4209,.T.);
#4562=FACE_BOUND('',#4210,.T.);
#4563=FACE_BOUND('',#4211,.T.);
#4564=FACE_BOUND('',#4212,.T.);
#4565=FACE_BOUND('',#4213,.T.);
#4566=FACE_BOUND('',#4214,.T.);
#4567=FACE_BOUND('',#4215,.T.);
#4568=FACE_BOUND('',#4216,.T.);
#4569=FACE_BOUND('',#4217,.T.);
#4570=FACE_BOUND('',#4218,.T.);
#4571=FACE_BOUND('',#4219,.T.);
#4572=FACE_BOUND('',#4220,.T.);
#4573=FACE_BOUND('',#4221,.T.);
#4574=FACE_BOUND('',#4222,.T.);
#4575=FACE_BOUND('',#4223,.T.);
#4576=FACE_BOUND('',#4224,.T.);
#4577=FACE_BOUND('',#4225,.T.);
#4578=FACE_BOUND('',#4226,.T.);
#4579=FACE_BOUND('',#4227,.T.);
#4580=FACE_BOUND('',#4228,.T.);
#4581=FACE_BOUND('',#4229,.T.);
#4582=FACE_BOUND('',#4230,.T.);
#4583=FACE_BOUND('',#4231,.T.);
#4584=FACE_BOUND('',#4232,.T.);
#4585=FACE_BOUND('',#4233,.T.);
#4586=FACE_BOUND('',#4234,.T.);
#4587=FACE_BOUND('',#4235,.T.);
#4588=FACE_BOUND('',#4236,.T.);
#4589=FACE_BOUND('',#4237,.T.);
#4590=FACE_BOUND('',#4238,.T.);
#4591=FACE_BOUND('',#4239,.T.);
#4592=FACE_BOUND('',#4240,.T.);
#4593=FACE_BOUND('',#4241,.T.);
#4594=FACE_BOUND('',#4242,.T.);
#4595=FACE_BOUND('',#4243,.T.);
#4596=FACE_BOUND('',#4244,.T.);
#4597=FACE_BOUND('',#4245,.T.);
#4598=FACE_BOUND('',#4246,.T.);
#4599=FACE_BOUND('',#4247,.T.);
#4600=FACE_BOUND('',#4248,.T.);
#4601=FACE_BOUND('',#4249,.T.);
#4602=FACE_BOUND('',#4250,.T.);
#4603=FACE_BOUND('',#4251,.T.);
#4604=FACE_BOUND('',#4252,.T.);
#4605=FACE_BOUND('',#4253,.T.);
#4606=FACE_BOUND('',#4254,.T.);
#4607=FACE_BOUND('',#4255,.T.);
#4608=FACE_BOUND('',#4256,.T.);
#4609=FACE_BOUND('',#4257,.T.);
#4610=FACE_BOUND('',#4258,.T.);
#4611=FACE_BOUND('',#4259,.T.);
#4612=FACE_BOUND('',#4260,.T.);
#4613=FACE_BOUND('',#4261,.T.);
#4614=FACE_BOUND('',#4262,.T.);
#4615=FACE_BOUND('',#4263,.T.);
#4616=FACE_BOUND('',#4264,.T.);
#4617=FACE_BOUND('',#4265,.T.);
#4618=FACE_BOUND('',#4266,.T.);
#4619=FACE_BOUND('',#4267,.T.);
#4620=FACE_BOUND('',#4268,.T.);
#4621=FACE_BOUND('',#4269,.T.);
#4622=FACE_BOUND('',#4270,.T.);
#4623=FACE_BOUND('',#4271,.T.);
#4624=FACE_BOUND('',#4272,.T.);
#4625=FACE_BOUND('',#4273,.T.);
#4626=FACE_BOUND('',#4274,.T.);
#4627=FACE_BOUND('',#4275,.T.);
#4628=FACE_BOUND('',#4276,.T.);
#4629=FACE_BOUND('',#4277,.T.);
#4630=FACE_BOUND('',#4278,.T.);
#4631=FACE_BOUND('',#4279,.T.);
#4632=FACE_BOUND('',#4280,.T.);
#4633=FACE_BOUND('',#4281,.T.);
#4634=FACE_BOUND('',#4282,.T.);
#4635=FACE_BOUND('',#4283,.T.);
#4636=FACE_BOUND('',#4284,.T.);
#4637=FACE_BOUND('',#4285,.T.);
#4638=FACE_BOUND('',#4286,.T.);
#4639=FACE_BOUND('',#4287,.T.);
#4640=FACE_BOUND('',#4288,.T.);
#4641=FACE_BOUND('',#4289,.T.);
#4642=FACE_BOUND('',#4290,.T.);
#4643=FACE_BOUND('',#4291,.T.);
#4644=FACE_BOUND('',#4292,.T.);
#4645=FACE_BOUND('',#4293,.T.);
#4646=FACE_BOUND('',#4294,.T.);
#4647=FACE_BOUND('',#4295,.T.);
#4648=FACE_BOUND('',#4296,.T.);
#4649=FACE_BOUND('',#4297,.T.);
#4650=FACE_BOUND('',#4298,.T.);
#4651=FACE_BOUND('',#4299,.T.);
#4652=FACE_BOUND('',#4300,.T.);
#4653=FACE_BOUND('',#4301,.T.);
#4654=FACE_BOUND('',#4302,.T.);
#4655=FACE_BOUND('',#4303,.T.);
#4656=FACE_BOUND('',#4304,.T.);
#4657=FACE_BOUND('',#4305,.T.);
#4658=FACE_BOUND('',#4306,.T.);
#4659=FACE_BOUND('',#4307,.T.);
#4660=FACE_BOUND('',#4308,.T.);
#4661=FACE_BOUND('',#4309,.T.);
#4662=FACE_BOUND('',#4310,.T.);
#4663=FACE_BOUND('',#4311,.T.);
#4664=FACE_BOUND('',#4312,.T.);
#4665=FACE_BOUND('',#4313,.T.);
#4666=FACE_BOUND('',#4314,.T.);
#4667=FACE_BOUND('',#4315,.T.);
#4668=FACE_BOUND('',#4316,.T.);
#4669=FACE_BOUND('',#4317,.T.);
#4670=FACE_BOUND('',#4318,.T.);
#4671=FACE_BOUND('',#4319,.T.);
#4672=FACE_BOUND('',#4320,.T.);
#4673=FACE_BOUND('',#4321,.T.);
#4674=FACE_BOUND('',#4322,.T.);
#4675=FACE_BOUND('',#4323,.T.);
#4676=FACE_BOUND('',#4324,.T.);
#4677=FACE_BOUND('',#4325,.T.);
#4678=FACE_BOUND('',#4326,.T.);
#4679=FACE_BOUND('',#4327,.T.);
#4680=FACE_BOUND('',#4328,.T.);
#4681=FACE_BOUND('',#4329,.T.);
#4682=FACE_BOUND('',#4330,.T.);
#4683=FACE_BOUND('',#4331,.T.);
#4684=FACE_BOUND('',#4332,.T.);
#4685=FACE_BOUND('',#4333,.T.);
#4686=FACE_BOUND('',#4334,.T.);
#4687=FACE_BOUND('',#4335,.T.);
#4688=FACE_BOUND('',#4336,.T.);
#4689=FACE_BOUND('',#4337,.T.);
#4690=FACE_BOUND('',#4338,.T.);
#4691=FACE_BOUND('',#4339,.T.);
#4692=FACE_BOUND('',#4340,.T.);
#4693=FACE_BOUND('',#4341,.T.);
#4694=FACE_BOUND('',#4342,.T.);
#4695=FACE_BOUND('',#4343,.T.);
#4696=FACE_BOUND('',#4344,.T.);
#4697=FACE_BOUND('',#4345,.T.);
#4698=FACE_BOUND('',#4346,.T.);
#4699=FACE_BOUND('',#4347,.T.);
#4700=FACE_BOUND('',#4348,.T.);
#4701=FACE_BOUND('',#4349,.T.);
#4702=FACE_BOUND('',#4350,.T.);
#4703=FACE_BOUND('',#4351,.T.);
#4704=FACE_BOUND('',#4352,.T.);
#4705=FACE_BOUND('',#4353,.T.);
#4706=FACE_BOUND('',#4354,.T.);
#4707=FACE_BOUND('',#4355,.T.);
#4708=FACE_BOUND('',#4356,.T.);
#4709=FACE_BOUND('',#4357,.T.);
#4710=FACE_BOUND('',#4358,.T.);
#4711=FACE_BOUND('',#4359,.T.);
#4712=FACE_BOUND('',#4360,.T.);
#4713=FACE_BOUND('',#4361,.T.);
#4714=FACE_BOUND('',#4362,.T.);
#4715=FACE_BOUND('',#4363,.T.);
#4716=FACE_BOUND('',#4364,.T.);
#4717=FACE_BOUND('',#4365,.T.);
#4718=FACE_BOUND('',#4366,.T.);
#4719=FACE_BOUND('',#4367,.T.);
#4720=FACE_BOUND('',#4368,.T.);
#4721=FACE_BOUND('',#4369,.T.);
#4722=FACE_BOUND('',#4370,.T.);
#4723=FACE_BOUND('',#4371,.T.);
#4724=FACE_BOUND('',#4372,.T.);
#4725=FACE_BOUND('',#4373,.T.);
#4726=FACE_BOUND('',#4374,.T.);
#4727=FACE_BOUND('',#4375,.T.);
#4728=FACE_BOUND('',#4376,.T.);
#4729=FACE_BOUND('',#4377,.T.);
#4730=FACE_BOUND('',#4378,.T.);
#4731=FACE_BOUND('',#4379,.T.);
#4732=FACE_BOUND('',#4380,.T.);
#4733=FACE_BOUND('',#4381,.T.);
#4734=FACE_BOUND('',#4382,.T.);
#4735=FACE_BOUND('',#4383,.T.);
#4736=FACE_BOUND('',#4384,.T.);
#4737=FACE_BOUND('',#4385,.T.);
#4738=FACE_BOUND('',#4386,.T.);
#4739=FACE_BOUND('',#4387,.T.);
#4740=FACE_BOUND('',#4388,.T.);
#4741=FACE_BOUND('',#4389,.T.);
#4742=FACE_BOUND('',#4390,.T.);
#4743=FACE_BOUND('',#4391,.T.);
#4744=FACE_BOUND('',#4392,.T.);
#4745=FACE_BOUND('',#4393,.T.);
#4746=FACE_BOUND('',#4394,.T.);
#4747=FACE_BOUND('',#4395,.T.);
#4748=FACE_BOUND('',#4396,.T.);
#4749=FACE_BOUND('',#4397,.T.);
#4750=FACE_BOUND('',#4398,.T.);
#4751=FACE_BOUND('',#4399,.T.);
#4752=FACE_BOUND('',#4400,.T.);
#4753=FACE_BOUND('',#4401,.T.);
#4754=FACE_BOUND('',#4402,.T.);
#4755=FACE_BOUND('',#4403,.T.);
#4756=FACE_BOUND('',#4404,.T.);
#4757=FACE_BOUND('',#4405,.T.);
#4758=FACE_BOUND('',#4406,.T.);
#4759=FACE_BOUND('',#4407,.T.);
#4760=FACE_BOUND('',#4408,.T.);
#4761=FACE_BOUND('',#4409,.T.);
#4762=FACE_BOUND('',#4410,.T.);
#4763=FACE_BOUND('',#4411,.T.);
#4764=FACE_BOUND('',#4412,.T.);
#4765=FACE_BOUND('',#4413,.T.);
#4766=FACE_BOUND('',#4414,.T.);
#4767=FACE_BOUND('',#4415,.T.);
#4768=FACE_BOUND('',#4416,.T.);
#4769=FACE_BOUND('',#4417,.T.);
#4770=FACE_BOUND('',#4418,.T.);
#4771=FACE_BOUND('',#4419,.T.);
#4772=FACE_BOUND('',#4420,.T.);
#4773=FACE_BOUND('',#4421,.T.);
#4774=FACE_BOUND('',#4422,.T.);
#4775=FACE_BOUND('',#4423,.T.);
#4776=FACE_BOUND('',#4424,.T.);
#4777=FACE_BOUND('',#4425,.T.);
#4778=FACE_BOUND('',#4426,.T.);
#4779=FACE_BOUND('',#4427,.T.);
#4780=FACE_BOUND('',#4428,.T.);
#4781=FACE_BOUND('',#4429,.T.);
#4782=FACE_BOUND('',#4430,.T.);
#4783=FACE_BOUND('',#4431,.T.);
#4784=FACE_BOUND('',#4432,.T.);
#4785=FACE_BOUND('',#4433,.T.);
#4786=FACE_BOUND('',#4434,.T.);
#4787=FACE_BOUND('',#4435,.T.);
#4788=FACE_BOUND('',#4436,.T.);
#4789=FACE_BOUND('',#4437,.T.);
#4790=FACE_BOUND('',#4438,.T.);
#4791=FACE_BOUND('',#4439,.T.);
#4792=FACE_BOUND('',#4440,.T.);
#4793=FACE_BOUND('',#4441,.T.);
#4794=FACE_BOUND('',#4442,.T.);
#4795=FACE_BOUND('',#4443,.T.);
#4796=FACE_BOUND('',#4444,.T.);
#4797=FACE_BOUND('',#4445,.T.);
#4798=FACE_BOUND('',#4446,.T.);
#4799=FACE_BOUND('',#4447,.T.);
#4800=FACE_BOUND('',#4448,.T.);
#4801=FACE_BOUND('',#4449,.T.);
#4802=FACE_BOUND('',#4450,.T.);
#4803=FACE_BOUND('',#4451,.T.);
#4804=FACE_BOUND('',#4452,.T.);
#4805=FACE_BOUND('',#4453,.T.);
#4806=FACE_BOUND('',#4454,.T.);
#4807=FACE_BOUND('',#4455,.T.);
#4808=FACE_BOUND('',#4456,.T.);
#4809=FACE_BOUND('',#4457,.T.);
#4810=FACE_BOUND('',#4458,.T.);
#4811=FACE_BOUND('',#4459,.T.);
#4812=FACE_BOUND('',#4460,.T.);
#4813=FACE_BOUND('',#4461,.T.);
#4814=FACE_BOUND('',#4462,.T.);
#4815=FACE_BOUND('',#4463,.T.);
#4816=FACE_BOUND('',#4464,.T.);
#4817=FACE_BOUND('',#4465,.T.);
#4818=FACE_BOUND('',#4466,.T.);
#4819=FACE_BOUND('',#4467,.T.);
#4820=FACE_BOUND('',#4468,.T.);
#4821=FACE_BOUND('',#4469,.T.);
#4822=FACE_BOUND('',#4470,.T.);
#4823=FACE_BOUND('',#4471,.T.);
#4824=FACE_BOUND('',#4472,.T.);
#4825=FACE_BOUND('',#4473,.T.);
#4826=FACE_BOUND('',#4474,.T.);
#4827=FACE_BOUND('',#4475,.T.);
#4828=FACE_BOUND('',#4476,.T.);
#4829=FACE_BOUND('',#4477,.T.);
#4830=FACE_BOUND('',#4478,.T.);
#4831=FACE_BOUND('',#4479,.T.);
#4832=FACE_BOUND('',#4480,.T.);
#4833=FACE_BOUND('',#4481,.T.);
#4834=FACE_BOUND('',#4482,.T.);
#4835=FACE_BOUND('',#4483,.T.);
#4836=FACE_BOUND('',#4484,.T.);
#4837=FACE_BOUND('',#4485,.T.);
#4838=FACE_BOUND('',#4486,.T.);
#4839=FACE_BOUND('',#4487,.T.);
#4840=FACE_BOUND('',#4488,.T.);
#4841=FACE_BOUND('',#4489,.T.);
#4842=FACE_BOUND('',#4490,.T.);
#4843=FACE_BOUND('',#4491,.T.);
#4844=FACE_BOUND('',#4492,.T.);
#4845=FACE_BOUND('',#4493,.T.);
#4846=FACE_BOUND('',#4494,.T.);
#4847=FACE_BOUND('',#4495,.T.);
#4848=FACE_BOUND('',#4496,.T.);
#4849=FACE_BOUND('',#4497,.T.);
#4850=FACE_BOUND('',#4498,.T.);
#4851=FACE_BOUND('',#4499,.T.);
#4852=FACE_BOUND('',#4500,.T.);
#4853=FACE_BOUND('',#4501,.T.);
#4854=FACE_BOUND('',#4502,.T.);
#4855=FACE_BOUND('',#4503,.T.);
#4856=FACE_BOUND('',#4504,.T.);
#4857=FACE_BOUND('',#4505,.T.);
#4858=FACE_BOUND('',#4506,.T.);
#4859=FACE_BOUND('',#4507,.T.);
#4860=FACE_BOUND('',#4508,.T.);
#4861=FACE_BOUND('',#4509,.T.);
#4862=FACE_BOUND('',#4510,.T.);
#4863=FACE_BOUND('',#4511,.T.);
#4864=FACE_BOUND('',#4512,.T.);
#4865=FACE_BOUND('',#4513,.T.);
#4866=FACE_BOUND('',#4514,.T.);
#4867=FACE_BOUND('',#4515,.T.);
#4868=FACE_BOUND('',#4516,.T.);
#4869=FACE_BOUND('',#4517,.T.);
#4870=FACE_BOUND('',#4518,.T.);
#4871=FACE_BOUND('',#4519,.T.);
#4872=FACE_BOUND('',#4520,.T.);
#4873=FACE_BOUND('',#4521,.T.);
#4874=FACE_BOUND('',#4522,.T.);
#4875=FACE_BOUND('',#4523,.T.);
#4876=FACE_BOUND('',#4524,.T.);
#4877=FACE_BOUND('',#4525,.T.);
#4878=FACE_BOUND('',#4526,.T.);
#4879=FACE_BOUND('',#4527,.T.);
#4880=FACE_BOUND('',#4528,.T.);
#4881=FACE_BOUND('',#4529,.T.);
#4882=FACE_BOUND('',#4530,.T.);
#4883=FACE_BOUND('',#4531,.T.);
#4884=FACE_BOUND('',#4532,.T.);
#4885=FACE_BOUND('',#4533,.T.);
#4886=FACE_BOUND('',#4534,.T.);
#4887=FACE_BOUND('',#4535,.T.);
#4888=FACE_BOUND('',#4536,.T.);
#4889=FACE_BOUND('',#4537,.T.);
#4890=FACE_BOUND('',#4538,.T.);
#4891=FACE_BOUND('',#4539,.T.);
#4892=FACE_BOUND('',#4540,.T.);
#4893=FACE_BOUND('',#4541,.T.);
#4894=FACE_BOUND('',#4542,.T.);
#4895=FACE_BOUND('',#4543,.T.);
#4896=FACE_BOUND('',#4544,.T.);
#4897=FACE_BOUND('',#4545,.T.);
#4898=FACE_BOUND('',#4546,.T.);
#4899=FACE_BOUND('',#4547,.T.);
#4900=FACE_BOUND('',#4548,.T.);
#4901=FACE_BOUND('',#4549,.T.);
#4902=FACE_BOUND('',#4550,.T.);
#4903=FACE_BOUND('',#4551,.T.);
#4904=FACE_BOUND('',#4552,.T.);
#4905=FACE_BOUND('',#4553,.T.);
#4906=PLANE('',#5488);
#4907=PLANE('',#5489);
#4908=PLANE('',#5490);
#4909=PLANE('',#5491);
#4910=PLANE('',#5498);
#4911=PLANE('',#5499);
#4912=PLANE('',#5501);
#4913=PLANE('',#5502);
#4914=PLANE('',#5503);
#4915=PLANE('',#5504);
#4916=PLANE('',#5505);
#4917=PLANE('',#5506);
#4918=PLANE('',#5507);
#4919=PLANE('',#5508);
#4920=PLANE('',#5509);
#4921=PLANE('',#5510);
#4922=PLANE('',#5511);
#4923=PLANE('',#5512);
#4924=PLANE('',#5513);
#4925=PLANE('',#5514);
#4926=PLANE('',#5515);
#4927=PLANE('',#5516);
#4928=PLANE('',#5525);
#4929=PLANE('',#5534);
#4930=PLANE('',#5535);
#4931=PLANE('',#5536);
#4932=PLANE('',#5537);
#4933=PLANE('',#5538);
#4934=PLANE('',#5539);
#4935=PLANE('',#5540);
#4936=PLANE('',#5541);
#4937=PLANE('',#5542);
#4938=PLANE('',#5543);
#4939=PLANE('',#5544);
#4940=PLANE('',#5545);
#4941=PLANE('',#5548);
#4942=PLANE('',#5551);
#4943=PLANE('',#5552);
#4944=PLANE('',#5557);
#4945=PLANE('',#5558);
#4946=PLANE('',#5559);
#4947=PLANE('',#5561);
#4948=PLANE('',#5563);
#4949=PLANE('',#5564);
#4950=PLANE('',#5566);
#4951=PLANE('',#5567);
#4952=PLANE('',#5568);
#4953=PLANE('',#5569);
#4954=PLANE('',#5570);
#4955=PLANE('',#5571);
#4956=PLANE('',#5572);
#4957=PLANE('',#5573);
#4958=PLANE('',#5574);
#4959=PLANE('',#5575);
#4960=PLANE('',#5576);
#4961=PLANE('',#5577);
#4962=PLANE('',#5578);
#4963=PLANE('',#5579);
#4964=PLANE('',#5580);
#4965=PLANE('',#5581);
#4966=PLANE('',#5582);
#4967=PLANE('',#5583);
#4968=PLANE('',#5584);
#4969=PLANE('',#5585);
#4970=PLANE('',#5586);
#4971=PLANE('',#5587);
#4972=PLANE('',#5588);
#4973=PLANE('',#5589);
#4974=PLANE('',#5590);
#4975=PLANE('',#5591);
#4976=PLANE('',#5592);
#4977=PLANE('',#5593);
#4978=PLANE('',#5594);
#4979=PLANE('',#5595);
#4980=PLANE('',#5596);
#4981=PLANE('',#5597);
#4982=PLANE('',#5598);
#4983=PLANE('',#5599);
#4984=PLANE('',#5600);
#4985=PLANE('',#5601);
#4986=PLANE('',#5602);
#4987=PLANE('',#5603);
#4988=PLANE('',#5604);
#4989=PLANE('',#5605);
#4990=PLANE('',#5606);
#4991=PLANE('',#5607);
#4992=PLANE('',#5608);
#4993=PLANE('',#5609);
#4994=PLANE('',#5610);
#4995=PLANE('',#5611);
#4996=PLANE('',#5612);
#4997=PLANE('',#5613);
#4998=PLANE('',#5614);
#4999=PLANE('',#5615);
#5000=PLANE('',#5616);
#5001=PLANE('',#5617);
#5002=PLANE('',#5618);
#5003=PLANE('',#5619);
#5004=PLANE('',#5620);
#5005=PLANE('',#5621);
#5006=PLANE('',#5622);
#5007=PLANE('',#5623);
#5008=PLANE('',#5624);
#5009=PLANE('',#5625);
#5010=PLANE('',#5626);
#5011=PLANE('',#5627);
#5012=PLANE('',#5628);
#5013=PLANE('',#5629);
#5014=PLANE('',#5630);
#5015=PLANE('',#5631);
#5016=PLANE('',#5632);
#5017=PLANE('',#5633);
#5018=PLANE('',#5634);
#5019=PLANE('',#5635);
#5020=PLANE('',#5636);
#5021=PLANE('',#5637);
#5022=PLANE('',#5639);
#5023=PLANE('',#5640);
#5024=PLANE('',#5641);
#5025=PLANE('',#5651);
#5026=PLANE('',#5652);
#5027=PLANE('',#5653);
#5028=PLANE('',#5683);
#5029=PLANE('',#5684);
#5030=PLANE('',#5685);
#5031=PLANE('',#5686);
#5032=PLANE('',#5687);
#5033=PLANE('',#5688);
#5034=PLANE('',#5690);
#5035=PLANE('',#5691);
#5036=PLANE('',#5692);
#5037=PLANE('',#5693);
#5038=PLANE('',#5694);
#5039=PLANE('',#5703);
#5040=PLANE('',#5737);
#5041=PLANE('',#5738);
#5042=PLANE('',#5739);
#5043=PLANE('',#5740);
#5044=PLANE('',#5741);
#5045=PLANE('',#5743);
#5046=PLANE('',#5745);
#5047=PLANE('',#5746);
#5048=PLANE('',#5761);
#5049=PLANE('',#5762);
#5050=PLANE('',#5763);
#5051=PLANE('',#5764);
#5052=PLANE('',#5765);
#5053=PLANE('',#5767);
#5054=PLANE('',#5770);
#5055=PLANE('',#5771);
#5056=PLANE('',#5772);
#5057=PLANE('',#5776);
#5058=PLANE('',#5795);
#5059=PLANE('',#5798);
#5060=PLANE('',#5801);
#5061=PLANE('',#5806);
#5062=PLANE('',#5811);
#5063=PLANE('',#5815);
#5064=PLANE('',#5816);
#5065=PLANE('',#5829);
#5066=PLANE('',#5831);
#5067=PLANE('',#5832);
#5068=PLANE('',#5837);
#5069=PLANE('',#5838);
#5070=PLANE('',#5839);
#5071=PLANE('',#5840);
#5072=PLANE('',#5841);
#5073=PLANE('',#5842);
#5074=PLANE('',#5843);
#5075=PLANE('',#5844);
#5076=PLANE('',#5845);
#5077=PLANE('',#5846);
#5078=PLANE('',#5847);
#5079=PLANE('',#5848);
#5080=PLANE('',#5849);
#5081=PLANE('',#5852);
#5082=PLANE('',#5853);
#5083=PLANE('',#5854);
#5084=PLANE('',#5855);
#5085=PLANE('',#5858);
#5086=PLANE('',#5859);
#5087=PLANE('',#5860);
#5088=PLANE('',#5861);
#5089=PLANE('',#5862);
#5090=PLANE('',#5863);
#5091=PLANE('',#5864);
#5092=PLANE('',#5865);
#5093=PLANE('',#5866);
#5094=PLANE('',#5867);
#5095=PLANE('',#5868);
#5096=PLANE('',#5869);
#5097=PLANE('',#5870);
#5098=PLANE('',#5871);
#5099=PLANE('',#5872);
#5100=PLANE('',#5873);
#5101=PLANE('',#5874);
#5102=PLANE('',#5875);
#5103=PLANE('',#5876);
#5104=PLANE('',#5877);
#5105=PLANE('',#5878);
#5106=PLANE('',#5879);
#5107=PLANE('',#5880);
#5108=PLANE('',#5881);
#5109=PLANE('',#5882);
#5110=PLANE('',#5883);
#5111=PLANE('',#5884);
#5112=PLANE('',#5885);
#5113=PLANE('',#5886);
#5114=PLANE('',#5887);
#5115=PLANE('',#5889);
#5116=PLANE('',#5890);
#5117=PLANE('',#5891);
#5118=PLANE('',#5892);
#5119=PLANE('',#5893);
#5120=PLANE('',#5894);
#5121=ADVANCED_FACE('',(#4554),#4906,.T.);
#5122=ADVANCED_FACE('',(#4555),#4907,.F.);
#5123=ADVANCED_FACE('',(#4556),#4908,.F.);
#5124=ADVANCED_FACE('',(#4557),#4909,.T.);
#5125=ADVANCED_FACE('',(#4558,#4559),#162,.F.);
#5126=ADVANCED_FACE('',(#4560,#4561),#163,.F.);
#5127=ADVANCED_FACE('',(#4562,#4563,#4564),#4910,.T.);
#5128=ADVANCED_FACE('',(#4565,#4566,#4567),#4911,.F.);
#5129=ADVANCED_FACE('',(#4568),#4912,.T.);
#5130=ADVANCED_FACE('',(#4569),#4913,.T.);
#5131=ADVANCED_FACE('',(#4570),#4914,.F.);
#5132=ADVANCED_FACE('',(#4571),#4915,.F.);
#5133=ADVANCED_FACE('',(#4572),#4916,.F.);
#5134=ADVANCED_FACE('',(#4573),#4917,.F.);
#5135=ADVANCED_FACE('',(#4574),#4918,.F.);
#5136=ADVANCED_FACE('',(#4575),#4919,.F.);
#5137=ADVANCED_FACE('',(#4576),#4920,.F.);
#5138=ADVANCED_FACE('',(#4577),#4921,.F.);
#5139=ADVANCED_FACE('',(#4578),#4922,.F.);
#5140=ADVANCED_FACE('',(#4579),#4923,.F.);
#5141=ADVANCED_FACE('',(#4580),#4924,.F.);
#5142=ADVANCED_FACE('',(#4581),#4925,.F.);
#5143=ADVANCED_FACE('',(#4582),#4926,.F.);
#5144=ADVANCED_FACE('',(#4583,#4584,#4585),#4927,.F.);
#5145=ADVANCED_FACE('',(#4586,#4587,#4588,#4589,#4590),#4928,.T.);
#5146=ADVANCED_FACE('',(#4591),#4929,.T.);
#5147=ADVANCED_FACE('',(#4592,#4593),#4930,.T.);
#5148=ADVANCED_FACE('',(#4594),#4931,.F.);
#5149=ADVANCED_FACE('',(#4595),#4932,.T.);
#5150=ADVANCED_FACE('',(#4596),#4933,.F.);
#5151=ADVANCED_FACE('',(#4597),#4934,.T.);
#5152=ADVANCED_FACE('',(#4598),#4935,.T.);
#5153=ADVANCED_FACE('',(#4599),#4936,.T.);
#5154=ADVANCED_FACE('',(#4600),#4937,.T.);
#5155=ADVANCED_FACE('',(#4601),#4938,.F.);
#5156=ADVANCED_FACE('',(#4602),#4939,.T.);
#5157=ADVANCED_FACE('',(#4603),#4940,.T.);
#5158=ADVANCED_FACE('',(#4604),#164,.T.);
#5159=ADVANCED_FACE('',(#4605),#165,.T.);
#5160=ADVANCED_FACE('',(#4606),#4941,.T.);
#5161=ADVANCED_FACE('',(#4607),#166,.T.);
#5162=ADVANCED_FACE('',(#4608),#167,.T.);
#5163=ADVANCED_FACE('',(#4609),#4942,.F.);
#5164=ADVANCED_FACE('',(#4610,#4611,#4612),#4943,.F.);
#5165=ADVANCED_FACE('',(#4613),#168,.T.);
#5166=ADVANCED_FACE('',(#4614),#169,.T.);
#5167=ADVANCED_FACE('',(#4615,#4616),#4944,.T.);
#5168=ADVANCED_FACE('',(#4617),#4945,.F.);
#5169=ADVANCED_FACE('',(#4618),#4946,.F.);
#5170=ADVANCED_FACE('',(#4619),#170,.T.);
#5171=ADVANCED_FACE('',(#4620),#4947,.F.);
#5172=ADVANCED_FACE('',(#4621),#171,.T.);
#5173=ADVANCED_FACE('',(#4622),#4948,.T.);
#5174=ADVANCED_FACE('',(#4623),#4949,.F.);
#5175=ADVANCED_FACE('',(#4624),#172,.T.);
#5176=ADVANCED_FACE('',(#4625),#4950,.T.);
#5177=ADVANCED_FACE('',(#4626),#4951,.F.);
#5178=ADVANCED_FACE('',(#4627),#4952,.T.);
#5179=ADVANCED_FACE('',(#4628,#4629),#4953,.T.);
#5180=ADVANCED_FACE('',(#4630,#4631),#4954,.F.);
#5181=ADVANCED_FACE('',(#4632),#4955,.T.);
#5182=ADVANCED_FACE('',(#4633),#4956,.F.);
#5183=ADVANCED_FACE('',(#4634),#4957,.F.);
#5184=ADVANCED_FACE('',(#4635),#4958,.T.);
#5185=ADVANCED_FACE('',(#4636),#4959,.T.);
#5186=ADVANCED_FACE('',(#4637),#4960,.F.);
#5187=ADVANCED_FACE('',(#4638),#4961,.F.);
#5188=ADVANCED_FACE('',(#4639),#4962,.T.);
#5189=ADVANCED_FACE('',(#4640),#4963,.F.);
#5190=ADVANCED_FACE('',(#4641),#4964,.F.);
#5191=ADVANCED_FACE('',(#4642),#4965,.T.);
#5192=ADVANCED_FACE('',(#4643,#4644),#4966,.T.);
#5193=ADVANCED_FACE('',(#4645),#4967,.F.);
#5194=ADVANCED_FACE('',(#4646),#4968,.F.);
#5195=ADVANCED_FACE('',(#4647),#4969,.F.);
#5196=ADVANCED_FACE('',(#4648),#4970,.F.);
#5197=ADVANCED_FACE('',(#4649),#4971,.F.);
#5198=ADVANCED_FACE('',(#4650),#4972,.F.);
#5199=ADVANCED_FACE('',(#4651),#4973,.F.);
#5200=ADVANCED_FACE('',(#4652),#4974,.T.);
#5201=ADVANCED_FACE('',(#4653),#4975,.F.);
#5202=ADVANCED_FACE('',(#4654),#4976,.F.);
#5203=ADVANCED_FACE('',(#4655,#4656),#4977,.T.);
#5204=ADVANCED_FACE('',(#4657),#4978,.F.);
#5205=ADVANCED_FACE('',(#4658),#4979,.F.);
#5206=ADVANCED_FACE('',(#4659),#4980,.F.);
#5207=ADVANCED_FACE('',(#4660),#4981,.F.);
#5208=ADVANCED_FACE('',(#4661),#4982,.F.);
#5209=ADVANCED_FACE('',(#4662),#4983,.F.);
#5210=ADVANCED_FACE('',(#4663),#4984,.T.);
#5211=ADVANCED_FACE('',(#4664),#4985,.T.);
#5212=ADVANCED_FACE('',(#4665),#4986,.F.);
#5213=ADVANCED_FACE('',(#4666,#4667),#4987,.T.);
#5214=ADVANCED_FACE('',(#4668),#4988,.F.);
#5215=ADVANCED_FACE('',(#4669),#4989,.F.);
#5216=ADVANCED_FACE('',(#4670),#4990,.F.);
#5217=ADVANCED_FACE('',(#4671),#4991,.F.);
#5218=ADVANCED_FACE('',(#4672),#4992,.F.);
#5219=ADVANCED_FACE('',(#4673),#4993,.F.);
#5220=ADVANCED_FACE('',(#4674),#4994,.F.);
#5221=ADVANCED_FACE('',(#4675),#4995,.F.);
#5222=ADVANCED_FACE('',(#4676),#4996,.T.);
#5223=ADVANCED_FACE('',(#4677,#4678),#4997,.T.);
#5224=ADVANCED_FACE('',(#4679),#4998,.T.);
#5225=ADVANCED_FACE('',(#4680),#4999,.F.);
#5226=ADVANCED_FACE('',(#4681),#5000,.T.);
#5227=ADVANCED_FACE('',(#4682,#4683),#5001,.T.);
#5228=ADVANCED_FACE('',(#4684),#5002,.F.);
#5229=ADVANCED_FACE('',(#4685,#4686),#5003,.T.);
#5230=ADVANCED_FACE('',(#4687),#5004,.F.);
#5231=ADVANCED_FACE('',(#4688),#5005,.T.);
#5232=ADVANCED_FACE('',(#4689,#4690),#5006,.F.);
#5233=ADVANCED_FACE('',(#4691),#5007,.T.);
#5234=ADVANCED_FACE('',(#4692,#4693),#5008,.T.);
#5235=ADVANCED_FACE('',(#4694),#5009,.T.);
#5236=ADVANCED_FACE('',(#4695),#5010,.F.);
#5237=ADVANCED_FACE('',(#4696),#5011,.F.);
#5238=ADVANCED_FACE('',(#4697),#5012,.F.);
#5239=ADVANCED_FACE('',(#4698),#5013,.F.);
#5240=ADVANCED_FACE('',(#4699),#5014,.F.);
#5241=ADVANCED_FACE('',(#4700),#5015,.F.);
#5242=ADVANCED_FACE('',(#4701),#5016,.F.);
#5243=ADVANCED_FACE('',(#4702),#5017,.F.);
#5244=ADVANCED_FACE('',(#4703),#5018,.F.);
#5245=ADVANCED_FACE('',(#4704),#5019,.F.);
#5246=ADVANCED_FACE('',(#4705),#5020,.F.);
#5247=ADVANCED_FACE('',(#4706),#5021,.F.);
#5248=ADVANCED_FACE('',(#4707),#5022,.T.);
#5249=ADVANCED_FACE('',(#4708),#5023,.F.);
#5250=ADVANCED_FACE('',(#4709),#5024,.F.);
#5251=ADVANCED_FACE('',(#4710,#4711),#173,.F.);
#5252=ADVANCED_FACE('',(#4712,#4713),#174,.F.);
#5253=ADVANCED_FACE('',(#4714,#4715),#175,.F.);
#5254=ADVANCED_FACE('',(#4716),#5025,.T.);
#5255=ADVANCED_FACE('',(#4717,#4718,#4719,#4720),#5026,.T.);
#5256=ADVANCED_FACE('',(#4721,#4722,#4723,#4724),#5027,.F.);
#5257=ADVANCED_FACE('',(#4725),#176,.T.);
#5258=ADVANCED_FACE('',(#4726),#24,.T.);
#5259=ADVANCED_FACE('',(#4727),#177,.T.);
#5260=ADVANCED_FACE('',(#4728),#178,.T.);
#5261=ADVANCED_FACE('',(#4729),#179,.T.);
#5262=ADVANCED_FACE('',(#4730),#180,.T.);
#5263=ADVANCED_FACE('',(#4731),#25,.T.);
#5264=ADVANCED_FACE('',(#4732),#26,.T.);
#5265=ADVANCED_FACE('',(#4733),#181,.T.);
#5266=ADVANCED_FACE('',(#4734),#182,.T.);
#5267=ADVANCED_FACE('',(#4735),#27,.T.);
#5268=ADVANCED_FACE('',(#4736),#183,.T.);
#5269=ADVANCED_FACE('',(#4737),#5028,.T.);
#5270=ADVANCED_FACE('',(#4738),#5029,.F.);
#5271=ADVANCED_FACE('',(#4739),#5030,.F.);
#5272=ADVANCED_FACE('',(#4740),#5031,.T.);
#5273=ADVANCED_FACE('',(#4741),#5032,.T.);
#5274=ADVANCED_FACE('',(#4742),#5033,.F.);
#5275=ADVANCED_FACE('',(#4743),#5034,.T.);
#5276=ADVANCED_FACE('',(#4744),#5035,.F.);
#5277=ADVANCED_FACE('',(#4745),#5036,.F.);
#5278=ADVANCED_FACE('',(#4746),#5037,.T.);
#5279=ADVANCED_FACE('',(#4747,#4748,#4749,#4750,#4751),#5038,.T.);
#5280=ADVANCED_FACE('',(#4752,#4753,#4754,#4755,#4756),#5039,.F.);
#5281=ADVANCED_FACE('',(#4757,#4758),#184,.F.);
#5282=ADVANCED_FACE('',(#4759,#4760),#185,.F.);
#5283=ADVANCED_FACE('',(#4761,#4762),#186,.F.);
#5284=ADVANCED_FACE('',(#4763,#4764),#187,.F.);
#5285=ADVANCED_FACE('',(#4765),#188,.T.);
#5286=ADVANCED_FACE('',(#4766),#28,.T.);
#5287=ADVANCED_FACE('',(#4767),#189,.T.);
#5288=ADVANCED_FACE('',(#4768),#190,.T.);
#5289=ADVANCED_FACE('',(#4769),#191,.T.);
#5290=ADVANCED_FACE('',(#4770),#192,.T.);
#5291=ADVANCED_FACE('',(#4771),#29,.T.);
#5292=ADVANCED_FACE('',(#4772),#30,.T.);
#5293=ADVANCED_FACE('',(#4773),#193,.T.);
#5294=ADVANCED_FACE('',(#4774),#194,.T.);
#5295=ADVANCED_FACE('',(#4775),#31,.T.);
#5296=ADVANCED_FACE('',(#4776),#195,.T.);
#5297=ADVANCED_FACE('',(#4777),#5040,.T.);
#5298=ADVANCED_FACE('',(#4778),#5041,.T.);
#5299=ADVANCED_FACE('',(#4779),#5042,.T.);
#5300=ADVANCED_FACE('',(#4780),#5043,.F.);
#5301=ADVANCED_FACE('',(#4781,#4782),#5044,.F.);
#5302=ADVANCED_FACE('',(#4783,#4784),#5045,.T.);
#5303=ADVANCED_FACE('',(#4785),#5046,.T.);
#5304=ADVANCED_FACE('',(#4786),#5047,.F.);
#5305=ADVANCED_FACE('',(#4787),#196,.T.);
#5306=ADVANCED_FACE('',(#4788),#197,.T.);
#5307=ADVANCED_FACE('',(#4789),#198,.T.);
#5308=ADVANCED_FACE('',(#4790),#199,.T.);
#5309=ADVANCED_FACE('',(#4791,#4792),#5048,.T.);
#5310=ADVANCED_FACE('',(#4793),#5049,.T.);
#5311=ADVANCED_FACE('',(#4794),#5050,.F.);
#5312=ADVANCED_FACE('',(#4795),#5051,.T.);
#5313=ADVANCED_FACE('',(#4796),#5052,.F.);
#5314=ADVANCED_FACE('',(#4797),#5053,.T.);
#5315=ADVANCED_FACE('',(#4798),#200,.T.);
#5316=ADVANCED_FACE('',(#4799),#5054,.F.);
#5317=ADVANCED_FACE('',(#4800),#5055,.F.);
#5318=ADVANCED_FACE('',(#4801,#4802,#4803),#5056,.T.);
#5319=ADVANCED_FACE('',(#4804),#201,.T.);
#5320=ADVANCED_FACE('',(#4805,#4806,#4807,#4808),#5057,.F.);
#5321=ADVANCED_FACE('',(#4809),#202,.F.);
#5322=ADVANCED_FACE('',(#4810),#203,.F.);
#5323=ADVANCED_FACE('',(#4811),#5058,.F.);
#5324=ADVANCED_FACE('',(#4812),#204,.F.);
#5325=ADVANCED_FACE('',(#4813),#5059,.F.);
#5326=ADVANCED_FACE('',(#4814),#205,.F.);
#5327=ADVANCED_FACE('',(#4815),#5060,.F.);
#5328=ADVANCED_FACE('',(#4816),#206,.F.);
#5329=ADVANCED_FACE('',(#4817),#207,.F.);
#5330=ADVANCED_FACE('',(#4818),#5061,.T.);
#5331=ADVANCED_FACE('',(#4819),#208,.T.);
#5332=ADVANCED_FACE('',(#4820),#209,.T.);
#5333=ADVANCED_FACE('',(#4821),#5062,.F.);
#5334=ADVANCED_FACE('',(#4822),#210,.T.);
#5335=ADVANCED_FACE('',(#4823),#5063,.T.);
#5336=ADVANCED_FACE('',(#4824),#5064,.F.);
#5337=ADVANCED_FACE('',(#4825),#211,.T.);
#5338=ADVANCED_FACE('',(#4826),#212,.T.);
#5339=ADVANCED_FACE('',(#4827),#213,.T.);
#5340=ADVANCED_FACE('',(#4828),#11,.T.);
#5341=ADVANCED_FACE('',(#4829),#12,.T.);
#5342=ADVANCED_FACE('',(#4830),#13,.T.);
#5343=ADVANCED_FACE('',(#4831,#4832),#5065,.T.);
#5344=ADVANCED_FACE('',(#4833),#14,.T.);
#5345=ADVANCED_FACE('',(#4834),#5066,.T.);
#5346=ADVANCED_FACE('',(#4835,#4836,#4837),#5067,.F.);
#5347=ADVANCED_FACE('',(#4838,#4839),#214,.F.);
#5348=ADVANCED_FACE('',(#4840,#4841),#215,.F.);
#5349=ADVANCED_FACE('',(#4842),#5068,.T.);
#5350=ADVANCED_FACE('',(#4843),#5069,.F.);
#5351=ADVANCED_FACE('',(#4844),#5070,.F.);
#5352=ADVANCED_FACE('',(#4845),#5071,.T.);
#5353=ADVANCED_FACE('',(#4846),#5072,.T.);
#5354=ADVANCED_FACE('',(#4847),#5073,.T.);
#5355=ADVANCED_FACE('',(#4848),#5074,.F.);
#5356=ADVANCED_FACE('',(#4849),#5075,.F.);
#5357=ADVANCED_FACE('',(#4850),#5076,.T.);
#5358=ADVANCED_FACE('',(#4851),#5077,.T.);
#5359=ADVANCED_FACE('',(#4852),#5078,.T.);
#5360=ADVANCED_FACE('',(#4853),#5079,.T.);
#5361=ADVANCED_FACE('',(#4854),#5080,.F.);
#5362=ADVANCED_FACE('',(#4855,#4856),#216,.F.);
#5363=ADVANCED_FACE('',(#4857,#4858),#5081,.F.);
#5364=ADVANCED_FACE('',(#4859),#5082,.F.);
#5365=ADVANCED_FACE('',(#4860),#5083,.T.);
#5366=ADVANCED_FACE('',(#4861),#5084,.T.);
#5367=ADVANCED_FACE('',(#4862,#4863),#217,.F.);
#5368=ADVANCED_FACE('',(#4864,#4865),#5085,.F.);
#5369=ADVANCED_FACE('',(#4866),#10,.F.);
#5370=ADVANCED_FACE('',(#4867,#4868),#5086,.T.);
#5371=ADVANCED_FACE('',(#4869),#5087,.T.);
#5372=ADVANCED_FACE('',(#4870),#5088,.F.);
#5373=ADVANCED_FACE('',(#4871),#5089,.T.);
#5374=ADVANCED_FACE('',(#4872),#5090,.F.);
#5375=ADVANCED_FACE('',(#4873),#5091,.F.);
#5376=ADVANCED_FACE('',(#4874),#5092,.F.);
#5377=ADVANCED_FACE('',(#4875),#5093,.F.);
#5378=ADVANCED_FACE('',(#4876),#5094,.F.);
#5379=ADVANCED_FACE('',(#4877),#5095,.F.);
#5380=ADVANCED_FACE('',(#4878,#4879),#5096,.F.);
#5381=ADVANCED_FACE('',(#4880),#5097,.T.);
#5382=ADVANCED_FACE('',(#4881),#5098,.F.);
#5383=ADVANCED_FACE('',(#4882),#5099,.F.);
#5384=ADVANCED_FACE('',(#4883),#5100,.F.);
#5385=ADVANCED_FACE('',(#4884),#5101,.F.);
#5386=ADVANCED_FACE('',(#4885),#5102,.F.);
#5387=ADVANCED_FACE('',(#4886),#5103,.F.);
#5388=ADVANCED_FACE('',(#4887,#4888),#5104,.T.);
#5389=ADVANCED_FACE('',(#4889,#4890),#5105,.T.);
#5390=ADVANCED_FACE('',(#4891),#5106,.T.);
#5391=ADVANCED_FACE('',(#4892),#5107,.F.);
#5392=ADVANCED_FACE('',(#4893),#5108,.F.);
#5393=ADVANCED_FACE('',(#4894),#5109,.F.);
#5394=ADVANCED_FACE('',(#4895),#5110,.F.);
#5395=ADVANCED_FACE('',(#4896),#5111,.F.);
#5396=ADVANCED_FACE('',(#4897),#5112,.F.);
#5397=ADVANCED_FACE('',(#4898),#5113,.F.);
#5398=ADVANCED_FACE('',(#4899),#5114,.T.);
#5399=ADVANCED_FACE('',(#4900),#5115,.T.);
#5400=ADVANCED_FACE('',(#4901),#5116,.F.);
#5401=ADVANCED_FACE('',(#4902),#5117,.F.);
#5402=ADVANCED_FACE('',(#4903),#5118,.T.);
#5403=ADVANCED_FACE('',(#4904),#5119,.T.);
#5404=ADVANCED_FACE('',(#4905),#5120,.F.);
#5405=CLOSED_SHELL('',(#5121,#5122,#5123,#5124,#5125,#5126,#5127,#5128));
#5406=CLOSED_SHELL('',(#5129,#5130,#5131,#5132,#5133,#5134,#5135,#5136,
#5137,#5138,#5139,#5140,#5141,#5142,#5143,#5144,#5145,#5146,#5147,#5148,
#5149,#5150,#5151,#5152,#5153,#5154,#5155,#5156,#5157,#5158,#5159,#5160,
#5161,#5162,#5163,#5164,#5165,#5166,#5167,#5168,#5169,#5170,#5171,#5172,
#5173,#5174,#5175,#5176,#5177,#5178,#5179,#5180,#5181,#5182,#5183,#5184,
#5185,#5186,#5187,#5188,#5189,#5190,#5191,#5192,#5193,#5194,#5195,#5196,
#5197,#5198,#5199,#5200,#5201,#5202,#5203,#5204,#5205,#5206,#5207,#5208,
#5209,#5210,#5211,#5212,#5213,#5214,#5215,#5216,#5217,#5218,#5219,#5220,
#5221,#5222,#5223,#5224,#5225,#5226,#5227,#5228,#5229,#5230,#5231,#5232,
#5233,#5234,#5235,#5236,#5237,#5238,#5239,#5240,#5241,#5242,#5243,#5244,
#5245,#5246,#5247));
#5407=CLOSED_SHELL('',(#5248,#5249,#5250,#5251,#5252,#5253,#5254,#5255,
#5256,#5257,#5258,#5259,#5260,#5261,#5262,#5263,#5264,#5265,#5266,#5267,
#5268));
#5408=CLOSED_SHELL('',(#5269,#5270,#5271,#5272,#5273,#5274));
#5409=CLOSED_SHELL('',(#5275,#5276,#5277,#5278,#5279,#5280,#5281,#5282,
#5283,#5284,#5285,#5286,#5287,#5288,#5289,#5290,#5291,#5292,#5293,#5294,
#5295,#5296));
#5410=CLOSED_SHELL('',(#5297,#5298,#5299,#5300,#5301,#5302,#5303,#5304,
#5305,#5306,#5307,#5308,#5309,#5310,#5311,#5312,#5313,#5314,#5315,#5316,
#5317,#5318,#5319,#5320,#5321,#5322,#5323,#5324,#5325,#5326,#5327,#5328,
#5329,#5330,#5331,#5332,#5333,#5334,#5335,#5336,#5337,#5338,#5339,#5340,
#5341,#5342,#5343,#5344,#5345,#5346,#5347,#5348,#5349,#5350,#5351,#5352,
#5353,#5354,#5355,#5356,#5357,#5358,#5359,#5360,#5361,#5362,#5363,#5364,
#5365,#5366,#5367,#5368,#5369,#5370,#5371,#5372,#5373,#5374,#5375,#5376,
#5377,#5378,#5379,#5380,#5381,#5382,#5383,#5384,#5385,#5386,#5387,#5388,
#5389,#5390,#5391,#5392,#5393,#5394,#5395,#5396,#5397,#5398));
#5411=CLOSED_SHELL('',(#5399,#5400,#5401,#5402,#5403,#5404));
#5412=STYLED_ITEM('',(#5419),#5466);
#5413=STYLED_ITEM('',(#5420),#5467);
#5414=STYLED_ITEM('',(#5421),#5468);
#5415=STYLED_ITEM('',(#5422),#5469);
#5416=STYLED_ITEM('',(#5423),#5470);
#5417=STYLED_ITEM('',(#5424),#5471);
#5418=STYLED_ITEM('',(#5425),#5472);
#5419=PRESENTATION_STYLE_ASSIGNMENT((#5426));
#5420=PRESENTATION_STYLE_ASSIGNMENT((#5427));
#5421=PRESENTATION_STYLE_ASSIGNMENT((#5428));
#5422=PRESENTATION_STYLE_ASSIGNMENT((#5429));
#5423=PRESENTATION_STYLE_ASSIGNMENT((#5430));
#5424=PRESENTATION_STYLE_ASSIGNMENT((#5431));
#5425=PRESENTATION_STYLE_ASSIGNMENT((#5432));
#5426=SURFACE_STYLE_USAGE(.BOTH.,#5433);
#5427=SURFACE_STYLE_USAGE(.BOTH.,#5434);
#5428=SURFACE_STYLE_USAGE(.BOTH.,#5435);
#5429=SURFACE_STYLE_USAGE(.BOTH.,#5436);
#5430=SURFACE_STYLE_USAGE(.BOTH.,#5437);
#5431=SURFACE_STYLE_USAGE(.BOTH.,#5438);
#5432=SURFACE_STYLE_USAGE(.BOTH.,#5439);
#5433=SURFACE_SIDE_STYLE('',(#5440));
#5434=SURFACE_SIDE_STYLE('',(#5441));
#5435=SURFACE_SIDE_STYLE('',(#5442));
#5436=SURFACE_SIDE_STYLE('',(#5443));
#5437=SURFACE_SIDE_STYLE('',(#5444));
#5438=SURFACE_SIDE_STYLE('',(#5445));
#5439=SURFACE_SIDE_STYLE('',(#5446));
#5440=SURFACE_STYLE_FILL_AREA(#5447);
#5441=SURFACE_STYLE_FILL_AREA(#5448);
#5442=SURFACE_STYLE_FILL_AREA(#5449);
#5443=SURFACE_STYLE_FILL_AREA(#5450);
#5444=SURFACE_STYLE_FILL_AREA(#5451);
#5445=SURFACE_STYLE_FILL_AREA(#5452);
#5446=SURFACE_STYLE_FILL_AREA(#5453);
#5447=FILL_AREA_STYLE('',(#5454));
#5448=FILL_AREA_STYLE('',(#5455));
#5449=FILL_AREA_STYLE('',(#5456));
#5450=FILL_AREA_STYLE('',(#5457));
#5451=FILL_AREA_STYLE('',(#5458));
#5452=FILL_AREA_STYLE('',(#5459));
#5453=FILL_AREA_STYLE('',(#5460));
#5454=FILL_AREA_STYLE_COLOUR('',#5461);
#5455=FILL_AREA_STYLE_COLOUR('',#5461);
#5456=FILL_AREA_STYLE_COLOUR('',#5462);
#5457=FILL_AREA_STYLE_COLOUR('',#5463);
#5458=FILL_AREA_STYLE_COLOUR('',#5464);
#5459=FILL_AREA_STYLE_COLOUR('',#5461);
#5460=FILL_AREA_STYLE_COLOUR('',#5465);
#5461=COLOUR_RGB('',0.972549019607843,0.529411764705882,0.00392156862745098);
#5462=COLOUR_RGB('',0.980392156862745,0.713725490196078,0.00392156862745098);
#5463=COLOUR_RGB('',0.768627450980392,0.886274509803922,0.952941176470588);
#5464=COLOUR_RGB('',0.498039215686275,0.498039215686275,0.498039215686275);
#5465=COLOUR_RGB('',0.917647058823529,0.917647058823529,0.917647058823529);
#5466=MANIFOLD_SOLID_BREP('Part 5',#5405);
#5467=MANIFOLD_SOLID_BREP('Part 1',#5406);
#5468=MANIFOLD_SOLID_BREP('Part 7',#5407);
#5469=MANIFOLD_SOLID_BREP('Part 4',#5408);
#5470=MANIFOLD_SOLID_BREP('Part 6',#5409);
#5471=MANIFOLD_SOLID_BREP('Part 2',#5410);
#5472=MANIFOLD_SOLID_BREP('Part 3',#5411);
#5473=SHAPE_DEFINITION_REPRESENTATION(#8943,#5480);
#5474=SHAPE_DEFINITION_REPRESENTATION(#8944,#5481);
#5475=SHAPE_DEFINITION_REPRESENTATION(#8945,#5482);
#5476=SHAPE_DEFINITION_REPRESENTATION(#8946,#5483);
#5477=SHAPE_DEFINITION_REPRESENTATION(#8947,#5484);
#5478=SHAPE_DEFINITION_REPRESENTATION(#8948,#5485);
#5479=SHAPE_DEFINITION_REPRESENTATION(#8949,#5486);
#5480=SHAPE_REPRESENTATION('Part 5',(#5487),#8908);
#5481=SHAPE_REPRESENTATION('Part 1',(#5500),#8909);
#5482=SHAPE_REPRESENTATION('Part 7',(#5638),#8910);
#5483=SHAPE_REPRESENTATION('Part 4',(#5682),#8911);
#5484=SHAPE_REPRESENTATION('Part 6',(#5689),#8912);
#5485=SHAPE_REPRESENTATION('Part 2',(#5736),#8913);
#5486=SHAPE_REPRESENTATION('Part 3',(#5888),#8914);
#5487=AXIS2_PLACEMENT_3D('',#7334,#5895,#5896);
#5488=AXIS2_PLACEMENT_3D('',#7335,#5897,#5898);
#5489=AXIS2_PLACEMENT_3D('',#7344,#5903,#5904);
#5490=AXIS2_PLACEMENT_3D('',#7350,#5908,#5909);
#5491=AXIS2_PLACEMENT_3D('',#7356,#5913,#5914);
#5492=AXIS2_PLACEMENT_3D('',#7359,#5917,#5918);
#5493=AXIS2_PLACEMENT_3D('',#7360,#5919,#5920);
#5494=AXIS2_PLACEMENT_3D('',#7362,#5921,#5922);
#5495=AXIS2_PLACEMENT_3D('',#7364,#5923,#5924);
#5496=AXIS2_PLACEMENT_3D('',#7365,#5925,#5926);
#5497=AXIS2_PLACEMENT_3D('',#7367,#5927,#5928);
#5498=AXIS2_PLACEMENT_3D('',#7369,#5929,#5930);
#5499=AXIS2_PLACEMENT_3D('',#7370,#5931,#5932);
#5500=AXIS2_PLACEMENT_3D('',#7371,#5933,#5934);
#5501=AXIS2_PLACEMENT_3D('',#7372,#5935,#5936);
#5502=AXIS2_PLACEMENT_3D('',#7385,#5943,#5944);
#5503=AXIS2_PLACEMENT_3D('',#7398,#5951,#5952);
#5504=AXIS2_PLACEMENT_3D('',#7415,#5961,#5962);
#5505=AXIS2_PLACEMENT_3D('',#7424,#5967,#5968);
#5506=AXIS2_PLACEMENT_3D('',#7430,#5972,#5973);
#5507=AXIS2_PLACEMENT_3D('',#7436,#5977,#5978);
#5508=AXIS2_PLACEMENT_3D('',#7442,#5982,#5983);
#5509=AXIS2_PLACEMENT_3D('',#7448,#5987,#5988);
#5510=AXIS2_PLACEMENT_3D('',#7451,#5991,#5992);
#5511=AXIS2_PLACEMENT_3D('',#7460,#5997,#5998);
#5512=AXIS2_PLACEMENT_3D('',#7466,#6002,#6003);
#5513=AXIS2_PLACEMENT_3D('',#7472,#6007,#6008);
#5514=AXIS2_PLACEMENT_3D('',#7478,#6012,#6013);
#5515=AXIS2_PLACEMENT_3D('',#7484,#6017,#6018);
#5516=AXIS2_PLACEMENT_3D('',#7487,#6021,#6022);
#5517=AXIS2_PLACEMENT_3D('',#7493,#6026,#6027);
#5518=AXIS2_PLACEMENT_3D('',#7497,#6029,#6030);
#5519=AXIS2_PLACEMENT_3D('',#7509,#6036,#6037);
#5520=AXIS2_PLACEMENT_3D('',#7513,#6039,#6040);
#5521=AXIS2_PLACEMENT_3D('',#7535,#6052,#6053);
#5522=AXIS2_PLACEMENT_3D('',#7539,#6055,#6056);
#5523=AXIS2_PLACEMENT_3D('',#7551,#6062,#6063);
#5524=AXIS2_PLACEMENT_3D('',#7555,#6065,#6066);
#5525=AXIS2_PLACEMENT_3D('',#7572,#6075,#6076);
#5526=AXIS2_PLACEMENT_3D('',#7610,#6095,#6096);
#5527=AXIS2_PLACEMENT_3D('',#7638,#6111,#6112);
#5528=AXIS2_PLACEMENT_3D('',#7646,#6116,#6117);
#5529=AXIS2_PLACEMENT_3D('',#7650,#6119,#6120);
#5530=AXIS2_PLACEMENT_3D('',#7654,#6122,#6123);
#5531=AXIS2_PLACEMENT_3D('',#7655,#6124,#6125);
#5532=AXIS2_PLACEMENT_3D('',#7659,#6127,#6128);
#5533=AXIS2_PLACEMENT_3D('',#7663,#6130,#6131);
#5534=AXIS2_PLACEMENT_3D('',#7666,#6133,#6134);
#5535=AXIS2_PLACEMENT_3D('',#7672,#6138,#6139);
#5536=AXIS2_PLACEMENT_3D('',#7678,#6143,#6144);
#5537=AXIS2_PLACEMENT_3D('',#7682,#6147,#6148);
#5538=AXIS2_PLACEMENT_3D('',#7686,#6151,#6152);
#5539=AXIS2_PLACEMENT_3D('',#7692,#6156,#6157);
#5540=AXIS2_PLACEMENT_3D('',#7696,#6160,#6161);
#5541=AXIS2_PLACEMENT_3D('',#7700,#6164,#6165);
#5542=AXIS2_PLACEMENT_3D('',#7702,#6167,#6168);
#5543=AXIS2_PLACEMENT_3D('',#7708,#6172,#6173);
#5544=AXIS2_PLACEMENT_3D('',#7712,#6176,#6177);
#5545=AXIS2_PLACEMENT_3D('',#7716,#6180,#6181);
#5546=AXIS2_PLACEMENT_3D('',#7718,#6183,#6184);
#5547=AXIS2_PLACEMENT_3D('',#7720,#6186,#6187);
#5548=AXIS2_PLACEMENT_3D('',#7722,#6189,#6190);
#5549=AXIS2_PLACEMENT_3D('',#7724,#6192,#6193);
#5550=AXIS2_PLACEMENT_3D('',#7726,#6195,#6196);
#5551=AXIS2_PLACEMENT_3D('',#7729,#6199,#6200);
#5552=AXIS2_PLACEMENT_3D('',#7730,#6201,#6202);
#5553=AXIS2_PLACEMENT_3D('',#7736,#6206,#6207);
#5554=AXIS2_PLACEMENT_3D('',#7737,#6208,#6209);
#5555=AXIS2_PLACEMENT_3D('',#7738,#6210,#6211);
#5556=AXIS2_PLACEMENT_3D('',#7739,#6212,#6213);
#5557=AXIS2_PLACEMENT_3D('',#7742,#6216,#6217);
#5558=AXIS2_PLACEMENT_3D('',#7759,#6227,#6228);
#5559=AXIS2_PLACEMENT_3D('',#7761,#6230,#6231);
#5560=AXIS2_PLACEMENT_3D('',#7762,#6232,#6233);
#5561=AXIS2_PLACEMENT_3D('',#7765,#6236,#6237);
#5562=AXIS2_PLACEMENT_3D('',#7771,#6241,#6242);
#5563=AXIS2_PLACEMENT_3D('',#7776,#6246,#6247);
#5564=AXIS2_PLACEMENT_3D('',#7779,#6250,#6251);
#5565=AXIS2_PLACEMENT_3D('',#7781,#6253,#6254);
#5566=AXIS2_PLACEMENT_3D('',#7786,#6258,#6259);
#5567=AXIS2_PLACEMENT_3D('',#7787,#6260,#6261);
#5568=AXIS2_PLACEMENT_3D('',#7789,#6263,#6264);
#5569=AXIS2_PLACEMENT_3D('',#7795,#6268,#6269);
#5570=AXIS2_PLACEMENT_3D('',#7808,#6276,#6277);
#5571=AXIS2_PLACEMENT_3D('',#7809,#6278,#6279);
#5572=AXIS2_PLACEMENT_3D('',#7812,#6282,#6283);
#5573=AXIS2_PLACEMENT_3D('',#7814,#6285,#6286);
#5574=AXIS2_PLACEMENT_3D('',#7816,#6288,#6289);
#5575=AXIS2_PLACEMENT_3D('',#7817,#6290,#6291);
#5576=AXIS2_PLACEMENT_3D('',#7820,#6294,#6295);
#5577=AXIS2_PLACEMENT_3D('',#7822,#6297,#6298);
#5578=AXIS2_PLACEMENT_3D('',#7824,#6300,#6301);
#5579=AXIS2_PLACEMENT_3D('',#7825,#6302,#6303);
#5580=AXIS2_PLACEMENT_3D('',#7829,#6306,#6307);
#5581=AXIS2_PLACEMENT_3D('',#7833,#6310,#6311);
#5582=AXIS2_PLACEMENT_3D('',#7835,#6313,#6314);
#5583=AXIS2_PLACEMENT_3D('',#7848,#6321,#6322);
#5584=AXIS2_PLACEMENT_3D('',#7854,#6326,#6327);
#5585=AXIS2_PLACEMENT_3D('',#7858,#6330,#6331);
#5586=AXIS2_PLACEMENT_3D('',#7862,#6334,#6335);
#5587=AXIS2_PLACEMENT_3D('',#7866,#6338,#6339);
#5588=AXIS2_PLACEMENT_3D('',#7870,#6342,#6343);
#5589=AXIS2_PLACEMENT_3D('',#7872,#6345,#6346);
#5590=AXIS2_PLACEMENT_3D('',#7873,#6347,#6348);
#5591=AXIS2_PLACEMENT_3D('',#7879,#6352,#6353);
#5592=AXIS2_PLACEMENT_3D('',#7881,#6355,#6356);
#5593=AXIS2_PLACEMENT_3D('',#7883,#6358,#6359);
#5594=AXIS2_PLACEMENT_3D('',#7896,#6366,#6367);
#5595=AXIS2_PLACEMENT_3D('',#7902,#6371,#6372);
#5596=AXIS2_PLACEMENT_3D('',#7906,#6375,#6376);
#5597=AXIS2_PLACEMENT_3D('',#7910,#6379,#6380);
#5598=AXIS2_PLACEMENT_3D('',#7914,#6383,#6384);
#5599=AXIS2_PLACEMENT_3D('',#7918,#6387,#6388);
#5600=AXIS2_PLACEMENT_3D('',#7920,#6390,#6391);
#5601=AXIS2_PLACEMENT_3D('',#7921,#6392,#6393);
#5602=AXIS2_PLACEMENT_3D('',#7925,#6396,#6397);
#5603=AXIS2_PLACEMENT_3D('',#7929,#6400,#6401);
#5604=AXIS2_PLACEMENT_3D('',#7943,#6409,#6410);
#5605=AXIS2_PLACEMENT_3D('',#7944,#6411,#6412);
#5606=AXIS2_PLACEMENT_3D('',#7947,#6415,#6416);
#5607=AXIS2_PLACEMENT_3D('',#7949,#6418,#6419);
#5608=AXIS2_PLACEMENT_3D('',#7951,#6421,#6422);
#5609=AXIS2_PLACEMENT_3D('',#7953,#6424,#6425);
#5610=AXIS2_PLACEMENT_3D('',#7955,#6427,#6428);
#5611=AXIS2_PLACEMENT_3D('',#7956,#6429,#6430);
#5612=AXIS2_PLACEMENT_3D('',#7960,#6433,#6434);
#5613=AXIS2_PLACEMENT_3D('',#7964,#6437,#6438);
#5614=AXIS2_PLACEMENT_3D('',#7966,#6440,#6441);
#5615=AXIS2_PLACEMENT_3D('',#7967,#6442,#6443);
#5616=AXIS2_PLACEMENT_3D('',#7971,#6446,#6447);
#5617=AXIS2_PLACEMENT_3D('',#7975,#6450,#6451);
#5618=AXIS2_PLACEMENT_3D('',#7977,#6453,#6454);
#5619=AXIS2_PLACEMENT_3D('',#7978,#6455,#6456);
#5620=AXIS2_PLACEMENT_3D('',#7994,#6465,#6466);
#5621=AXIS2_PLACEMENT_3D('',#7996,#6468,#6469);
#5622=AXIS2_PLACEMENT_3D('',#7997,#6470,#6471);
#5623=AXIS2_PLACEMENT_3D('',#8013,#6480,#6481);
#5624=AXIS2_PLACEMENT_3D('',#8017,#6484,#6485);
#5625=AXIS2_PLACEMENT_3D('',#8031,#6493,#6494);
#5626=AXIS2_PLACEMENT_3D('',#8032,#6495,#6496);
#5627=AXIS2_PLACEMENT_3D('',#8035,#6499,#6500);
#5628=AXIS2_PLACEMENT_3D('',#8037,#6502,#6503);
#5629=AXIS2_PLACEMENT_3D('',#8039,#6505,#6506);
#5630=AXIS2_PLACEMENT_3D('',#8041,#6508,#6509);
#5631=AXIS2_PLACEMENT_3D('',#8043,#6511,#6512);
#5632=AXIS2_PLACEMENT_3D('',#8044,#6513,#6514);
#5633=AXIS2_PLACEMENT_3D('',#8047,#6517,#6518);
#5634=AXIS2_PLACEMENT_3D('',#8049,#6520,#6521);
#5635=AXIS2_PLACEMENT_3D('',#8051,#6523,#6524);
#5636=AXIS2_PLACEMENT_3D('',#8053,#6526,#6527);
#5637=AXIS2_PLACEMENT_3D('',#8055,#6529,#6530);
#5638=AXIS2_PLACEMENT_3D('',#8056,#6531,#6532);
#5639=AXIS2_PLACEMENT_3D('',#8057,#6533,#6534);
#5640=AXIS2_PLACEMENT_3D('',#8066,#6539,#6540);
#5641=AXIS2_PLACEMENT_3D('',#8075,#6545,#6546);
#5642=AXIS2_PLACEMENT_3D('',#8084,#6551,#6552);
#5643=AXIS2_PLACEMENT_3D('',#8085,#6553,#6554);
#5644=AXIS2_PLACEMENT_3D('',#8087,#6555,#6556);
#5645=AXIS2_PLACEMENT_3D('',#8089,#6557,#6558);
#5646=AXIS2_PLACEMENT_3D('',#8090,#6559,#6560);
#5647=AXIS2_PLACEMENT_3D('',#8092,#6561,#6562);
#5648=AXIS2_PLACEMENT_3D('',#8094,#6563,#6564);
#5649=AXIS2_PLACEMENT_3D('',#8095,#6565,#6566);
#5650=AXIS2_PLACEMENT_3D('',#8097,#6567,#6568);
#5651=AXIS2_PLACEMENT_3D('',#8099,#6569,#6570);
#5652=AXIS2_PLACEMENT_3D('',#8108,#6575,#6576);
#5653=AXIS2_PLACEMENT_3D('',#8117,#6581,#6582);
#5654=AXIS2_PLACEMENT_3D('',#8118,#6583,#6584);
#5655=AXIS2_PLACEMENT_3D('',#8119,#6585,#6586);
#5656=AXIS2_PLACEMENT_3D('',#8120,#6587,#6588);
#5657=AXIS2_PLACEMENT_3D('',#8121,#6589,#6590);
#5658=AXIS2_PLACEMENT_3D('',#8122,#6591,#6592);
#5659=AXIS2_PLACEMENT_3D('',#8123,#6593,#6594);
#5660=AXIS2_PLACEMENT_3D('',#8124,#6595,#6596);
#5661=AXIS2_PLACEMENT_3D('',#8125,#6597,#6598);
#5662=AXIS2_PLACEMENT_3D('',#8126,#6599,#6600);
#5663=AXIS2_PLACEMENT_3D('',#8127,#6601,#6602);
#5664=AXIS2_PLACEMENT_3D('',#8128,#6603,#6604);
#5665=AXIS2_PLACEMENT_3D('',#8129,#6605,#6606);
#5666=AXIS2_PLACEMENT_3D('',#8130,#6607,#6608);
#5667=AXIS2_PLACEMENT_3D('',#8131,#6609,#6610);
#5668=AXIS2_PLACEMENT_3D('',#8132,#6611,#6612);
#5669=AXIS2_PLACEMENT_3D('',#8133,#6613,#6614);
#5670=AXIS2_PLACEMENT_3D('',#8134,#6615,#6616);
#5671=AXIS2_PLACEMENT_3D('',#8135,#6617,#6618);
#5672=AXIS2_PLACEMENT_3D('',#8136,#6619,#6620);
#5673=AXIS2_PLACEMENT_3D('',#8137,#6621,#6622);
#5674=AXIS2_PLACEMENT_3D('',#8138,#6623,#6624);
#5675=AXIS2_PLACEMENT_3D('',#8139,#6625,#6626);
#5676=AXIS2_PLACEMENT_3D('',#8140,#6627,#6628);
#5677=AXIS2_PLACEMENT_3D('',#8141,#6629,#6630);
#5678=AXIS2_PLACEMENT_3D('',#8142,#6631,#6632);
#5679=AXIS2_PLACEMENT_3D('',#8143,#6633,#6634);
#5680=AXIS2_PLACEMENT_3D('',#8144,#6635,#6636);
#5681=AXIS2_PLACEMENT_3D('',#8145,#6637,#6638);
#5682=AXIS2_PLACEMENT_3D('',#8146,#6639,#6640);
#5683=AXIS2_PLACEMENT_3D('',#8147,#6641,#6642);
#5684=AXIS2_PLACEMENT_3D('',#8156,#6647,#6648);
#5685=AXIS2_PLACEMENT_3D('',#8162,#6652,#6653);
#5686=AXIS2_PLACEMENT_3D('',#8168,#6657,#6658);
#5687=AXIS2_PLACEMENT_3D('',#8171,#6661,#6662);
#5688=AXIS2_PLACEMENT_3D('',#8172,#6663,#6664);
#5689=AXIS2_PLACEMENT_3D('',#8173,#6665,#6666);
#5690=AXIS2_PLACEMENT_3D('',#8174,#6667,#6668);
#5691=AXIS2_PLACEMENT_3D('',#8183,#6673,#6674);
#5692=AXIS2_PLACEMENT_3D('',#8192,#6679,#6680);
#5693=AXIS2_PLACEMENT_3D('',#8201,#6685,#6686);
#5694=AXIS2_PLACEMENT_3D('',#8210,#6691,#6692);
#5695=AXIS2_PLACEMENT_3D('',#8211,#6693,#6694);
#5696=AXIS2_PLACEMENT_3D('',#8213,#6695,#6696);
#5697=AXIS2_PLACEMENT_3D('',#8215,#6697,#6698);
#5698=AXIS2_PLACEMENT_3D('',#8217,#6699,#6700);
#5699=AXIS2_PLACEMENT_3D('',#8219,#6701,#6702);
#5700=AXIS2_PLACEMENT_3D('',#8220,#6703,#6704);
#5701=AXIS2_PLACEMENT_3D('',#8221,#6705,#6706);
#5702=AXIS2_PLACEMENT_3D('',#8222,#6707,#6708);
#5703=AXIS2_PLACEMENT_3D('',#8223,#6709,#6710);
#5704=AXIS2_PLACEMENT_3D('',#8232,#6715,#6716);
#5705=AXIS2_PLACEMENT_3D('',#8234,#6717,#6718);
#5706=AXIS2_PLACEMENT_3D('',#8236,#6719,#6720);
#5707=AXIS2_PLACEMENT_3D('',#8238,#6721,#6722);
#5708=AXIS2_PLACEMENT_3D('',#8240,#6723,#6724);
#5709=AXIS2_PLACEMENT_3D('',#8241,#6725,#6726);
#5710=AXIS2_PLACEMENT_3D('',#8242,#6727,#6728);
#5711=AXIS2_PLACEMENT_3D('',#8243,#6729,#6730);
#5712=AXIS2_PLACEMENT_3D('',#8244,#6731,#6732);
#5713=AXIS2_PLACEMENT_3D('',#8245,#6733,#6734);
#5714=AXIS2_PLACEMENT_3D('',#8246,#6735,#6736);
#5715=AXIS2_PLACEMENT_3D('',#8247,#6737,#6738);
#5716=AXIS2_PLACEMENT_3D('',#8248,#6739,#6740);
#5717=AXIS2_PLACEMENT_3D('',#8249,#6741,#6742);
#5718=AXIS2_PLACEMENT_3D('',#8250,#6743,#6744);
#5719=AXIS2_PLACEMENT_3D('',#8251,#6745,#6746);
#5720=AXIS2_PLACEMENT_3D('',#8252,#6747,#6748);
#5721=AXIS2_PLACEMENT_3D('',#8253,#6749,#6750);
#5722=AXIS2_PLACEMENT_3D('',#8254,#6751,#6752);
#5723=AXIS2_PLACEMENT_3D('',#8255,#6753,#6754);
#5724=AXIS2_PLACEMENT_3D('',#8256,#6755,#6756);
#5725=AXIS2_PLACEMENT_3D('',#8257,#6757,#6758);
#5726=AXIS2_PLACEMENT_3D('',#8258,#6759,#6760);
#5727=AXIS2_PLACEMENT_3D('',#8259,#6761,#6762);
#5728=AXIS2_PLACEMENT_3D('',#8260,#6763,#6764);
#5729=AXIS2_PLACEMENT_3D('',#8261,#6765,#6766);
#5730=AXIS2_PLACEMENT_3D('',#8262,#6767,#6768);
#5731=AXIS2_PLACEMENT_3D('',#8263,#6769,#6770);
#5732=AXIS2_PLACEMENT_3D('',#8264,#6771,#6772);
#5733=AXIS2_PLACEMENT_3D('',#8265,#6773,#6774);
#5734=AXIS2_PLACEMENT_3D('',#8266,#6775,#6776);
#5735=AXIS2_PLACEMENT_3D('',#8267,#6777,#6778);
#5736=AXIS2_PLACEMENT_3D('',#8268,#6779,#6780);
#5737=AXIS2_PLACEMENT_3D('',#8269,#6781,#6782);
#5738=AXIS2_PLACEMENT_3D('',#8284,#6790,#6791);
#5739=AXIS2_PLACEMENT_3D('',#8299,#6799,#6800);
#5740=AXIS2_PLACEMENT_3D('',#8320,#6807,#6808);
#5741=AXIS2_PLACEMENT_3D('',#8341,#6815,#6816);
#5742=AXIS2_PLACEMENT_3D('',#8358,#6825,#6826);
#5743=AXIS2_PLACEMENT_3D('',#8360,#6827,#6828);
#5744=AXIS2_PLACEMENT_3D('',#8377,#6837,#6838);
#5745=AXIS2_PLACEMENT_3D('',#8379,#6839,#6840);
#5746=AXIS2_PLACEMENT_3D('',#8388,#6845,#6846);
#5747=AXIS2_PLACEMENT_3D('',#8397,#6851,#6852);
#5748=AXIS2_PLACEMENT_3D('',#8398,#6853,#6854);
#5749=AXIS2_PLACEMENT_3D('',#8399,#6855,#6856);
#5750=AXIS2_PLACEMENT_3D('',#8400,#6857,#6858);
#5751=AXIS2_PLACEMENT_3D('',#8401,#6859,#6860);
#5752=AXIS2_PLACEMENT_3D('',#8405,#6862,#6863);
#5753=AXIS2_PLACEMENT_3D('',#8406,#6864,#6865);
#5754=AXIS2_PLACEMENT_3D('',#8407,#6866,#6867);
#5755=AXIS2_PLACEMENT_3D('',#8408,#6868,#6869);
#5756=AXIS2_PLACEMENT_3D('',#8409,#6870,#6871);
#5757=AXIS2_PLACEMENT_3D('',#8410,#6872,#6873);
#5758=AXIS2_PLACEMENT_3D('',#8411,#6874,#6875);
#5759=AXIS2_PLACEMENT_3D('',#8415,#6877,#6878);
#5760=AXIS2_PLACEMENT_3D('',#8416,#6879,#6880);
#5761=AXIS2_PLACEMENT_3D('',#8417,#6881,#6882);
#5762=AXIS2_PLACEMENT_3D('',#8436,#6893,#6894);
#5763=AXIS2_PLACEMENT_3D('',#8441,#6898,#6899);
#5764=AXIS2_PLACEMENT_3D('',#8444,#6902,#6903);
#5765=AXIS2_PLACEMENT_3D('',#8450,#6905,#6906);
#5766=AXIS2_PLACEMENT_3D('',#8456,#6909,#6910);
#5767=AXIS2_PLACEMENT_3D('',#8457,#6911,#6912);
#5768=AXIS2_PLACEMENT_3D('',#8463,#6915,#6916);
#5769=AXIS2_PLACEMENT_3D('',#8464,#6917,#6918);
#5770=AXIS2_PLACEMENT_3D('',#8468,#6922,#6923);
#5771=AXIS2_PLACEMENT_3D('',#8470,#6925,#6926);
#5772=AXIS2_PLACEMENT_3D('',#8472,#6928,#6929);
#5773=AXIS2_PLACEMENT_3D('',#8507,#6949,#6950);
#5774=AXIS2_PLACEMENT_3D('',#8508,#6951,#6952);
#5775=AXIS2_PLACEMENT_3D('',#8512,#6954,#6955);
#5776=AXIS2_PLACEMENT_3D('',#8514,#6957,#6958);
#5777=AXIS2_PLACEMENT_3D('',#8515,#6959,#6960);
#5778=AXIS2_PLACEMENT_3D('',#8517,#6961,#6962);
#5779=AXIS2_PLACEMENT_3D('',#8522,#6964,#6965);
#5780=AXIS2_PLACEMENT_3D('',#8526,#6967,#6968);
#5781=AXIS2_PLACEMENT_3D('',#8532,#6971,#6972);
#5782=AXIS2_PLACEMENT_3D('',#8536,#6974,#6975);
#5783=AXIS2_PLACEMENT_3D('',#8537,#6976,#6977);
#5784=AXIS2_PLACEMENT_3D('',#8541,#6979,#6980);
#5785=AXIS2_PLACEMENT_3D('',#8544,#6982,#6983);
#5786=AXIS2_PLACEMENT_3D('',#8547,#6984,#6985);
#5787=AXIS2_PLACEMENT_3D('',#8551,#6987,#6988);
#5788=AXIS2_PLACEMENT_3D('',#8553,#6989,#6990);
#5789=AXIS2_PLACEMENT_3D('',#8557,#6992,#6993);
#5790=AXIS2_PLACEMENT_3D('',#8561,#6995,#6996);
#5791=AXIS2_PLACEMENT_3D('',#8564,#6998,#6999);
#5792=AXIS2_PLACEMENT_3D('',#8565,#7000,#7001);
#5793=AXIS2_PLACEMENT_3D('',#8575,#7004,#7005);
#5794=AXIS2_PLACEMENT_3D('',#8576,#7006,#7007);
#5795=AXIS2_PLACEMENT_3D('',#8579,#7009,#7010);
#5796=AXIS2_PLACEMENT_3D('',#8583,#7013,#7014);
#5797=AXIS2_PLACEMENT_3D('',#8584,#7015,#7016);
#5798=AXIS2_PLACEMENT_3D('',#8587,#7018,#7019);
#5799=AXIS2_PLACEMENT_3D('',#8591,#7022,#7023);
#5800=AXIS2_PLACEMENT_3D('',#8592,#7024,#7025);
#5801=AXIS2_PLACEMENT_3D('',#8595,#7027,#7028);
#5802=AXIS2_PLACEMENT_3D('',#8599,#7031,#7032);
#5803=AXIS2_PLACEMENT_3D('',#8600,#7033,#7034);
#5804=AXIS2_PLACEMENT_3D('',#8603,#7036,#7037);
#5805=AXIS2_PLACEMENT_3D('',#8604,#7038,#7039);
#5806=AXIS2_PLACEMENT_3D('',#8612,#7041,#7042);
#5807=AXIS2_PLACEMENT_3D('',#8614,#7044,#7045);
#5808=AXIS2_PLACEMENT_3D('',#8615,#7046,#7047);
#5809=AXIS2_PLACEMENT_3D('',#8620,#7050,#7051);
#5810=AXIS2_PLACEMENT_3D('',#8623,#7053,#7054);
#5811=AXIS2_PLACEMENT_3D('',#8626,#7056,#7057);
#5812=AXIS2_PLACEMENT_3D('',#8628,#7059,#7060);
#5813=AXIS2_PLACEMENT_3D('',#8629,#7061,#7062);
#5814=AXIS2_PLACEMENT_3D('',#8630,#7063,#7064);
#5815=AXIS2_PLACEMENT_3D('',#8631,#7065,#7066);
#5816=AXIS2_PLACEMENT_3D('',#8633,#7068,#7069);
#5817=AXIS2_PLACEMENT_3D('',#8635,#7071,#7072);
#5818=AXIS2_PLACEMENT_3D('',#8636,#7073,#7074);
#5819=AXIS2_PLACEMENT_3D('',#8637,#7075,#7076);
#5820=AXIS2_PLACEMENT_3D('',#8638,#7077,#7078);
#5821=AXIS2_PLACEMENT_3D('',#8639,#7079,#7080);
#5822=AXIS2_PLACEMENT_3D('',#8640,#7081,#7082);
#5823=AXIS2_PLACEMENT_3D('',#8641,#7083,#7084);
#5824=AXIS2_PLACEMENT_3D('',#8642,#7085,#7086);
#5825=AXIS2_PLACEMENT_3D('',#8643,#7087,#7088);
#5826=AXIS2_PLACEMENT_3D('',#8644,#7089,#7090);
#5827=AXIS2_PLACEMENT_3D('',#8645,#7091,#7092);
#5828=AXIS2_PLACEMENT_3D('',#8646,#7093,#7094);
#5829=AXIS2_PLACEMENT_3D('',#8647,#7095,#7096);
#5830=AXIS2_PLACEMENT_3D('',#8669,#7108,#7109);
#5831=AXIS2_PLACEMENT_3D('',#8670,#7110,#7111);
#5832=AXIS2_PLACEMENT_3D('',#8676,#7115,#7116);
#5833=AXIS2_PLACEMENT_3D('',#8677,#7117,#7118);
#5834=AXIS2_PLACEMENT_3D('',#8679,#7119,#7120);
#5835=AXIS2_PLACEMENT_3D('',#8689,#7121,#7122);
#5836=AXIS2_PLACEMENT_3D('',#8690,#7123,#7124);
#5837=AXIS2_PLACEMENT_3D('',#8691,#7125,#7126);
#5838=AXIS2_PLACEMENT_3D('',#8697,#7130,#7131);
#5839=AXIS2_PLACEMENT_3D('',#8701,#7134,#7135);
#5840=AXIS2_PLACEMENT_3D('',#8705,#7138,#7139);
#5841=AXIS2_PLACEMENT_3D('',#8707,#7141,#7142);
#5842=AXIS2_PLACEMENT_3D('',#8708,#7143,#7144);
#5843=AXIS2_PLACEMENT_3D('',#8714,#7148,#7149);
#5844=AXIS2_PLACEMENT_3D('',#8718,#7152,#7153);
#5845=AXIS2_PLACEMENT_3D('',#8722,#7156,#7157);
#5846=AXIS2_PLACEMENT_3D('',#8724,#7159,#7160);
#5847=AXIS2_PLACEMENT_3D('',#8725,#7161,#7162);
#5848=AXIS2_PLACEMENT_3D('',#8729,#7165,#7166);
#5849=AXIS2_PLACEMENT_3D('',#8733,#7169,#7170);
#5850=AXIS2_PLACEMENT_3D('',#8735,#7172,#7173);
#5851=AXIS2_PLACEMENT_3D('',#8736,#7174,#7175);
#5852=AXIS2_PLACEMENT_3D('',#8738,#7176,#7177);
#5853=AXIS2_PLACEMENT_3D('',#8739,#7178,#7179);
#5854=AXIS2_PLACEMENT_3D('',#8743,#7182,#7183);
#5855=AXIS2_PLACEMENT_3D('',#8747,#7186,#7187);
#5856=AXIS2_PLACEMENT_3D('',#8749,#7189,#7190);
#5857=AXIS2_PLACEMENT_3D('',#8750,#7191,#7192);
#5858=AXIS2_PLACEMENT_3D('',#8752,#7193,#7194);
#5859=AXIS2_PLACEMENT_3D('',#8761,#7195,#7196);
#5860=AXIS2_PLACEMENT_3D('',#8779,#7206,#7207);
#5861=AXIS2_PLACEMENT_3D('',#8781,#7209,#7210);
#5862=AXIS2_PLACEMENT_3D('',#8783,#7212,#7213);
#5863=AXIS2_PLACEMENT_3D('',#8784,#7214,#7215);
#5864=AXIS2_PLACEMENT_3D('',#8787,#7218,#7219);
#5865=AXIS2_PLACEMENT_3D('',#8789,#7221,#7222);
#5866=AXIS2_PLACEMENT_3D('',#8791,#7224,#7225);
#5867=AXIS2_PLACEMENT_3D('',#8793,#7227,#7228);
#5868=AXIS2_PLACEMENT_3D('',#8795,#7230,#7231);
#5869=AXIS2_PLACEMENT_3D('',#8796,#7232,#7233);
#5870=AXIS2_PLACEMENT_3D('',#8812,#7242,#7243);
#5871=AXIS2_PLACEMENT_3D('',#8814,#7245,#7246);
#5872=AXIS2_PLACEMENT_3D('',#8817,#7249,#7250);
#5873=AXIS2_PLACEMENT_3D('',#8819,#7252,#7253);
#5874=AXIS2_PLACEMENT_3D('',#8821,#7255,#7256);
#5875=AXIS2_PLACEMENT_3D('',#8823,#7258,#7259);
#5876=AXIS2_PLACEMENT_3D('',#8825,#7261,#7262);
#5877=AXIS2_PLACEMENT_3D('',#8826,#7263,#7264);
#5878=AXIS2_PLACEMENT_3D('',#8842,#7273,#7274);
#5879=AXIS2_PLACEMENT_3D('',#8858,#7283,#7284);
#5880=AXIS2_PLACEMENT_3D('',#8860,#7286,#7287);
#5881=AXIS2_PLACEMENT_3D('',#8863,#7290,#7291);
#5882=AXIS2_PLACEMENT_3D('',#8865,#7293,#7294);
#5883=AXIS2_PLACEMENT_3D('',#8867,#7296,#7297);
#5884=AXIS2_PLACEMENT_3D('',#8869,#7299,#7300);
#5885=AXIS2_PLACEMENT_3D('',#8871,#7302,#7303);
#5886=AXIS2_PLACEMENT_3D('',#8872,#7304,#7305);
#5887=AXIS2_PLACEMENT_3D('',#8873,#7306,#7307);
#5888=AXIS2_PLACEMENT_3D('',#8874,#7308,#7309);
#5889=AXIS2_PLACEMENT_3D('',#8875,#7310,#7311);
#5890=AXIS2_PLACEMENT_3D('',#8884,#7316,#7317);
#5891=AXIS2_PLACEMENT_3D('',#8890,#7321,#7322);
#5892=AXIS2_PLACEMENT_3D('',#8896,#7326,#7327);
#5893=AXIS2_PLACEMENT_3D('',#8899,#7330,#7331);
#5894=AXIS2_PLACEMENT_3D('',#8900,#7332,#7333);
#5895=DIRECTION('',(0.,0.,1.));
#5896=DIRECTION('',(1.,0.,0.));
#5897=DIRECTION('',(0.,1.,0.));
#5898=DIRECTION('',(0.,0.,1.));
#5899=DIRECTION('',(1.,0.,0.));
#5900=DIRECTION('',(0.,0.,-1.));
#5901=DIRECTION('',(1.,0.,0.));
#5902=DIRECTION('',(0.,0.,-1.));
#5903=DIRECTION('',(1.,0.,0.));
#5904=DIRECTION('',(0.,0.,-1.));
#5905=DIRECTION('',(0.,-1.,0.));
#5906=DIRECTION('',(0.,0.,-1.));
#5907=DIRECTION('',(0.,-1.,0.));
#5908=DIRECTION('',(0.,1.,0.));
#5909=DIRECTION('',(0.,0.,1.));
#5910=DIRECTION('',(1.,0.,0.));
#5911=DIRECTION('',(0.,0.,-1.));
#5912=DIRECTION('',(1.,0.,0.));
#5913=DIRECTION('',(1.,0.,0.));
#5914=DIRECTION('',(0.,0.,-1.));
#5915=DIRECTION('',(0.,-1.,0.));
#5916=DIRECTION('',(0.,-1.,0.));
#5917=DIRECTION('',(0.,0.,-1.));
#5918=DIRECTION('',(-1.,0.,0.));
#5919=DIRECTION('',(0.,0.,1.));
#5920=DIRECTION('',(1.,0.,0.));
#5921=DIRECTION('',(0.,0.,1.));
#5922=DIRECTION('',(1.,0.,0.));
#5923=DIRECTION('',(0.,0.,-1.));
#5924=DIRECTION('',(-1.,0.,0.));
#5925=DIRECTION('',(0.,0.,1.));
#5926=DIRECTION('',(1.,0.,0.));
#5927=DIRECTION('',(0.,0.,1.));
#5928=DIRECTION('',(1.,0.,0.));
#5929=DIRECTION('',(0.,0.,1.));
#5930=DIRECTION('',(1.,0.,0.));
#5931=DIRECTION('',(0.,0.,1.));
#5932=DIRECTION('',(1.,0.,0.));
#5933=DIRECTION('',(0.,0.,1.));
#5934=DIRECTION('',(1.,0.,0.));
#5935=DIRECTION('',(-1.,0.,0.));
#5936=DIRECTION('',(0.,0.,1.));
#5937=DIRECTION('',(0.,-1.,0.));
#5938=DIRECTION('',(0.,0.,-1.));
#5939=DIRECTION('',(0.,-1.,0.));
#5940=DIRECTION('',(0.,0.,1.));
#5941=DIRECTION('',(0.,-1.,0.));
#5942=DIRECTION('',(0.,0.,-1.));
#5943=DIRECTION('',(1.,0.,0.));
#5944=DIRECTION('',(0.,0.,-1.));
#5945=DIRECTION('',(0.,0.,-1.));
#5946=DIRECTION('',(0.,-1.,0.));
#5947=DIRECTION('',(0.,0.,-1.));
#5948=DIRECTION('',(0.,-1.,0.));
#5949=DIRECTION('',(0.,0.,1.));
#5950=DIRECTION('',(0.,-1.,0.));
#5951=DIRECTION('',(0.,0.,1.));
#5952=DIRECTION('',(1.,0.,0.));
#5953=DIRECTION('',(0.,1.,0.));
#5954=DIRECTION('',(-1.,0.,0.));
#5955=DIRECTION('',(0.,-1.,0.));
#5956=DIRECTION('',(1.,0.,0.));
#5957=DIRECTION('',(0.,-1.,0.));
#5958=DIRECTION('',(-1.,0.,0.));
#5959=DIRECTION('',(-3.43509599203328E-16,1.,0.));
#5960=DIRECTION('',(1.,0.,0.));
#5961=DIRECTION('',(-0.5,-0.866025403784438,0.));
#5962=DIRECTION('',(0.866025403784438,-0.5,0.));
#5963=DIRECTION('',(-0.866025403784438,0.5,0.));
#5964=DIRECTION('',(0.,0.,-1.));
#5965=DIRECTION('',(0.866025403784438,-0.5,0.));
#5966=DIRECTION('',(0.,0.,-1.));
#5967=DIRECTION('',(-1.,0.,0.));
#5968=DIRECTION('',(0.,0.,1.));
#5969=DIRECTION('',(0.,1.,0.));
#5970=DIRECTION('',(0.,0.,-1.));
#5971=DIRECTION('',(0.,-1.,0.));
#5972=DIRECTION('',(-0.5,0.866025403784438,0.));
#5973=DIRECTION('',(-0.866025403784438,-0.5,0.));
#5974=DIRECTION('',(0.866025403784438,0.5,0.));
#5975=DIRECTION('',(0.,0.,-1.));
#5976=DIRECTION('',(-0.866025403784438,-0.5,0.));
#5977=DIRECTION('',(0.5,0.866025403784438,0.));
#5978=DIRECTION('',(-0.866025403784438,0.5,0.));
#5979=DIRECTION('',(0.866025403784438,-0.5,0.));
#5980=DIRECTION('',(0.,0.,-1.));
#5981=DIRECTION('',(-0.866025403784438,0.5,0.));
#5982=DIRECTION('',(1.,0.,0.));
#5983=DIRECTION('',(0.,0.,-1.));
#5984=DIRECTION('',(0.,-1.,0.));
#5985=DIRECTION('',(0.,0.,-1.));
#5986=DIRECTION('',(0.,1.,0.));
#5987=DIRECTION('',(0.5,-0.866025403784438,0.));
#5988=DIRECTION('',(0.866025403784439,0.5,0.));
#5989=DIRECTION('',(-0.866025403784438,-0.5,0.));
#5990=DIRECTION('',(0.866025403784439,0.5,0.));
#5991=DIRECTION('',(0.,0.866025403784438,-0.5));
#5992=DIRECTION('',(0.,0.5,0.866025403784438));
#5993=DIRECTION('',(6.00925839494864E-17,-0.5,-0.866025403784438));
#5994=DIRECTION('',(-1.,0.,0.));
#5995=DIRECTION('',(-6.00925839494864E-17,0.5,0.866025403784438));
#5996=DIRECTION('',(-1.,0.,0.));
#5997=DIRECTION('',(0.,0.,-1.));
#5998=DIRECTION('',(-1.,0.,0.));
#5999=DIRECTION('',(0.,-1.,0.));
#6000=DIRECTION('',(0.,1.,0.));
#6001=DIRECTION('',(-1.,0.,0.));
#6002=DIRECTION('',(0.,-0.86602540378444,-0.5));
#6003=DIRECTION('',(0.,0.5,-0.86602540378444));
#6004=DIRECTION('',(-6.00925839494865E-17,-0.5,0.86602540378444));
#6005=DIRECTION('',(6.00925839494865E-17,0.5,-0.86602540378444));
#6006=DIRECTION('',(-1.,0.,0.));
#6007=DIRECTION('',(0.,-0.86602540378444,0.5));
#6008=DIRECTION('',(0.,-0.5,-0.86602540378444));
#6009=DIRECTION('',(-6.00925839494865E-17,0.5,0.86602540378444));
#6010=DIRECTION('',(6.00925839494865E-17,-0.5,-0.86602540378444));
#6011=DIRECTION('',(-1.,0.,0.));
#6012=DIRECTION('',(0.,0.,1.));
#6013=DIRECTION('',(1.,0.,0.));
#6014=DIRECTION('',(0.,1.,0.));
#6015=DIRECTION('',(0.,-1.,0.));
#6016=DIRECTION('',(-1.,0.,0.));
#6017=DIRECTION('',(0.,0.866025403784437,0.5));
#6018=DIRECTION('',(0.,-0.5,0.866025403784437));
#6019=DIRECTION('',(6.00925839494863E-17,0.5,-0.866025403784437));
#6020=DIRECTION('',(-6.00925839494863E-17,-0.5,0.866025403784437));
#6021=DIRECTION('',(0.,1.,0.));
#6022=DIRECTION('',(0.,0.,1.));
#6023=DIRECTION('',(0.,0.,1.));
#6024=DIRECTION('',(-1.,0.,0.));
#6025=DIRECTION('',(0.,0.,1.));
#6026=DIRECTION('',(0.,1.,0.));
#6027=DIRECTION('',(0.,0.,1.));
#6028=DIRECTION('',(0.707106781186547,0.,0.707106781186548));
#6029=DIRECTION('',(0.,1.,0.));
#6030=DIRECTION('',(0.,0.,1.));
#6031=DIRECTION('',(-6.93889390390723E-17,0.,1.));
#6032=DIRECTION('',(1.,0.,6.93889390390723E-17));
#6033=DIRECTION('',(6.93889390390723E-17,0.,-1.));
#6034=DIRECTION('',(1.,0.,6.93889390390723E-17));
#6035=DIRECTION('',(-6.93889390390723E-17,0.,1.));
#6036=DIRECTION('',(0.,1.,0.));
#6037=DIRECTION('',(0.,0.,1.));
#6038=DIRECTION('',(0.707106781186547,0.,-0.707106781186548));
#6039=DIRECTION('',(0.,1.,0.));
#6040=DIRECTION('',(0.,0.,1.));
#6041=DIRECTION('',(0.707106781186547,0.,-0.707106781186548));
#6042=DIRECTION('',(-0.999807111998955,0.,0.019640234120543));
#6043=DIRECTION('',(-1.,0.,0.));
#6044=DIRECTION('',(-6.93889390390723E-17,0.,1.));
#6045=DIRECTION('',(0.707106781186547,0.,0.707106781186548));
#6046=DIRECTION('',(-1.,0.,0.));
#6047=DIRECTION('',(-0.707106781186548,0.,0.707106781186548));
#6048=DIRECTION('',(0.,0.,1.));
#6049=DIRECTION('',(-1.,0.,0.));
#6050=DIRECTION('',(-1.,0.,0.));
#6051=DIRECTION('',(-0.707106781186548,0.,-0.707106781186548));
#6052=DIRECTION('',(0.,1.,0.));
#6053=DIRECTION('',(0.,0.,1.));
#6054=DIRECTION('',(-0.707106781186548,0.,-0.707106781186548));
#6055=DIRECTION('',(0.,1.,0.));
#6056=DIRECTION('',(0.,0.,1.));
#6057=DIRECTION('',(0.,0.,1.));
#6058=DIRECTION('',(-1.,0.,0.));
#6059=DIRECTION('',(0.,0.,1.));
#6060=DIRECTION('',(-1.,0.,0.));
#6061=DIRECTION('',(0.,0.,1.));
#6062=DIRECTION('',(0.,1.,0.));
#6063=DIRECTION('',(0.,0.,1.));
#6064=DIRECTION('',(-0.707106781186548,0.,0.707106781186548));
#6065=DIRECTION('',(0.,1.,0.));
#6066=DIRECTION('',(0.,0.,1.));
#6067=DIRECTION('',(-1.,0.,0.));
#6068=DIRECTION('',(-1.69241314729444E-16,0.,-1.));
#6069=DIRECTION('',(-1.,0.,0.));
#6070=DIRECTION('',(-1.90396479070625E-16,0.,-1.));
#6071=DIRECTION('',(0.,0.,-1.));
#6072=DIRECTION('',(1.,0.,0.));
#6073=DIRECTION('',(0.,0.,-1.));
#6074=DIRECTION('',(1.,0.,0.));
#6075=DIRECTION('',(0.,1.,0.));
#6076=DIRECTION('',(0.,0.,1.));
#6077=DIRECTION('',(-1.,0.,0.));
#6078=DIRECTION('',(2.26761238689779E-16,0.,-1.));
#6079=DIRECTION('',(-1.,0.,0.));
#6080=DIRECTION('',(0.,0.,1.));
#6081=DIRECTION('',(1.,0.,2.32848788721719E-16));
#6082=DIRECTION('',(0.,0.,1.));
#6083=DIRECTION('',(-1.,0.,0.));
#6084=DIRECTION('',(0.,0.,1.));
#6085=DIRECTION('',(-1.,0.,0.));
#6086=DIRECTION('',(0.,0.,1.));
#6087=DIRECTION('',(-1.,0.,0.));
#6088=DIRECTION('',(0.,0.,1.));
#6089=DIRECTION('',(1.69241314729444E-16,0.,1.));
#6090=DIRECTION('',(1.,0.,0.));
#6091=DIRECTION('',(1.90396479070625E-16,0.,1.));
#6092=DIRECTION('',(1.,0.,0.));
#6093=DIRECTION('',(0.707106781186548,0.,0.707106781186548));
#6094=DIRECTION('',(-0.707106781186548,0.,0.707106781186548));
#6095=DIRECTION('',(0.,-1.,0.));
#6096=DIRECTION('',(0.,0.,-1.));
#6097=DIRECTION('',(0.707106781186548,0.,0.707106781186548));
#6098=DIRECTION('',(1.,0.,0.));
#6099=DIRECTION('',(0.,0.,-1.));
#6100=DIRECTION('',(-1.,0.,0.));
#6101=DIRECTION('',(1.,0.,0.));
#6102=DIRECTION('',(0.,0.,-1.));
#6103=DIRECTION('',(1.,0.,0.));
#6104=DIRECTION('',(6.93889390390723E-17,0.,-1.));
#6105=DIRECTION('',(1.,0.,0.));
#6106=DIRECTION('',(1.,0.,0.));
#6107=DIRECTION('',(0.,0.,1.));
#6108=DIRECTION('',(1.,0.,0.));
#6109=DIRECTION('',(0.999807111998955,0.,-0.019640234120543));
#6110=DIRECTION('',(-0.707106781186547,0.,0.707106781186548));
#6111=DIRECTION('',(0.,-1.,0.));
#6112=DIRECTION('',(0.,0.,-1.));
#6113=DIRECTION('',(0.707106781186548,0.,0.707106781186547));
#6114=DIRECTION('',(0.707106781186547,0.,-0.707106781186548));
#6115=DIRECTION('',(0.707106781186548,0.,0.707106781186547));
#6116=DIRECTION('',(0.,-1.,0.));
#6117=DIRECTION('',(0.,0.,-1.));
#6118=DIRECTION('',(0.,0.,-1.));
#6119=DIRECTION('',(0.,1.,0.));
#6120=DIRECTION('',(0.,0.,1.));
#6121=DIRECTION('',(-0.707106781186547,0.,-0.707106781186548));
#6122=DIRECTION('',(0.,1.,0.));
#6123=DIRECTION('',(0.,0.,1.));
#6124=DIRECTION('',(0.,1.,0.));
#6125=DIRECTION('',(0.,0.,1.));
#6126=DIRECTION('',(0.707106781186548,0.,-0.707106781186548));
#6127=DIRECTION('',(0.,1.,0.));
#6128=DIRECTION('',(0.,0.,1.));
#6129=DIRECTION('',(0.,0.,-1.));
#6130=DIRECTION('',(0.,-1.,0.));
#6131=DIRECTION('',(0.,0.,-1.));
#6132=DIRECTION('',(-0.707106781186548,0.,0.707106781186548));
#6133=DIRECTION('',(-0.707106781186548,0.,0.707106781186548));
#6134=DIRECTION('',(0.,-1.,0.));
#6135=DIRECTION('',(0.,-1.,0.));
#6136=DIRECTION('',(-0.707106781186548,0.,-0.707106781186548));
#6137=DIRECTION('',(0.,1.,0.));
#6138=DIRECTION('',(0.,0.,1.));
#6139=DIRECTION('',(1.,0.,0.));
#6140=DIRECTION('',(0.,-1.,0.));
#6141=DIRECTION('',(1.,0.,0.));
#6142=DIRECTION('',(0.,-1.,0.));
#6143=DIRECTION('',(0.707106781186548,0.,-0.707106781186547));
#6144=DIRECTION('',(0.,-1.,0.));
#6145=DIRECTION('',(0.,1.,0.));
#6146=DIRECTION('',(-0.707106781186547,0.,-0.707106781186548));
#6147=DIRECTION('',(0.707106781186548,0.,0.707106781186548));
#6148=DIRECTION('',(0.,1.,0.));
#6149=DIRECTION('',(0.,1.,0.));
#6150=DIRECTION('',(0.707106781186548,0.,-0.707106781186548));
#6151=DIRECTION('',(-1.,0.,0.));
#6152=DIRECTION('',(0.,0.,1.));
#6153=DIRECTION('',(0.,-1.,0.));
#6154=DIRECTION('',(0.,0.,1.));
#6155=DIRECTION('',(0.,-1.,0.));
#6156=DIRECTION('',(0.,0.,-1.));
#6157=DIRECTION('',(-1.,0.,0.));
#6158=DIRECTION('',(0.,-1.,0.));
#6159=DIRECTION('',(-1.,0.,0.));
#6160=DIRECTION('',(-1.,0.,0.));
#6161=DIRECTION('',(0.,0.,1.));
#6162=DIRECTION('',(0.,-1.,0.));
#6163=DIRECTION('',(0.,0.,1.));
#6164=DIRECTION('',(-2.32848788721719E-16,0.,1.));
#6165=DIRECTION('',(1.,0.,2.32848788721719E-16));
#6166=DIRECTION('',(1.,0.,2.32848788721719E-16));
#6167=DIRECTION('',(-1.,0.,0.));
#6168=DIRECTION('',(0.,0.,1.));
#6169=DIRECTION('',(0.,-1.,0.));
#6170=DIRECTION('',(0.,0.,1.));
#6171=DIRECTION('',(0.,-1.,0.));
#6172=DIRECTION('',(0.,0.,-1.));
#6173=DIRECTION('',(-1.,0.,0.));
#6174=DIRECTION('',(0.,-1.,0.));
#6175=DIRECTION('',(-1.,0.,0.));
#6176=DIRECTION('',(1.,0.,2.26761238689779E-16));
#6177=DIRECTION('',(2.26761238689779E-16,0.,-1.));
#6178=DIRECTION('',(0.,-1.,0.));
#6179=DIRECTION('',(2.26761238689779E-16,0.,-1.));
#6180=DIRECTION('',(0.,0.,-1.));
#6181=DIRECTION('',(-1.,0.,0.));
#6182=DIRECTION('',(-1.,0.,0.));
#6183=DIRECTION('',(0.,1.,0.));
#6184=DIRECTION('',(0.,0.,1.));
#6185=DIRECTION('',(0.,1.,0.));
#6186=DIRECTION('',(0.,1.,0.));
#6187=DIRECTION('',(0.,0.,1.));
#6188=DIRECTION('',(0.,-1.,0.));
#6189=DIRECTION('',(0.707106781186548,0.,-0.707106781186547));
#6190=DIRECTION('',(0.,-1.,0.));
#6191=DIRECTION('',(0.,1.,0.));
#6192=DIRECTION('',(0.,1.,0.));
#6193=DIRECTION('',(0.,0.,1.));
#6194=DIRECTION('',(0.,1.,0.));
#6195=DIRECTION('',(0.,-1.,0.));
#6196=DIRECTION('',(0.,0.,-1.));
#6197=DIRECTION('',(0.,1.,0.));
#6198=DIRECTION('',(0.,-1.,0.));
#6199=DIRECTION('',(0.707106781186548,0.,0.707106781186548));
#6200=DIRECTION('',(0.,1.,0.));
#6201=DIRECTION('',(0.,1.,0.));
#6202=DIRECTION('',(0.,0.,1.));
#6203=DIRECTION('',(6.93889390390723E-17,0.,-1.));
#6204=DIRECTION('',(1.,0.,0.));
#6205=DIRECTION('',(0.,0.,-1.));
#6206=DIRECTION('',(1.,0.,0.));
#6207=DIRECTION('',(0.,0.,-1.));
#6208=DIRECTION('',(1.,0.,0.));
#6209=DIRECTION('',(0.,0.,-1.));
#6210=DIRECTION('',(1.,0.,6.93889390390723E-17));
#6211=DIRECTION('',(6.93889390390723E-17,0.,-1.));
#6212=DIRECTION('',(0.,-1.,0.));
#6213=DIRECTION('',(0.,0.,-1.));
#6214=DIRECTION('',(0.,-1.,0.));
#6215=DIRECTION('',(0.,-1.,0.));
#6216=DIRECTION('',(0.,0.,1.));
#6217=DIRECTION('',(1.,0.,0.));
#6218=DIRECTION('',(0.499999999999957,-0.866025403784464,0.));
#6219=DIRECTION('',(-0.500000000000043,-0.866025403784414,0.));
#6220=DIRECTION('',(-1.,4.88888818572077E-14,0.));
#6221=DIRECTION('',(-0.499999999999959,0.866025403784463,0.));
#6222=DIRECTION('',(0.500000000000042,0.866025403784415,0.));
#6223=DIRECTION('',(1.,-4.88888818572077E-14,0.));
#6224=DIRECTION('',(-1.,0.,0.));
#6225=DIRECTION('',(0.,-1.,0.));
#6226=DIRECTION('',(0.,-1.,0.));
#6227=DIRECTION('',(0.,0.,1.));
#6228=DIRECTION('',(1.,0.,0.));
#6229=DIRECTION('',(0.,-1.,0.));
#6230=DIRECTION('',(-0.707106781186548,0.,0.707106781186548));
#6231=DIRECTION('',(0.,-1.,0.));
#6232=DIRECTION('',(0.,-1.,0.));
#6233=DIRECTION('',(0.,0.,-1.));
#6234=DIRECTION('',(0.,1.,0.));
#6235=DIRECTION('',(0.,1.,0.));
#6236=DIRECTION('',(1.,0.,0.));
#6237=DIRECTION('',(0.,0.,-1.));
#6238=DIRECTION('',(0.,0.,-1.));
#6239=DIRECTION('',(0.,-1.,0.));
#6240=DIRECTION('',(0.,-1.,0.));
#6241=DIRECTION('',(0.,1.,0.));
#6242=DIRECTION('',(0.,0.,1.));
#6243=DIRECTION('',(0.,1.,0.));
#6244=DIRECTION('',(0.,-1.,0.));
#6245=DIRECTION('',(0.,-1.,0.));
#6246=DIRECTION('',(0.019640234120543,0.,0.999807111998955));
#6247=DIRECTION('',(0.999807111998955,0.,-0.019640234120543));
#6248=DIRECTION('',(0.,-1.,0.));
#6249=DIRECTION('',(0.,-1.,0.));
#6250=DIRECTION('',(0.,0.,1.));
#6251=DIRECTION('',(1.,0.,0.));
#6252=DIRECTION('',(0.,-1.,0.));
#6253=DIRECTION('',(0.,-1.,0.));
#6254=DIRECTION('',(0.,0.,-1.));
#6255=DIRECTION('',(0.,1.,0.));
#6256=DIRECTION('',(0.,1.,0.));
#6257=DIRECTION('',(0.,-1.,0.));
#6258=DIRECTION('',(-0.707106781186548,0.,-0.707106781186547));
#6259=DIRECTION('',(0.,1.,0.));
#6260=DIRECTION('',(-0.707106781186548,0.,-0.707106781186547));
#6261=DIRECTION('',(0.,1.,0.));
#6262=DIRECTION('',(0.707106781186547,0.,-0.707106781186548));
#6263=DIRECTION('',(1.,0.,6.93889390390723E-17));
#6264=DIRECTION('',(6.93889390390723E-17,0.,-1.));
#6265=DIRECTION('',(0.,-1.,0.));
#6266=DIRECTION('',(6.93889390390723E-17,0.,-1.));
#6267=DIRECTION('',(0.,-1.,0.));
#6268=DIRECTION('',(1.,0.,0.));
#6269=DIRECTION('',(0.,0.,-1.));
#6270=DIRECTION('',(0.,0.5,0.866025403784438));
#6271=DIRECTION('',(0.,1.,0.));
#6272=DIRECTION('',(0.,0.5,-0.86602540378444));
#6273=DIRECTION('',(0.,-0.5,-0.86602540378444));
#6274=DIRECTION('',(0.,-1.,0.));
#6275=DIRECTION('',(0.,-0.5,0.866025403784437));
#6276=DIRECTION('',(1.,0.,6.93889390390723E-17));
#6277=DIRECTION('',(6.93889390390723E-17,0.,-1.));
#6278=DIRECTION('',(-1.,0.,0.));
#6279=DIRECTION('',(0.,0.,1.));
#6280=DIRECTION('',(0.,1.,0.));
#6281=DIRECTION('',(0.,1.,0.));
#6282=DIRECTION('',(0.,0.,-1.));
#6283=DIRECTION('',(-1.,0.,0.));
#6284=DIRECTION('',(0.,1.,0.));
#6285=DIRECTION('',(-1.,0.,0.));
#6286=DIRECTION('',(0.,0.,1.));
#6287=DIRECTION('',(0.,1.,0.));
#6288=DIRECTION('',(0.,0.,-1.));
#6289=DIRECTION('',(-1.,0.,0.));
#6290=DIRECTION('',(0.,0.,1.));
#6291=DIRECTION('',(1.,0.,0.));
#6292=DIRECTION('',(0.,1.,0.));
#6293=DIRECTION('',(0.,1.,0.));
#6294=DIRECTION('',(-1.,0.,1.69241314729444E-16));
#6295=DIRECTION('',(1.69241314729444E-16,0.,1.));
#6296=DIRECTION('',(0.,1.,0.));
#6297=DIRECTION('',(0.,0.,1.));
#6298=DIRECTION('',(1.,0.,0.));
#6299=DIRECTION('',(0.,1.,0.));
#6300=DIRECTION('',(-1.,0.,1.90396479070625E-16));
#6301=DIRECTION('',(1.90396479070625E-16,0.,1.));
#6302=DIRECTION('',(-0.707106781186547,0.,0.707106781186548));
#6303=DIRECTION('',(0.707106781186548,0.,0.707106781186547));
#6304=DIRECTION('',(0.707106781186548,0.,0.707106781186547));
#6305=DIRECTION('',(0.,-1.,0.));
#6306=DIRECTION('',(0.,-1.,0.));
#6307=DIRECTION('',(0.,0.,-1.));
#6308=DIRECTION('',(0.707106781186548,0.,0.707106781186547));
#6309=DIRECTION('',(0.707106781186547,0.,-0.707106781186548));
#6310=DIRECTION('',(-0.707106781186547,0.,0.707106781186548));
#6311=DIRECTION('',(0.707106781186548,0.,0.707106781186547));
#6312=DIRECTION('',(0.,-1.,0.));
#6313=DIRECTION('',(0.707106781186548,0.,0.707106781186547));
#6314=DIRECTION('',(0.,1.,0.));
#6315=DIRECTION('',(7.12962860417627E-15,1.,-7.12962860417628E-15));
#6316=DIRECTION('',(0.612372435695797,0.499999999999993,-0.612372435695798));
#6317=DIRECTION('',(0.612372435695792,-0.500000000000006,-0.612372435695792));
#6318=DIRECTION('',(-7.38425819718281E-15,-1.,7.38425819718281E-15));
#6319=DIRECTION('',(-0.612372435695798,-0.499999999999991,0.612372435695799));
#6320=DIRECTION('',(-0.612372435695791,0.500000000000009,0.612372435695791));
#6321=DIRECTION('',(0.353553390593269,-0.866025403784443,-0.353553390593269));
#6322=DIRECTION('',(0.,0.377964473009222,-0.925820099772554));
#6323=DIRECTION('',(0.707106781186548,0.,0.707106781186547));
#6324=DIRECTION('',(0.612372435695797,0.499999999999993,-0.612372435695798));
#6325=DIRECTION('',(0.707106781186548,0.,0.707106781186547));
#6326=DIRECTION('',(0.707106781186547,-1.00828174667092E-14,-0.707106781186548));
#6327=DIRECTION('',(-0.707106781186548,0.,-0.707106781186547));
#6328=DIRECTION('',(0.707106781186548,0.,0.707106781186547));
#6329=DIRECTION('',(7.12962860417627E-15,1.,-7.12962860417628E-15));
#6330=DIRECTION('',(0.35355339059328,0.866025403784434,-0.353553390593281));
#6331=DIRECTION('',(0.,0.377964473009235,0.925820099772548));
#6332=DIRECTION('',(0.707106781186548,0.,0.707106781186547));
#6333=DIRECTION('',(-0.612372435695791,0.500000000000009,0.612372435695791));
#6334=DIRECTION('',(-0.353553390593267,0.866025403784444,0.353553390593268));
#6335=DIRECTION('',(0.,-0.37796447300922,0.925820099772555));
#6336=DIRECTION('',(0.707106781186548,0.,0.707106781186547));
#6337=DIRECTION('',(-0.612372435695798,-0.499999999999991,0.612372435695799));
#6338=DIRECTION('',(-0.707106781186547,1.04429180905206E-14,0.707106781186548));
#6339=DIRECTION('',(0.707106781186548,0.,0.707106781186547));
#6340=DIRECTION('',(0.707106781186548,0.,0.707106781186547));
#6341=DIRECTION('',(-7.38425819718281E-15,-1.,7.38425819718281E-15));
#6342=DIRECTION('',(-0.353553390593278,-0.866025403784435,0.353553390593279));
#6343=DIRECTION('',(0.,-0.377964473009233,-0.925820099772549));
#6344=DIRECTION('',(0.612372435695792,-0.500000000000006,-0.612372435695792));
#6345=DIRECTION('',(-0.707106781186548,0.,-0.707106781186547));
#6346=DIRECTION('',(0.,1.,0.));
#6347=DIRECTION('',(0.,1.,0.));
#6348=DIRECTION('',(0.,0.,1.));
#6349=DIRECTION('',(-0.707106781186548,0.,0.707106781186548));
#6350=DIRECTION('',(-0.707106781186548,0.,-0.707106781186548));
#6351=DIRECTION('',(-0.707106781186548,0.,0.707106781186548));
#6352=DIRECTION('',(0.707106781186548,0.,0.707106781186548));
#6353=DIRECTION('',(0.707106781186548,0.,-0.707106781186548));
#6354=DIRECTION('',(0.,-1.,0.));
#6355=DIRECTION('',(-0.707106781186548,0.,-0.707106781186548));
#6356=DIRECTION('',(-0.707106781186548,0.,0.707106781186548));
#6357=DIRECTION('',(0.,1.,0.));
#6358=DIRECTION('',(-0.707106781186548,0.,0.707106781186548));
#6359=DIRECTION('',(0.,-1.,0.));
#6360=DIRECTION('',(-0.388275655031665,-0.835753570988161,-0.388275655031665));
#6361=DIRECTION('',(-0.705930277423311,0.057661831692165,-0.705930277423311));
#6362=DIRECTION('',(-0.317654622391648,0.893415402680321,-0.317654622391648));
#6363=DIRECTION('',(0.388275655031665,0.835753570988161,0.388275655031665));
#6364=DIRECTION('',(0.705930277423311,-0.0576618316921562,0.705930277423311));
#6365=DIRECTION('',(0.317654622391644,-0.893415402680323,0.317654622391644));
#6366=DIRECTION('',(0.0407730722051673,0.998336172421847,0.0407730722051673));
#6367=DIRECTION('',(0.,-0.0408070059835135,0.999167047226169));
#6368=DIRECTION('',(-0.707106781186548,0.,0.707106781186548));
#6369=DIRECTION('',(-0.705930277423311,0.057661831692165,-0.705930277423311));
#6370=DIRECTION('',(-0.707106781186548,0.,0.707106781186548));
#6371=DIRECTION('',(-0.590967017446601,0.549104697285078,-0.590967017446601));
#6372=DIRECTION('',(-0.707106781186548,0.,0.707106781186548));
#6373=DIRECTION('',(-0.707106781186548,0.,0.707106781186548));
#6374=DIRECTION('',(-0.388275655031665,-0.835753570988161,-0.388275655031665));
#6375=DIRECTION('',(-0.631740089651766,-0.449231475136768,-0.631740089651766));
#6376=DIRECTION('',(-0.707106781186548,0.,0.707106781186548));
#6377=DIRECTION('',(-0.707106781186548,0.,0.707106781186548));
#6378=DIRECTION('',(0.317654622391644,-0.893415402680323,0.317654622391644));
#6379=DIRECTION('',(-0.040773072205161,-0.998336172421848,-0.040773072205161));
#6380=DIRECTION('',(0.,0.0408070059835073,-0.999167047226169));
#6381=DIRECTION('',(-0.707106781186548,0.,0.707106781186548));
#6382=DIRECTION('',(0.705930277423311,-0.0576618316921562,0.705930277423311));
#6383=DIRECTION('',(0.590967017446601,-0.549104697285078,0.590967017446601));
#6384=DIRECTION('',(0.707106781186548,0.,-0.707106781186548));
#6385=DIRECTION('',(-0.707106781186548,0.,0.707106781186548));
#6386=DIRECTION('',(0.388275655031665,0.835753570988161,0.388275655031665));
#6387=DIRECTION('',(0.631740089651765,0.449231475136772,0.631740089651765));
#6388=DIRECTION('',(0.707106781186548,0.,-0.707106781186548));
#6389=DIRECTION('',(-0.317654622391648,0.893415402680321,-0.317654622391648));
#6390=DIRECTION('',(-0.707106781186548,0.,0.707106781186548));
#6391=DIRECTION('',(0.,-1.,0.));
#6392=DIRECTION('',(0.,0.,-1.));
#6393=DIRECTION('',(-1.,0.,0.));
#6394=DIRECTION('',(-1.,0.,0.));
#6395=DIRECTION('',(0.,-1.,0.));
#6396=DIRECTION('',(0.,0.,-1.));
#6397=DIRECTION('',(-1.,0.,0.));
#6398=DIRECTION('',(0.,-1.,0.));
#6399=DIRECTION('',(-1.,0.,0.));
#6400=DIRECTION('',(-1.,0.,0.));
#6401=DIRECTION('',(0.,-1.,0.));
#6402=DIRECTION('',(0.,-0.5,-0.866025403784438));
#6403=DIRECTION('',(0.,0.5,-0.866025403784437));
#6404=DIRECTION('',(0.,1.,0.));
#6405=DIRECTION('',(0.,0.5,0.86602540378444));
#6406=DIRECTION('',(0.,-0.5,0.86602540378444));
#6407=DIRECTION('',(0.,-1.,0.));
#6408=DIRECTION('',(0.,0.,-1.));
#6409=DIRECTION('',(0.,1.,0.));
#6410=DIRECTION('',(0.,0.,1.));
#6411=DIRECTION('',(0.,0.866025403784437,0.5));
#6412=DIRECTION('',(0.,-0.5,0.866025403784437));
#6413=DIRECTION('',(-1.,0.,0.));
#6414=DIRECTION('',(-1.,0.,0.));
#6415=DIRECTION('',(0.,0.,1.));
#6416=DIRECTION('',(1.,0.,0.));
#6417=DIRECTION('',(-1.,0.,0.));
#6418=DIRECTION('',(0.,-0.86602540378444,0.5));
#6419=DIRECTION('',(0.,-0.5,-0.86602540378444));
#6420=DIRECTION('',(-1.,0.,0.));
#6421=DIRECTION('',(0.,-0.86602540378444,-0.5));
#6422=DIRECTION('',(0.,0.5,-0.86602540378444));
#6423=DIRECTION('',(-1.,0.,0.));
#6424=DIRECTION('',(0.,0.,-1.));
#6425=DIRECTION('',(-1.,0.,0.));
#6426=DIRECTION('',(-1.,0.,0.));
#6427=DIRECTION('',(0.,0.866025403784438,-0.5));
#6428=DIRECTION('',(0.,0.5,0.866025403784438));
#6429=DIRECTION('',(-6.93889390390723E-17,0.,1.));
#6430=DIRECTION('',(1.,0.,6.93889390390723E-17));
#6431=DIRECTION('',(0.,-1.,0.));
#6432=DIRECTION('',(1.,0.,6.93889390390723E-17));
#6433=DIRECTION('',(-6.93889390390723E-17,0.,1.));
#6434=DIRECTION('',(1.,0.,6.93889390390723E-17));
#6435=DIRECTION('',(1.,0.,6.93889390390723E-17));
#6436=DIRECTION('',(0.,-1.,0.));
#6437=DIRECTION('',(1.,0.,6.93889390390723E-17));
#6438=DIRECTION('',(0.,1.,0.));
#6439=DIRECTION('',(6.93889390390723E-17,0.,-1.));
#6440=DIRECTION('',(0.,-1.,0.));
#6441=DIRECTION('',(0.,0.,-1.));
#6442=DIRECTION('',(-1.,0.,0.));
#6443=DIRECTION('',(0.,0.,1.));
#6444=DIRECTION('',(0.,0.,-1.));
#6445=DIRECTION('',(0.,1.,0.));
#6446=DIRECTION('',(-1.,-3.43509599203328E-16,0.));
#6447=DIRECTION('',(3.43509599203328E-16,-1.,0.));
#6448=DIRECTION('',(-3.43509599203328E-16,1.,0.));
#6449=DIRECTION('',(0.,0.,-1.));
#6450=DIRECTION('',(0.,0.,-1.));
#6451=DIRECTION('',(1.,0.,0.));
#6452=DIRECTION('',(1.,0.,0.));
#6453=DIRECTION('',(0.,1.,0.));
#6454=DIRECTION('',(0.,0.,1.));
#6455=DIRECTION('',(0.,0.,-1.));
#6456=DIRECTION('',(-1.,0.,0.));
#6457=DIRECTION('',(-0.499999999999957,0.866025403784464,0.));
#6458=DIRECTION('',(-1.,4.88888818572077E-14,0.));
#6459=DIRECTION('',(-0.500000000000042,-0.866025403784415,0.));
#6460=DIRECTION('',(0.499999999999958,-0.866025403784463,0.));
#6461=DIRECTION('',(1.,-4.88888818572077E-14,0.));
#6462=DIRECTION('',(0.500000000000043,0.866025403784414,0.));
#6463=DIRECTION('',(0.,-1.,0.));
#6464=DIRECTION('',(-1.,0.,0.));
#6465=DIRECTION('',(0.,1.,0.));
#6466=DIRECTION('',(0.,0.,1.));
#6467=DIRECTION('',(0.,0.,-1.));
#6468=DIRECTION('',(1.,0.,0.));
#6469=DIRECTION('',(0.,1.,0.));
#6470=DIRECTION('',(0.,0.,1.));
#6471=DIRECTION('',(1.,0.,0.));
#6472=DIRECTION('',(-0.5,-0.866025403784438,0.));
#6473=DIRECTION('',(0.5,-0.866025403784439,0.));
#6474=DIRECTION('',(1.,0.,0.));
#6475=DIRECTION('',(0.5,0.866025403784439,0.));
#6476=DIRECTION('',(-0.5,0.866025403784439,0.));
#6477=DIRECTION('',(-1.,0.,0.));
#6478=DIRECTION('',(1.,0.,0.));
#6479=DIRECTION('',(0.,-1.,0.));
#6480=DIRECTION('',(0.,-1.,0.));
#6481=DIRECTION('',(0.,0.,-1.));
#6482=DIRECTION('',(1.,0.,0.));
#6483=DIRECTION('',(0.,0.,-1.));
#6484=DIRECTION('',(0.,0.,1.));
#6485=DIRECTION('',(1.,0.,0.));
#6486=DIRECTION('',(0.5,-0.866025403784439,0.));
#6487=DIRECTION('',(-0.5,-0.866025403784438,0.));
#6488=DIRECTION('',(-1.,0.,0.));
#6489=DIRECTION('',(-0.5,0.866025403784439,0.));
#6490=DIRECTION('',(0.5,0.866025403784439,0.));
#6491=DIRECTION('',(1.,0.,0.));
#6492=DIRECTION('',(0.,-1.,0.));
#6493=DIRECTION('',(-1.,0.,0.));
#6494=DIRECTION('',(0.,-1.,0.));
#6495=DIRECTION('',(-0.866025403784439,-0.5,0.));
#6496=DIRECTION('',(0.5,-0.866025403784439,0.));
#6497=DIRECTION('',(0.,0.,1.));
#6498=DIRECTION('',(0.,0.,1.));
#6499=DIRECTION('',(0.,-1.,0.));
#6500=DIRECTION('',(0.,0.,-1.));
#6501=DIRECTION('',(0.,0.,1.));
#6502=DIRECTION('',(0.866025403784439,-0.5,0.));
#6503=DIRECTION('',(0.5,0.866025403784439,0.));
#6504=DIRECTION('',(0.,0.,1.));
#6505=DIRECTION('',(0.866025403784439,0.5,0.));
#6506=DIRECTION('',(-0.5,0.866025403784439,0.));
#6507=DIRECTION('',(0.,0.,1.));
#6508=DIRECTION('',(0.,1.,0.));
#6509=DIRECTION('',(0.,0.,1.));
#6510=DIRECTION('',(0.,0.,1.));
#6511=DIRECTION('',(-0.866025403784438,0.5,0.));
#6512=DIRECTION('',(-0.5,-0.866025403784438,0.));
#6513=DIRECTION('',(-0.866025403784464,-0.499999999999957,0.));
#6514=DIRECTION('',(0.499999999999957,-0.866025403784464,0.));
#6515=DIRECTION('',(0.,0.,1.));
#6516=DIRECTION('',(0.,0.,1.));
#6517=DIRECTION('',(-4.88888818572077E-14,-1.,0.));
#6518=DIRECTION('',(1.,-4.88888818572077E-14,0.));
#6519=DIRECTION('',(0.,0.,1.));
#6520=DIRECTION('',(0.866025403784415,-0.500000000000042,0.));
#6521=DIRECTION('',(0.500000000000042,0.866025403784415,0.));
#6522=DIRECTION('',(0.,0.,1.));
#6523=DIRECTION('',(0.866025403784463,0.499999999999958,0.));
#6524=DIRECTION('',(-0.499999999999958,0.866025403784463,0.));
#6525=DIRECTION('',(0.,0.,1.));
#6526=DIRECTION('',(4.88888818572077E-14,1.,0.));
#6527=DIRECTION('',(-1.,4.88888818572077E-14,0.));
#6528=DIRECTION('',(0.,0.,1.));
#6529=DIRECTION('',(-0.866025403784414,0.500000000000043,0.));
#6530=DIRECTION('',(-0.500000000000043,-0.866025403784414,0.));
#6531=DIRECTION('',(0.,0.,1.));
#6532=DIRECTION('',(1.,0.,0.));
#6533=DIRECTION('',(0.,1.,0.));
#6534=DIRECTION('',(0.,0.,1.));
#6535=DIRECTION('',(1.,0.,0.));
#6536=DIRECTION('',(0.,0.,-1.));
#6537=DIRECTION('',(1.,0.,0.));
#6538=DIRECTION('',(0.,0.,-1.));
#6539=DIRECTION('',(1.,0.,0.));
#6540=DIRECTION('',(0.,0.,-1.));
#6541=DIRECTION('',(0.,-1.,0.));
#6542=DIRECTION('',(0.,0.,-1.));
#6543=DIRECTION('',(0.,-1.,0.));
#6544=DIRECTION('',(0.,0.,-1.));
#6545=DIRECTION('',(0.,1.,0.));
#6546=DIRECTION('',(0.,0.,1.));
#6547=DIRECTION('',(1.,0.,0.));
#6548=DIRECTION('',(0.,0.,-1.));
#6549=DIRECTION('',(1.,0.,0.));
#6550=DIRECTION('',(0.,0.,-1.));
#6551=DIRECTION('',(0.,0.,-1.));
#6552=DIRECTION('',(-1.,0.,0.));
#6553=DIRECTION('',(0.,0.,1.));
#6554=DIRECTION('',(1.,0.,0.));
#6555=DIRECTION('',(0.,0.,1.));
#6556=DIRECTION('',(1.,0.,0.));
#6557=DIRECTION('',(0.,0.,-1.));
#6558=DIRECTION('',(-1.,0.,0.));
#6559=DIRECTION('',(0.,0.,1.));
#6560=DIRECTION('',(1.,0.,0.));
#6561=DIRECTION('',(0.,0.,1.));
#6562=DIRECTION('',(1.,0.,0.));
#6563=DIRECTION('',(0.,0.,-1.));
#6564=DIRECTION('',(-1.,0.,0.));
#6565=DIRECTION('',(0.,0.,1.));
#6566=DIRECTION('',(1.,0.,0.));
#6567=DIRECTION('',(0.,0.,1.));
#6568=DIRECTION('',(1.,0.,0.));
#6569=DIRECTION('',(1.,0.,0.));
#6570=DIRECTION('',(0.,0.,-1.));
#6571=DIRECTION('',(0.,-1.,0.));
#6572=DIRECTION('',(0.,0.,-1.));
#6573=DIRECTION('',(0.,-1.,0.));
#6574=DIRECTION('',(0.,0.,-1.));
#6575=DIRECTION('',(0.,0.,1.));
#6576=DIRECTION('',(1.,0.,0.));
#6577=DIRECTION('',(1.,0.,0.));
#6578=DIRECTION('',(0.,-1.,0.));
#6579=DIRECTION('',(1.,0.,0.));
#6580=DIRECTION('',(0.,-1.,0.));
#6581=DIRECTION('',(0.,0.,1.));
#6582=DIRECTION('',(1.,0.,0.));
#6583=DIRECTION('',(0.,0.,1.));
#6584=DIRECTION('',(1.,0.,0.));
#6585=DIRECTION('',(0.,0.,1.));
#6586=DIRECTION('',(1.,0.,0.));
#6587=DIRECTION('',(0.,0.,1.));
#6588=DIRECTION('',(1.,0.,0.));
#6589=DIRECTION('',(0.,0.,1.));
#6590=DIRECTION('',(1.,0.,0.));
#6591=DIRECTION('',(0.,0.,1.));
#6592=DIRECTION('',(1.,0.,0.));
#6593=DIRECTION('',(0.,0.,1.));
#6594=DIRECTION('',(1.,0.,0.));
#6595=DIRECTION('',(-1.,0.,0.));
#6596=DIRECTION('',(0.,0.,1.));
#6597=DIRECTION('',(-1.,0.,0.));
#6598=DIRECTION('',(0.,0.,1.));
#6599=DIRECTION('',(0.,1.,0.));
#6600=DIRECTION('',(0.,0.,1.));
#6601=DIRECTION('',(0.,0.,-1.));
#6602=DIRECTION('',(-1.,0.,0.));
#6603=DIRECTION('',(0.,0.,1.));
#6604=DIRECTION('',(1.,0.,0.));
#6605=DIRECTION('',(0.,1.,0.));
#6606=DIRECTION('',(0.,0.,1.));
#6607=DIRECTION('',(0.,-1.,0.));
#6608=DIRECTION('',(0.,0.,-1.));
#6609=DIRECTION('',(1.,0.,0.));
#6610=DIRECTION('',(0.,0.,-1.));
#6611=DIRECTION('',(1.,0.,0.));
#6612=DIRECTION('',(0.,0.,-1.));
#6613=DIRECTION('',(0.,0.,-1.));
#6614=DIRECTION('',(-1.,0.,0.));
#6615=DIRECTION('',(0.,0.,1.));
#6616=DIRECTION('',(1.,0.,0.));
#6617=DIRECTION('',(-1.,0.,0.));
#6618=DIRECTION('',(0.,0.,1.));
#6619=DIRECTION('',(-1.,0.,0.));
#6620=DIRECTION('',(0.,0.,1.));
#6621=DIRECTION('',(0.,1.,0.));
#6622=DIRECTION('',(0.,0.,1.));
#6623=DIRECTION('',(0.,1.,0.));
#6624=DIRECTION('',(0.,0.,1.));
#6625=DIRECTION('',(-1.,0.,0.));
#6626=DIRECTION('',(0.,0.,1.));
#6627=DIRECTION('',(1.,0.,0.));
#6628=DIRECTION('',(0.,0.,-1.));
#6629=DIRECTION('',(0.,-1.,0.));
#6630=DIRECTION('',(0.,0.,-1.));
#6631=DIRECTION('',(0.,-1.,0.));
#6632=DIRECTION('',(0.,0.,-1.));
#6633=DIRECTION('',(0.,0.,1.));
#6634=DIRECTION('',(1.,0.,0.));
#6635=DIRECTION('',(0.,0.,1.));
#6636=DIRECTION('',(1.,0.,0.));
#6637=DIRECTION('',(0.,0.,1.));
#6638=DIRECTION('',(1.,0.,0.));
#6639=DIRECTION('',(0.,0.,1.));
#6640=DIRECTION('',(1.,0.,0.));
#6641=DIRECTION('',(0.,1.,0.));
#6642=DIRECTION('',(0.,0.,1.));
#6643=DIRECTION('',(1.,0.,0.));
#6644=DIRECTION('',(0.,0.,-1.));
#6645=DIRECTION('',(1.,0.,0.));
#6646=DIRECTION('',(0.,0.,-1.));
#6647=DIRECTION('',(1.,0.,0.));
#6648=DIRECTION('',(0.,0.,-1.));
#6649=DIRECTION('',(0.,-1.,0.));
#6650=DIRECTION('',(0.,0.,-1.));
#6651=DIRECTION('',(0.,-1.,0.));
#6652=DIRECTION('',(0.,1.,0.));
#6653=DIRECTION('',(0.,0.,1.));
#6654=DIRECTION('',(1.,0.,0.));
#6655=DIRECTION('',(0.,0.,-1.));
#6656=DIRECTION('',(1.,0.,0.));
#6657=DIRECTION('',(1.,0.,0.));
#6658=DIRECTION('',(0.,0.,-1.));
#6659=DIRECTION('',(0.,-1.,0.));
#6660=DIRECTION('',(0.,-1.,0.));
#6661=DIRECTION('',(0.,0.,1.));
#6662=DIRECTION('',(1.,0.,0.));
#6663=DIRECTION('',(0.,0.,1.));
#6664=DIRECTION('',(1.,0.,0.));
#6665=DIRECTION('',(0.,0.,1.));
#6666=DIRECTION('',(1.,0.,0.));
#6667=DIRECTION('',(0.,1.,0.));
#6668=DIRECTION('',(0.,0.,1.));
#6669=DIRECTION('',(1.,0.,0.));
#6670=DIRECTION('',(0.,0.,-1.));
#6671=DIRECTION('',(1.,0.,0.));
#6672=DIRECTION('',(0.,0.,-1.));
#6673=DIRECTION('',(1.,0.,0.));
#6674=DIRECTION('',(0.,0.,-1.));
#6675=DIRECTION('',(0.,-1.,0.));
#6676=DIRECTION('',(0.,0.,-1.));
#6677=DIRECTION('',(0.,-1.,0.));
#6678=DIRECTION('',(0.,0.,-1.));
#6679=DIRECTION('',(0.,1.,0.));
#6680=DIRECTION('',(0.,0.,1.));
#6681=DIRECTION('',(1.,0.,0.));
#6682=DIRECTION('',(0.,0.,-1.));
#6683=DIRECTION('',(1.,0.,0.));
#6684=DIRECTION('',(0.,0.,-1.));
#6685=DIRECTION('',(1.,0.,0.));
#6686=DIRECTION('',(0.,0.,-1.));
#6687=DIRECTION('',(0.,-1.,0.));
#6688=DIRECTION('',(0.,0.,-1.));
#6689=DIRECTION('',(0.,-1.,0.));
#6690=DIRECTION('',(0.,0.,-1.));
#6691=DIRECTION('',(0.,0.,1.));
#6692=DIRECTION('',(1.,0.,0.));
#6693=DIRECTION('',(0.,0.,1.));
#6694=DIRECTION('',(1.,0.,0.));
#6695=DIRECTION('',(0.,0.,1.));
#6696=DIRECTION('',(1.,0.,0.));
#6697=DIRECTION('',(0.,0.,1.));
#6698=DIRECTION('',(1.,0.,0.));
#6699=DIRECTION('',(0.,0.,1.));
#6700=DIRECTION('',(1.,0.,0.));
#6701=DIRECTION('',(0.,0.,1.));
#6702=DIRECTION('',(1.,0.,0.));
#6703=DIRECTION('',(0.,0.,1.));
#6704=DIRECTION('',(1.,0.,0.));
#6705=DIRECTION('',(0.,0.,1.));
#6706=DIRECTION('',(1.,0.,0.));
#6707=DIRECTION('',(0.,0.,1.));
#6708=DIRECTION('',(1.,0.,0.));
#6709=DIRECTION('',(0.,0.,1.));
#6710=DIRECTION('',(1.,0.,0.));
#6711=DIRECTION('',(0.,-1.,0.));
#6712=DIRECTION('',(1.,0.,0.));
#6713=DIRECTION('',(0.,-1.,0.));
#6714=DIRECTION('',(1.,0.,0.));
#6715=DIRECTION('',(0.,0.,1.));
#6716=DIRECTION('',(1.,0.,0.));
#6717=DIRECTION('',(0.,0.,1.));
#6718=DIRECTION('',(1.,0.,0.));
#6719=DIRECTION('',(0.,0.,1.));
#6720=DIRECTION('',(1.,0.,0.));
#6721=DIRECTION('',(0.,0.,1.));
#6722=DIRECTION('',(1.,0.,0.));
#6723=DIRECTION('',(0.,0.,1.));
#6724=DIRECTION('',(1.,0.,0.));
#6725=DIRECTION('',(0.,0.,1.));
#6726=DIRECTION('',(1.,0.,0.));
#6727=DIRECTION('',(0.,0.,1.));
#6728=DIRECTION('',(1.,0.,0.));
#6729=DIRECTION('',(0.,0.,1.));
#6730=DIRECTION('',(1.,0.,0.));
#6731=DIRECTION('',(0.,0.,1.));
#6732=DIRECTION('',(1.,0.,0.));
#6733=DIRECTION('',(0.,0.,-1.));
#6734=DIRECTION('',(-1.,0.,0.));
#6735=DIRECTION('',(0.,1.,0.));
#6736=DIRECTION('',(0.,0.,1.));
#6737=DIRECTION('',(0.,1.,0.));
#6738=DIRECTION('',(0.,0.,1.));
#6739=DIRECTION('',(-1.,0.,0.));
#6740=DIRECTION('',(0.,0.,1.));
#6741=DIRECTION('',(0.,0.,-1.));
#6742=DIRECTION('',(-1.,0.,0.));
#6743=DIRECTION('',(0.,0.,-1.));
#6744=DIRECTION('',(-1.,0.,0.));
#6745=DIRECTION('',(-1.,0.,0.));
#6746=DIRECTION('',(0.,0.,1.));
#6747=DIRECTION('',(1.,0.,0.));
#6748=DIRECTION('',(0.,0.,-1.));
#6749=DIRECTION('',(0.,-1.,0.));
#6750=DIRECTION('',(0.,0.,-1.));
#6751=DIRECTION('',(0.,-1.,0.));
#6752=DIRECTION('',(0.,0.,-1.));
#6753=DIRECTION('',(0.,0.,-1.));
#6754=DIRECTION('',(-1.,0.,0.));
#6755=DIRECTION('',(0.,0.,-1.));
#6756=DIRECTION('',(-1.,0.,0.));
#6757=DIRECTION('',(0.,1.,0.));
#6758=DIRECTION('',(0.,0.,1.));
#6759=DIRECTION('',(0.,1.,0.));
#6760=DIRECTION('',(0.,0.,1.));
#6761=DIRECTION('',(-1.,0.,0.));
#6762=DIRECTION('',(0.,0.,1.));
#6763=DIRECTION('',(-1.,0.,0.));
#6764=DIRECTION('',(0.,0.,1.));
#6765=DIRECTION('',(0.,1.,0.));
#6766=DIRECTION('',(0.,0.,1.));
#6767=DIRECTION('',(0.,-1.,0.));
#6768=DIRECTION('',(0.,0.,-1.));
#6769=DIRECTION('',(1.,0.,0.));
#6770=DIRECTION('',(0.,0.,-1.));
#6771=DIRECTION('',(1.,0.,0.));
#6772=DIRECTION('',(0.,0.,-1.));
#6773=DIRECTION('',(0.,0.,-1.));
#6774=DIRECTION('',(-1.,0.,0.));
#6775=DIRECTION('',(0.,0.,-1.));
#6776=DIRECTION('',(-1.,0.,0.));
#6777=DIRECTION('',(0.,0.,1.));
#6778=DIRECTION('',(1.,0.,0.));
#6779=DIRECTION('',(0.,0.,1.));
#6780=DIRECTION('',(1.,0.,0.));
#6781=DIRECTION('',(-1.,0.,0.));
#6782=DIRECTION('',(0.,0.,1.));
#6783=DIRECTION('',(0.,1.,0.));
#6784=DIRECTION('',(0.,0.,1.));
#6785=DIRECTION('',(0.,-1.,0.));
#6786=DIRECTION('',(0.,0.,-1.));
#6787=DIRECTION('',(0.,-1.,0.));
#6788=DIRECTION('',(0.,-1.,0.));
#6789=DIRECTION('',(0.,0.,1.));
#6790=DIRECTION('',(1.,0.,0.));
#6791=DIRECTION('',(0.,0.,-1.));
#6792=DIRECTION('',(0.,0.,1.));
#6793=DIRECTION('',(0.,1.,0.));
#6794=DIRECTION('',(0.,0.,-1.));
#6795=DIRECTION('',(0.,-1.,0.));
#6796=DIRECTION('',(0.,-1.,0.));
#6797=DIRECTION('',(0.,0.,1.));
#6798=DIRECTION('',(0.,-1.,0.));
#6799=DIRECTION('',(1.,0.,6.93889390390723E-17));
#6800=DIRECTION('',(6.93889390390723E-17,0.,-1.));
#6801=DIRECTION('',(0.,1.,0.));
#6802=DIRECTION('',(0.,0.,-1.));
#6803=DIRECTION('',(0.,1.,0.));
#6804=DIRECTION('',(6.93889390390723E-17,0.,-1.));
#6805=DIRECTION('',(0.,1.,0.));
#6806=DIRECTION('',(6.93889390390723E-17,0.,-1.));
#6807=DIRECTION('',(1.,0.,0.));
#6808=DIRECTION('',(0.,0.,-1.));
#6809=DIRECTION('',(0.,1.,0.));
#6810=DIRECTION('',(0.,0.,-1.));
#6811=DIRECTION('',(0.,-1.,0.));
#6812=DIRECTION('',(0.,0.,-1.));
#6813=DIRECTION('',(0.,1.,0.));
#6814=DIRECTION('',(0.,0.,-1.));
#6815=DIRECTION('',(-0.707106781186548,0.,-0.707106781186547));
#6816=DIRECTION('',(0.,1.,0.));
#6817=DIRECTION('',(0.,-1.,0.));
#6818=DIRECTION('',(0.707106781186547,0.,-0.707106781186548));
#6819=DIRECTION('',(0.,1.,0.));
#6820=DIRECTION('',(-0.707106781186547,0.,0.707106781186548));
#6821=DIRECTION('',(0.,-1.,0.));
#6822=DIRECTION('',(0.707106781186547,0.,-0.707106781186548));
#6823=DIRECTION('',(0.,-1.,0.));
#6824=DIRECTION('',(-0.707106781186547,0.,0.707106781186548));
#6825=DIRECTION('',(0.707106781186548,0.,0.707106781186547));
#6826=DIRECTION('',(0.707106781186547,0.,-0.707106781186548));
#6827=DIRECTION('',(-0.707106781186548,0.,0.707106781186548));
#6828=DIRECTION('',(0.,-1.,0.));
#6829=DIRECTION('',(0.,-1.,0.));
#6830=DIRECTION('',(0.707106781186548,0.,0.707106781186548));
#6831=DIRECTION('',(0.,1.,0.));
#6832=DIRECTION('',(0.707106781186548,0.,0.707106781186548));
#6833=DIRECTION('',(0.,-1.,0.));
#6834=DIRECTION('',(0.707106781186548,0.,0.707106781186548));
#6835=DIRECTION('',(0.,-1.,0.));
#6836=DIRECTION('',(0.707106781186548,0.,0.707106781186548));
#6837=DIRECTION('',(-0.707106781186548,0.,0.707106781186548));
#6838=DIRECTION('',(0.707106781186548,0.,0.707106781186548));
#6839=DIRECTION('',(-0.707106781186548,0.,-0.707106781186547));
#6840=DIRECTION('',(0.,1.,0.));
#6841=DIRECTION('',(0.,-1.,0.));
#6842=DIRECTION('',(-0.707106781186547,0.,0.707106781186548));
#6843=DIRECTION('',(0.,-1.,0.));
#6844=DIRECTION('',(-0.707106781186547,0.,0.707106781186548));
#6845=DIRECTION('',(-0.707106781186548,0.,0.707106781186548));
#6846=DIRECTION('',(0.,-1.,0.));
#6847=DIRECTION('',(0.,-1.,0.));
#6848=DIRECTION('',(0.707106781186548,0.,0.707106781186548));
#6849=DIRECTION('',(0.,-1.,0.));
#6850=DIRECTION('',(0.707106781186548,0.,0.707106781186548));
#6851=DIRECTION('',(0.,-1.,0.));
#6852=DIRECTION('',(0.,0.,-1.));
#6853=DIRECTION('',(0.,-1.,0.));
#6854=DIRECTION('',(0.,0.,-1.));
#6855=DIRECTION('',(0.,-1.,0.));
#6856=DIRECTION('',(0.,0.,-1.));
#6857=DIRECTION('',(0.,-1.,0.));
#6858=DIRECTION('',(0.,0.,-1.));
#6859=DIRECTION('',(0.,-1.,0.));
#6860=DIRECTION('',(0.,0.,-1.));
#6861=DIRECTION('',(0.,-1.,0.));
#6862=DIRECTION('',(0.,-1.,0.));
#6863=DIRECTION('',(0.,0.,-1.));
#6864=DIRECTION('',(0.,-1.,0.));
#6865=DIRECTION('',(0.,0.,-1.));
#6866=DIRECTION('',(0.,1.,0.));
#6867=DIRECTION('',(0.,0.,1.));
#6868=DIRECTION('',(0.,-1.,0.));
#6869=DIRECTION('',(0.,0.,-1.));
#6870=DIRECTION('',(0.,-1.,0.));
#6871=DIRECTION('',(0.,0.,-1.));
#6872=DIRECTION('',(0.,-1.,0.));
#6873=DIRECTION('',(0.,0.,-1.));
#6874=DIRECTION('',(0.,-1.,0.));
#6875=DIRECTION('',(0.,0.,-1.));
#6876=DIRECTION('',(0.,-1.,0.));
#6877=DIRECTION('',(0.,-1.,0.));
#6878=DIRECTION('',(0.,0.,-1.));
#6879=DIRECTION('',(0.,-1.,0.));
#6880=DIRECTION('',(0.,0.,-1.));
#6881=DIRECTION('',(0.,0.,1.));
#6882=DIRECTION('',(1.,0.,0.));
#6883=DIRECTION('',(-0.5,0.866025403784439,0.));
#6884=DIRECTION('',(0.5,0.866025403784438,0.));
#6885=DIRECTION('',(1.,0.,0.));
#6886=DIRECTION('',(0.5,-0.866025403784439,0.));
#6887=DIRECTION('',(-0.5,-0.866025403784439,0.));
#6888=DIRECTION('',(-1.,0.,0.));
#6889=DIRECTION('',(-1.,0.,0.));
#6890=DIRECTION('',(1.,0.,0.));
#6891=DIRECTION('',(0.,-1.,0.));
#6892=DIRECTION('',(-0.64278760968654,0.766044443118978,0.));
#6893=DIRECTION('',(0.019640234120543,0.,0.999807111998955));
#6894=DIRECTION('',(0.999807111998955,0.,-0.019640234120543));
#6895=DIRECTION('',(-0.999807111998955,0.,0.019640234120543));
#6896=DIRECTION('',(0.,-1.,0.));
#6897=DIRECTION('',(0.999807111998955,0.,-0.019640234120543));
#6898=DIRECTION('',(0.,0.,-1.));
#6899=DIRECTION('',(1.,0.,0.));
#6900=DIRECTION('',(1.,0.,0.));
#6901=DIRECTION('',(1.,0.,0.));
#6902=DIRECTION('',(0.,0.,-1.));
#6903=DIRECTION('',(1.,0.,0.));
#6904=DIRECTION('',(1.,0.,0.));
#6905=DIRECTION('',(1.,0.,6.93889390390723E-17));
#6906=DIRECTION('',(6.93889390390723E-17,0.,-1.));
#6907=DIRECTION('',(6.93889390390723E-17,0.,-1.));
#6908=DIRECTION('',(0.,-1.,0.));
#6909=DIRECTION('',(1.,0.,6.93889390390723E-17));
#6910=DIRECTION('',(6.93889390390723E-17,0.,-1.));
#6911=DIRECTION('',(1.,0.,0.));
#6912=DIRECTION('',(0.,0.,-1.));
#6913=DIRECTION('',(0.,-1.,0.));
#6914=DIRECTION('',(0.,0.,-1.));
#6915=DIRECTION('',(1.,0.,0.));
#6916=DIRECTION('',(0.,0.,-1.));
#6917=DIRECTION('',(1.,0.,0.));
#6918=DIRECTION('',(0.,0.,-1.));
#6919=DIRECTION('',(1.,0.,0.));
#6920=DIRECTION('',(1.,0.,0.));
#6921=DIRECTION('',(1.,0.,0.));
#6922=DIRECTION('',(0.,0.,1.));
#6923=DIRECTION('',(1.,0.,0.));
#6924=DIRECTION('',(1.,0.,0.));
#6925=DIRECTION('',(0.,0.,1.));
#6926=DIRECTION('',(1.,0.,0.));
#6927=DIRECTION('',(1.,0.,0.));
#6928=DIRECTION('',(0.,-1.,0.));
#6929=DIRECTION('',(0.,0.,-1.));
#6930=DIRECTION('',(-0.707106781186548,0.,0.707106781186548));
#6931=DIRECTION('',(0.707106781186548,0.,0.707106781186548));
#6932=DIRECTION('',(-0.707106781186548,0.,0.707106781186548));
#6933=DIRECTION('',(0.707106781186548,0.,0.707106781186547));
#6934=DIRECTION('',(0.707106781186547,0.,-0.707106781186548));
#6935=DIRECTION('',(0.707106781186548,0.,0.707106781186547));
#6936=DIRECTION('',(1.,0.,0.));
#6937=DIRECTION('',(0.,0.,1.));
#6938=DIRECTION('',(1.,0.,0.));
#6939=DIRECTION('',(-1.,0.,0.));
#6940=DIRECTION('',(0.,0.,-1.));
#6941=DIRECTION('',(-1.7347234759768E-16,0.,1.));
#6942=DIRECTION('',(1.,0.,0.));
#6943=DIRECTION('',(-1.9515639104739E-16,0.,1.));
#6944=DIRECTION('',(1.,0.,0.));
#6945=DIRECTION('',(-1.,0.,0.));
#6946=DIRECTION('',(0.,0.,1.));
#6947=DIRECTION('',(-1.,0.,0.));
#6948=DIRECTION('',(0.,0.,1.));
#6949=DIRECTION('',(-1.,0.,0.));
#6950=DIRECTION('',(0.,0.,1.));
#6951=DIRECTION('',(-1.,0.,0.));
#6952=DIRECTION('',(0.,0.,1.));
#6953=DIRECTION('',(1.,0.,0.));
#6954=DIRECTION('',(-1.,0.,0.));
#6955=DIRECTION('',(0.,0.,1.));
#6956=DIRECTION('',(1.,0.,0.));
#6957=DIRECTION('',(0.,-1.,0.));
#6958=DIRECTION('',(1.,0.,0.));
#6959=DIRECTION('',(0.,-1.,0.));
#6960=DIRECTION('',(0.,0.,-1.));
#6961=DIRECTION('',(0.,-1.,0.));
#6962=DIRECTION('',(0.,0.,-1.));
#6963=DIRECTION('',(-0.707106781186547,0.,-0.707106781186548));
#6964=DIRECTION('',(0.,-1.,0.));
#6965=DIRECTION('',(0.,0.,-1.));
#6966=DIRECTION('',(1.,0.,0.));
#6967=DIRECTION('',(0.,-1.,0.));
#6968=DIRECTION('',(0.,0.,-1.));
#6969=DIRECTION('',(0.707106781186548,0.,-0.707106781186548));
#6970=DIRECTION('',(0.,0.,-1.));
#6971=DIRECTION('',(0.,-1.,0.));
#6972=DIRECTION('',(0.,0.,-1.));
#6973=DIRECTION('',(0.707106781186548,0.,0.707106781186548));
#6974=DIRECTION('',(0.,-1.,0.));
#6975=DIRECTION('',(0.,0.,-1.));
#6976=DIRECTION('',(0.,-1.,0.));
#6977=DIRECTION('',(0.,0.,-1.));
#6978=DIRECTION('',(-0.707106781186547,0.,0.707106781186548));
#6979=DIRECTION('',(0.,-1.,0.));
#6980=DIRECTION('',(0.,0.,-1.));
#6981=DIRECTION('',(6.93889390390723E-17,0.,-1.));
#6982=DIRECTION('',(0.,-1.,0.));
#6983=DIRECTION('',(0.,0.,-1.));
#6984=DIRECTION('',(0.,-1.,0.));
#6985=DIRECTION('',(0.,0.,-1.));
#6986=DIRECTION('',(-1.,0.,0.));
#6987=DIRECTION('',(0.,-1.,0.));
#6988=DIRECTION('',(0.,0.,-1.));
#6989=DIRECTION('',(0.,-1.,0.));
#6990=DIRECTION('',(0.,0.,-1.));
#6991=DIRECTION('',(-0.863898624844553,0.,0.503665728426792));
#6992=DIRECTION('',(0.,-1.,0.));
#6993=DIRECTION('',(0.,0.,-1.));
#6994=DIRECTION('',(-1.,0.,7.98859533030996E-17));
#6995=DIRECTION('',(0.,-1.,0.));
#6996=DIRECTION('',(0.,0.,-1.));
#6997=DIRECTION('',(-0.863898624844553,0.,-0.503665728426792));
#6998=DIRECTION('',(0.,-1.,0.));
#6999=DIRECTION('',(0.,0.,-1.));
#7000=DIRECTION('',(0.,1.,0.));
#7001=DIRECTION('',(0.,0.,1.));
#7002=DIRECTION('',(0.,1.,0.));
#7003=DIRECTION('',(0.,1.,0.));
#7004=DIRECTION('',(0.,1.,0.));
#7005=DIRECTION('',(0.,0.,1.));
#7006=DIRECTION('',(0.,1.,0.));
#7007=DIRECTION('',(0.,0.,1.));
#7008=DIRECTION('',(0.,1.,0.));
#7009=DIRECTION('',(-0.503665728426792,0.,-0.863898624844553));
#7010=DIRECTION('',(-0.863898624844553,0.,0.503665728426792));
#7011=DIRECTION('',(-0.863898624844553,0.,0.503665728426792));
#7012=DIRECTION('',(0.,1.,0.));
#7013=DIRECTION('',(0.,-1.,0.));
#7014=DIRECTION('',(0.,0.,-1.));
#7015=DIRECTION('',(0.,1.,0.));
#7016=DIRECTION('',(0.,0.,1.));
#7017=DIRECTION('',(0.,1.,0.));
#7018=DIRECTION('',(-7.98859533030996E-17,0.,-1.));
#7019=DIRECTION('',(-1.,0.,7.98859533030996E-17));
#7020=DIRECTION('',(-1.,0.,7.98859533030996E-17));
#7021=DIRECTION('',(0.,1.,0.));
#7022=DIRECTION('',(0.,-1.,0.));
#7023=DIRECTION('',(0.,0.,-1.));
#7024=DIRECTION('',(0.,1.,0.));
#7025=DIRECTION('',(0.,0.,1.));
#7026=DIRECTION('',(0.,1.,0.));
#7027=DIRECTION('',(0.503665728426792,0.,-0.863898624844553));
#7028=DIRECTION('',(-0.863898624844553,0.,-0.503665728426792));
#7029=DIRECTION('',(-0.863898624844553,0.,-0.503665728426792));
#7030=DIRECTION('',(0.,1.,0.));
#7031=DIRECTION('',(0.,-1.,0.));
#7032=DIRECTION('',(0.,0.,-1.));
#7033=DIRECTION('',(0.,1.,0.));
#7034=DIRECTION('',(0.,0.,1.));
#7035=DIRECTION('',(0.,1.,0.));
#7036=DIRECTION('',(0.,1.,0.));
#7037=DIRECTION('',(0.,0.,1.));
#7038=DIRECTION('',(0.,1.,0.));
#7039=DIRECTION('',(0.,0.,1.));
#7040=DIRECTION('',(0.,1.,0.));
#7041=DIRECTION('',(0.,0.,-1.));
#7042=DIRECTION('',(-1.,0.,0.));
#7043=DIRECTION('',(1.,0.,0.));
#7044=DIRECTION('',(0.,1.,0.));
#7045=DIRECTION('',(0.,0.,1.));
#7046=DIRECTION('',(0.,1.,0.));
#7047=DIRECTION('',(0.,0.,1.));
#7048=DIRECTION('',(0.,1.,0.));
#7049=DIRECTION('',(0.,-1.,0.));
#7050=DIRECTION('',(0.,1.,0.));
#7051=DIRECTION('',(0.,0.,1.));
#7052=DIRECTION('',(0.,-1.,0.));
#7053=DIRECTION('',(0.,1.,0.));
#7054=DIRECTION('',(0.,0.,1.));
#7055=DIRECTION('',(0.,-1.,0.));
#7056=DIRECTION('',(0.,0.,1.));
#7057=DIRECTION('',(1.,0.,0.));
#7058=DIRECTION('',(1.,0.,0.));
#7059=DIRECTION('',(-6.93889390390723E-17,0.,1.));
#7060=DIRECTION('',(1.,0.,6.93889390390723E-17));
#7061=DIRECTION('',(0.707106781186548,0.,-0.707106781186547));
#7062=DIRECTION('',(0.707106781186547,0.,0.707106781186548));
#7063=DIRECTION('',(0.,0.,1.));
#7064=DIRECTION('',(1.,0.,0.));
#7065=DIRECTION('',(0.707106781186548,0.,-0.707106781186547));
#7066=DIRECTION('',(0.,-1.,0.));
#7067=DIRECTION('',(0.707106781186547,0.,0.707106781186548));
#7068=DIRECTION('',(0.707106781186548,0.,0.707106781186548));
#7069=DIRECTION('',(0.,1.,0.));
#7070=DIRECTION('',(-0.707106781186548,0.,0.707106781186548));
#7071=DIRECTION('',(0.707106781186548,0.,0.707106781186548));
#7072=DIRECTION('',(0.707106781186548,0.,-0.707106781186548));
#7073=DIRECTION('',(0.,0.,-1.));
#7074=DIRECTION('',(-1.,0.,0.));
#7075=DIRECTION('',(0.,0.,-1.));
#7076=DIRECTION('',(-1.,0.,0.));
#7077=DIRECTION('',(0.707106781186547,0.,-0.707106781186548));
#7078=DIRECTION('',(-0.707106781186548,0.,-0.707106781186547));
#7079=DIRECTION('',(-0.707106781186547,2.54044371315054E-16,0.707106781186548));
#7080=DIRECTION('',(0.707106781186548,0.,0.707106781186547));
#7081=DIRECTION('',(-0.707106781186547,2.54044371315056E-16,0.707106781186548));
#7082=DIRECTION('',(0.707106781186548,0.,0.707106781186547));
#7083=DIRECTION('',(-0.707106781186548,0.,-0.707106781186548));
#7084=DIRECTION('',(-0.707106781186548,0.,0.707106781186548));
#7085=DIRECTION('',(-0.707106781186548,2.03235497052043E-15,-0.707106781186547));
#7086=DIRECTION('',(-0.707106781186547,0.,0.707106781186548));
#7087=DIRECTION('',(-0.707106781186548,2.03235497052043E-15,-0.707106781186547));
#7088=DIRECTION('',(-0.707106781186547,0.,0.707106781186548));
#7089=DIRECTION('',(0.,-1.,0.));
#7090=DIRECTION('',(0.,0.,-1.));
#7091=DIRECTION('',(0.,-1.,0.));
#7092=DIRECTION('',(0.,0.,-1.));
#7093=DIRECTION('',(0.,-1.,0.));
#7094=DIRECTION('',(0.,0.,-1.));
#7095=DIRECTION('',(0.,0.,1.));
#7096=DIRECTION('',(1.,0.,0.));
#7097=DIRECTION('',(0.866025403784437,0.5,0.));
#7098=DIRECTION('',(0.86602540378444,-0.5,0.));
#7099=DIRECTION('',(4.07407348810079E-15,-1.,0.));
#7100=DIRECTION('',(-0.866025403784437,-0.5,0.));
#7101=DIRECTION('',(-0.86602540378444,0.5,0.));
#7102=DIRECTION('',(-2.0370367440504E-15,1.,0.));
#7103=DIRECTION('',(1.,0.,0.));
#7104=DIRECTION('',(0.,1.,0.));
#7105=DIRECTION('',(1.,0.,0.));
#7106=DIRECTION('',(0.,1.,0.));
#7107=DIRECTION('',(1.,0.,0.));
#7108=DIRECTION('',(0.,-1.,0.));
#7109=DIRECTION('',(0.,0.,-1.));
#7110=DIRECTION('',(0.,-1.,0.));
#7111=DIRECTION('',(1.,0.,0.));
#7112=DIRECTION('',(0.,0.,-1.));
#7113=DIRECTION('',(0.,0.,-1.));
#7114=DIRECTION('',(-1.,0.,0.));
#7115=DIRECTION('',(0.,1.,0.));
#7116=DIRECTION('',(0.,0.,1.));
#7117=DIRECTION('',(0.,1.,0.));
#7118=DIRECTION('',(0.,0.,1.));
#7119=DIRECTION('',(0.,1.,0.));
#7120=DIRECTION('',(0.,0.,1.));
#7121=DIRECTION('',(0.,-1.,0.));
#7122=DIRECTION('',(0.,0.,-1.));
#7123=DIRECTION('',(0.,-1.,0.));
#7124=DIRECTION('',(0.,0.,-1.));
#7125=DIRECTION('',(1.,0.,1.7347234759768E-16));
#7126=DIRECTION('',(1.7347234759768E-16,0.,-1.));
#7127=DIRECTION('',(0.,-1.,0.));
#7128=DIRECTION('',(-1.7347234759768E-16,0.,1.));
#7129=DIRECTION('',(0.,-1.,0.));
#7130=DIRECTION('',(0.,0.,-1.));
#7131=DIRECTION('',(-1.,0.,0.));
#7132=DIRECTION('',(0.,-1.,0.));
#7133=DIRECTION('',(1.,0.,0.));
#7134=DIRECTION('',(1.,0.,1.9515639104739E-16));
#7135=DIRECTION('',(1.9515639104739E-16,0.,-1.));
#7136=DIRECTION('',(0.,-1.,0.));
#7137=DIRECTION('',(-1.9515639104739E-16,0.,1.));
#7138=DIRECTION('',(0.,0.,-1.));
#7139=DIRECTION('',(-1.,0.,0.));
#7140=DIRECTION('',(1.,0.,0.));
#7141=DIRECTION('',(0.,-1.,0.));
#7142=DIRECTION('',(1.,0.,0.));
#7143=DIRECTION('',(0.,0.,1.));
#7144=DIRECTION('',(1.,0.,0.));
#7145=DIRECTION('',(0.,-1.,0.));
#7146=DIRECTION('',(-1.,0.,0.));
#7147=DIRECTION('',(0.,-1.,0.));
#7148=DIRECTION('',(1.,0.,0.));
#7149=DIRECTION('',(0.,0.,-1.));
#7150=DIRECTION('',(0.,-1.,0.));
#7151=DIRECTION('',(0.,0.,1.));
#7152=DIRECTION('',(0.,0.,1.));
#7153=DIRECTION('',(1.,0.,0.));
#7154=DIRECTION('',(0.,-1.,0.));
#7155=DIRECTION('',(-1.,0.,0.));
#7156=DIRECTION('',(1.,0.,0.));
#7157=DIRECTION('',(0.,0.,-1.));
#7158=DIRECTION('',(0.,0.,1.));
#7159=DIRECTION('',(0.,-1.,0.));
#7160=DIRECTION('',(1.,0.,0.));
#7161=DIRECTION('',(-0.707106781186547,0.,0.707106781186548));
#7162=DIRECTION('',(0.707106781186548,0.,0.707106781186547));
#7163=DIRECTION('',(0.,-1.,0.));
#7164=DIRECTION('',(0.707106781186548,0.,0.707106781186547));
#7165=DIRECTION('',(0.,-1.,0.));
#7166=DIRECTION('',(0.,0.,-1.));
#7167=DIRECTION('',(0.707106781186547,0.,-0.707106781186548));
#7168=DIRECTION('',(0.707106781186548,0.,0.707106781186547));
#7169=DIRECTION('',(-0.707106781186547,0.,0.707106781186548));
#7170=DIRECTION('',(0.707106781186548,0.,0.707106781186547));
#7171=DIRECTION('',(0.,-1.,0.));
#7172=DIRECTION('',(0.707106781186548,0.,0.707106781186547));
#7173=DIRECTION('',(0.707106781186547,0.,-0.707106781186548));
#7174=DIRECTION('',(0.707106781186548,0.,0.707106781186547));
#7175=DIRECTION('',(0.707106781186547,0.,-0.707106781186548));
#7176=DIRECTION('',(0.707106781186548,0.,0.707106781186547));
#7177=DIRECTION('',(0.,1.,0.));
#7178=DIRECTION('',(-0.707106781186548,0.,-0.707106781186548));
#7179=DIRECTION('',(-0.707106781186548,0.,0.707106781186548));
#7180=DIRECTION('',(-0.707106781186548,0.,0.707106781186548));
#7181=DIRECTION('',(0.,-1.,0.));
#7182=DIRECTION('',(-0.707106781186548,0.,-0.707106781186548));
#7183=DIRECTION('',(-0.707106781186548,0.,0.707106781186548));
#7184=DIRECTION('',(0.,-1.,0.));
#7185=DIRECTION('',(-0.707106781186548,0.,0.707106781186548));
#7186=DIRECTION('',(0.,-1.,0.));
#7187=DIRECTION('',(0.,0.,-1.));
#7188=DIRECTION('',(0.707106781186548,0.,0.707106781186548));
#7189=DIRECTION('',(-0.707106781186548,0.,0.707106781186548));
#7190=DIRECTION('',(0.707106781186548,0.,0.707106781186548));
#7191=DIRECTION('',(-0.707106781186548,0.,0.707106781186548));
#7192=DIRECTION('',(0.707106781186548,0.,0.707106781186548));
#7193=DIRECTION('',(-0.707106781186548,0.,0.707106781186548));
#7194=DIRECTION('',(0.,-1.,0.));
#7195=DIRECTION('',(0.,0.,-1.));
#7196=DIRECTION('',(-1.,0.,0.));
#7197=DIRECTION('',(-0.866025403784437,-0.5,0.));
#7198=DIRECTION('',(2.0370367440504E-15,-1.,0.));
#7199=DIRECTION('',(0.86602540378444,-0.5,0.));
#7200=DIRECTION('',(0.866025403784437,0.5,0.));
#7201=DIRECTION('',(-4.07407348810079E-15,1.,0.));
#7202=DIRECTION('',(-0.86602540378444,0.5,0.));
#7203=DIRECTION('',(0.,1.,0.));
#7204=DIRECTION('',(-1.,0.,0.));
#7205=DIRECTION('',(0.,1.,0.));
#7206=DIRECTION('',(1.,0.,0.));
#7207=DIRECTION('',(0.,0.,-1.));
#7208=DIRECTION('',(0.,0.,-1.));
#7209=DIRECTION('',(1.,0.,0.));
#7210=DIRECTION('',(0.,0.,-1.));
#7211=DIRECTION('',(0.,0.,-1.));
#7212=DIRECTION('',(0.,-1.,0.));
#7213=DIRECTION('',(1.,0.,0.));
#7214=DIRECTION('',(0.5,-0.866025403784437,0.));
#7215=DIRECTION('',(0.866025403784437,0.5,0.));
#7216=DIRECTION('',(0.,0.,1.));
#7217=DIRECTION('',(0.,0.,1.));
#7218=DIRECTION('',(1.,2.0370367440504E-15,0.));
#7219=DIRECTION('',(-2.0370367440504E-15,1.,0.));
#7220=DIRECTION('',(0.,0.,1.));
#7221=DIRECTION('',(0.5,0.86602540378444,0.));
#7222=DIRECTION('',(-0.86602540378444,0.5,0.));
#7223=DIRECTION('',(0.,0.,1.));
#7224=DIRECTION('',(-0.5,0.866025403784437,0.));
#7225=DIRECTION('',(-0.866025403784437,-0.5,0.));
#7226=DIRECTION('',(0.,0.,1.));
#7227=DIRECTION('',(-1.,-4.07407348810079E-15,0.));
#7228=DIRECTION('',(4.07407348810079E-15,-1.,0.));
#7229=DIRECTION('',(0.,0.,1.));
#7230=DIRECTION('',(-0.5,-0.86602540378444,0.));
#7231=DIRECTION('',(0.86602540378444,-0.5,0.));
#7232=DIRECTION('',(0.,0.,1.));
#7233=DIRECTION('',(1.,0.,0.));
#7234=DIRECTION('',(0.5,0.866025403784438,0.));
#7235=DIRECTION('',(-0.5,0.866025403784439,0.));
#7236=DIRECTION('',(-1.,0.,0.));
#7237=DIRECTION('',(-0.5,-0.866025403784439,0.));
#7238=DIRECTION('',(0.5,-0.866025403784439,0.));
#7239=DIRECTION('',(1.,0.,0.));
#7240=DIRECTION('',(-0.64278760968654,0.766044443118978,0.));
#7241=DIRECTION('',(0.,1.,0.));
#7242=DIRECTION('',(1.,0.,0.));
#7243=DIRECTION('',(0.,1.,0.));
#7244=DIRECTION('',(0.,0.,-1.));
#7245=DIRECTION('',(0.866025403784439,0.5,0.));
#7246=DIRECTION('',(-0.5,0.866025403784439,0.));
#7247=DIRECTION('',(0.,0.,1.));
#7248=DIRECTION('',(0.,0.,1.));
#7249=DIRECTION('',(0.,1.,0.));
#7250=DIRECTION('',(0.,0.,1.));
#7251=DIRECTION('',(0.,0.,1.));
#7252=DIRECTION('',(-0.866025403784439,0.5,0.));
#7253=DIRECTION('',(-0.5,-0.866025403784439,0.));
#7254=DIRECTION('',(0.,0.,1.));
#7255=DIRECTION('',(-0.866025403784439,-0.5,0.));
#7256=DIRECTION('',(0.5,-0.866025403784439,0.));
#7257=DIRECTION('',(0.,0.,1.));
#7258=DIRECTION('',(0.,-1.,0.));
#7259=DIRECTION('',(0.,0.,-1.));
#7260=DIRECTION('',(0.,0.,1.));
#7261=DIRECTION('',(0.866025403784438,-0.5,0.));
#7262=DIRECTION('',(0.5,0.866025403784438,0.));
#7263=DIRECTION('',(0.,0.,-1.));
#7264=DIRECTION('',(-1.,0.,0.));
#7265=DIRECTION('',(-0.5,0.866025403784439,0.));
#7266=DIRECTION('',(-1.,0.,0.));
#7267=DIRECTION('',(-0.5,-0.866025403784439,0.));
#7268=DIRECTION('',(0.5,-0.866025403784439,0.));
#7269=DIRECTION('',(1.,0.,0.));
#7270=DIRECTION('',(0.5,0.866025403784438,0.));
#7271=DIRECTION('',(0.,1.,0.));
#7272=DIRECTION('',(0.642787609686539,0.766044443118978,0.));
#7273=DIRECTION('',(0.,0.,1.));
#7274=DIRECTION('',(1.,0.,0.));
#7275=DIRECTION('',(0.5,-0.866025403784439,0.));
#7276=DIRECTION('',(-0.5,-0.866025403784438,0.));
#7277=DIRECTION('',(-1.,0.,0.));
#7278=DIRECTION('',(-0.5,0.866025403784439,0.));
#7279=DIRECTION('',(0.5,0.866025403784439,0.));
#7280=DIRECTION('',(1.,0.,0.));
#7281=DIRECTION('',(0.642787609686539,0.766044443118978,0.));
#7282=DIRECTION('',(0.,-1.,0.));
#7283=DIRECTION('',(-1.,0.,0.));
#7284=DIRECTION('',(0.,-1.,0.));
#7285=DIRECTION('',(0.,0.,-1.));
#7286=DIRECTION('',(-0.866025403784439,-0.5,0.));
#7287=DIRECTION('',(0.5,-0.866025403784439,0.));
#7288=DIRECTION('',(0.,0.,1.));
#7289=DIRECTION('',(0.,0.,1.));
#7290=DIRECTION('',(0.,-1.,0.));
#7291=DIRECTION('',(0.,0.,-1.));
#7292=DIRECTION('',(0.,0.,1.));
#7293=DIRECTION('',(0.866025403784439,-0.5,0.));
#7294=DIRECTION('',(0.5,0.866025403784439,0.));
#7295=DIRECTION('',(0.,0.,1.));
#7296=DIRECTION('',(0.866025403784439,0.5,0.));
#7297=DIRECTION('',(-0.5,0.866025403784439,0.));
#7298=DIRECTION('',(0.,0.,1.));
#7299=DIRECTION('',(0.,1.,0.));
#7300=DIRECTION('',(0.,0.,1.));
#7301=DIRECTION('',(0.,0.,1.));
#7302=DIRECTION('',(-0.866025403784438,0.5,0.));
#7303=DIRECTION('',(-0.5,-0.866025403784438,0.));
#7304=DIRECTION('',(0.766044443118978,-0.642787609686539,0.));
#7305=DIRECTION('',(0.642787609686539,0.766044443118978,0.));
#7306=DIRECTION('',(0.766044443118978,0.64278760968654,0.));
#7307=DIRECTION('',(-0.64278760968654,0.766044443118978,0.));
#7308=DIRECTION('',(0.,0.,1.));
#7309=DIRECTION('',(1.,0.,0.));
#7310=DIRECTION('',(0.,1.,0.));
#7311=DIRECTION('',(0.,0.,1.));
#7312=DIRECTION('',(1.,0.,0.));
#7313=DIRECTION('',(0.,0.,-1.));
#7314=DIRECTION('',(1.,0.,0.));
#7315=DIRECTION('',(0.,0.,-1.));
#7316=DIRECTION('',(1.,0.,0.));
#7317=DIRECTION('',(0.,0.,-1.));
#7318=DIRECTION('',(0.,-1.,0.));
#7319=DIRECTION('',(0.,0.,-1.));
#7320=DIRECTION('',(0.,-1.,0.));
#7321=DIRECTION('',(0.,1.,0.));
#7322=DIRECTION('',(0.,0.,1.));
#7323=DIRECTION('',(1.,0.,0.));
#7324=DIRECTION('',(0.,0.,-1.));
#7325=DIRECTION('',(1.,0.,0.));
#7326=DIRECTION('',(1.,0.,0.));
#7327=DIRECTION('',(0.,0.,-1.));
#7328=DIRECTION('',(0.,-1.,0.));
#7329=DIRECTION('',(0.,-1.,0.));
#7330=DIRECTION('',(0.,0.,1.));
#7331=DIRECTION('',(1.,0.,0.));
#7332=DIRECTION('',(0.,0.,1.));
#7333=DIRECTION('',(1.,0.,0.));
#7334=CARTESIAN_POINT('',(0.,0.,0.));
#7335=CARTESIAN_POINT('',(-0.248642993271351,-0.194056272244777,0.0025));
#7336=CARTESIAN_POINT('',(-0.248642993271351,-0.194056272244777,0.));
#7337=CARTESIAN_POINT('',(-0.253642993271351,-0.194056272244777,0.));
#7338=CARTESIAN_POINT('',(-0.233642993271351,-0.194056272244777,0.));
#7339=CARTESIAN_POINT('',(-0.253642993271351,-0.194056272244777,0.0025));
#7340=CARTESIAN_POINT('',(-0.253642993271351,-0.194056272244777,0.0025));
#7341=CARTESIAN_POINT('',(-0.248642993271351,-0.194056272244777,0.0025));
#7342=CARTESIAN_POINT('',(-0.233642993271351,-0.194056272244777,0.0025));
#7343=CARTESIAN_POINT('',(-0.233642993271351,-0.194056272244777,0.0025));
#7344=CARTESIAN_POINT('',(-0.253642993271351,-0.199056272244777,0.0025));
#7345=CARTESIAN_POINT('',(-0.253642993271351,-0.199056272244777,0.));
#7346=CARTESIAN_POINT('',(-0.253642993271351,-0.204056272244777,0.));
#7347=CARTESIAN_POINT('',(-0.253642993271351,-0.204056272244777,0.0025));
#7348=CARTESIAN_POINT('',(-0.253642993271351,-0.204056272244777,0.0025));
#7349=CARTESIAN_POINT('',(-0.253642993271351,-0.199056272244777,0.0025));
#7350=CARTESIAN_POINT('',(-0.248642993271351,-0.204056272244777,0.0025));
#7351=CARTESIAN_POINT('',(-0.248642993271351,-0.204056272244777,0.));
#7352=CARTESIAN_POINT('',(-0.233642993271351,-0.204056272244777,0.));
#7353=CARTESIAN_POINT('',(-0.233642993271351,-0.204056272244777,0.0025));
#7354=CARTESIAN_POINT('',(-0.233642993271351,-0.204056272244777,0.0025));
#7355=CARTESIAN_POINT('',(-0.248642993271351,-0.204056272244777,0.0025));
#7356=CARTESIAN_POINT('',(-0.233642993271351,-0.199056272244777,0.0025));
#7357=CARTESIAN_POINT('',(-0.233642993271351,-0.199056272244777,0.));
#7358=CARTESIAN_POINT('',(-0.233642993271351,-0.199056272244777,0.0025));
#7359=CARTESIAN_POINT('',(-0.248642993271351,-0.199056272244777,0.0025));
#7360=CARTESIAN_POINT('',(-0.248642993271351,-0.199056272244777,0.0025));
#7361=CARTESIAN_POINT('',(-0.246892993271351,-0.199056272244777,0.0025));
#7362=CARTESIAN_POINT('',(-0.248642993271351,-0.199056272244777,0.));
#7363=CARTESIAN_POINT('',(-0.246892993271351,-0.199056272244777,0.));
#7364=CARTESIAN_POINT('',(-0.238642993271351,-0.199056272244777,0.0025));
#7365=CARTESIAN_POINT('',(-0.238642993271351,-0.199056272244777,0.0025));
#7366=CARTESIAN_POINT('',(-0.236892993271351,-0.199056272244777,0.0025));
#7367=CARTESIAN_POINT('',(-0.238642993271351,-0.199056272244777,0.));
#7368=CARTESIAN_POINT('',(-0.236892993271351,-0.199056272244777,0.));
#7369=CARTESIAN_POINT('',(-0.243642993271351,-0.199056272244777,0.0025));
#7370=CARTESIAN_POINT('',(-0.243642993271351,-0.199056272244777,0.));
#7371=CARTESIAN_POINT('',(0.,0.,0.));
#7372=CARTESIAN_POINT('',(-0.0108125975197498,-0.0048,-0.100967220550453));
#7373=CARTESIAN_POINT('',(-0.0108125975197498,-0.0048,-0.087447817118343));
#7374=CARTESIAN_POINT('',(-0.0108125975197498,-0.175,-0.087447817118343));
#7375=CARTESIAN_POINT('',(-0.0108125975197498,-0.25,-0.087447817118343));
#7376=CARTESIAN_POINT('',(-0.0108125975197498,-0.175,-0.088697817118343));
#7377=CARTESIAN_POINT('',(-0.0108125975197498,-0.175,-0.089947817118343));
#7378=CARTESIAN_POINT('',(-0.0108125975197498,-0.17,-0.089947817118343));
#7379=CARTESIAN_POINT('',(-0.0108125975197498,-0.165,-0.089947817118343));
#7380=CARTESIAN_POINT('',(-0.0108125975197498,-0.165,-0.100967220550453));
#7381=CARTESIAN_POINT('',(-0.0108125975197498,-0.165,-0.112447335936129));
#7382=CARTESIAN_POINT('',(-0.0108125975197498,-0.0048,-0.112447335936129));
#7383=CARTESIAN_POINT('',(-0.0108125975197498,-0.25,-0.112447335936129));
#7384=CARTESIAN_POINT('',(-0.0108125975197498,-0.25,-0.100967220550453));
#7385=CARTESIAN_POINT('',(-0.0527500003533143,-0.0048,-0.0884871051647768));
#7386=CARTESIAN_POINT('',(-0.0527500003533143,-0.165,-0.0884871051647768));
#7387=CARTESIAN_POINT('',(-0.0527500003533143,-0.165,-0.0902709408319822));
#7388=CARTESIAN_POINT('',(-0.0527500003533143,-0.165,-0.112447335936129));
#7389=CARTESIAN_POINT('',(-0.0527500003533143,-0.17,-0.0902709408319822));
#7390=CARTESIAN_POINT('',(-0.0527500003533143,-0.175,-0.0902709408319822));
#7391=CARTESIAN_POINT('',(-0.0527500003533143,-0.175,-0.0888790229983795));
#7392=CARTESIAN_POINT('',(-0.0527500003533143,-0.175,-0.0874871051647768));
#7393=CARTESIAN_POINT('',(-0.0527500003533143,-0.0048,-0.0874871051647768));
#7394=CARTESIAN_POINT('',(-0.0527500003533143,-0.25,-0.0874871051647768));
#7395=CARTESIAN_POINT('',(-0.0527500003533143,-0.25,-0.0884871051647768));
#7396=CARTESIAN_POINT('',(-0.0527500003533143,-0.25,-0.112447335936129));
#7397=CARTESIAN_POINT('',(-0.0527500003533143,-0.0048,-0.112447335936129));
#7398=CARTESIAN_POINT('',(-0.031781298936532,-0.5,-0.217447335936129));
#7399=CARTESIAN_POINT('',(-0.036881298936532,-0.25,-0.217447335936129));
#7400=CARTESIAN_POINT('',(-0.036881298936532,-0.25,-0.217447335936129));
#7401=CARTESIAN_POINT('',(-0.036881298936532,-0.2399,-0.217447335936129));
#7402=CARTESIAN_POINT('',(-0.031781298936532,-0.25,-0.217447335936129));
#7403=CARTESIAN_POINT('',(-0.0534970276890701,-0.25,-0.217447335936129));
#7404=CARTESIAN_POINT('',(-0.0534970276890701,-0.165,-0.217447335936129));
#7405=CARTESIAN_POINT('',(-0.0534970276890701,-0.165,-0.217447335936129));
#7406=CARTESIAN_POINT('',(-0.031781298936532,-0.165,-0.217447335936129));
#7407=CARTESIAN_POINT('',(-0.0100655701839939,-0.165,-0.217447335936129));
#7408=CARTESIAN_POINT('',(-0.0100655701839939,-0.335,-0.217447335936129));
#7409=CARTESIAN_POINT('',(-0.0100655701839939,-0.25,-0.217447335936129));
#7410=CARTESIAN_POINT('',(-0.031781298936532,-0.25,-0.217447335936129));
#7411=CARTESIAN_POINT('',(-0.0266812989365321,-0.25,-0.217447335936129));
#7412=CARTESIAN_POINT('',(-0.0266812989365321,-0.24495,-0.217447335936129));
#7413=CARTESIAN_POINT('',(-0.0266812989365321,-0.2399,-0.217447335936129));
#7414=CARTESIAN_POINT('',(-0.031781298936532,-0.2399,-0.217447335936129));
#7415=CARTESIAN_POINT('',(-0.033256298936532,-0.247504774941164,-0.192447335936129));
#7416=CARTESIAN_POINT('',(-0.033256298936532,-0.247504774941164,-0.214747335936129));
#7417=CARTESIAN_POINT('',(-0.031781298936532,-0.248356366588219,-0.214747335936129));
#7418=CARTESIAN_POINT('',(-0.034731298936532,-0.246653183294109,-0.214747335936129));
#7419=CARTESIAN_POINT('',(-0.034731298936532,-0.246653183294109,-0.192447335936129));
#7420=CARTESIAN_POINT('',(-0.034731298936532,-0.246653183294109,-0.212447335936129));
#7421=CARTESIAN_POINT('',(0.0771835906810788,-0.311267274941164,-0.212447335936129));
#7422=CARTESIAN_POINT('',(-0.031781298936532,-0.248356366588218,-0.212447335936129));
#7423=CARTESIAN_POINT('',(-0.031781298936532,-0.248356366588219,-0.192447335936129));
#7424=CARTESIAN_POINT('',(-0.034731298936532,-0.24495,-0.192447335936129));
#7425=CARTESIAN_POINT('',(-0.034731298936532,-0.24495,-0.214747335936129));
#7426=CARTESIAN_POINT('',(-0.034731298936532,-0.243246816705891,-0.214747335936129));
#7427=CARTESIAN_POINT('',(-0.034731298936532,-0.243246816705891,-0.192447335936129));
#7428=CARTESIAN_POINT('',(-0.034731298936532,-0.243246816705891,-0.212447335936129));
#7429=CARTESIAN_POINT('',(-0.034731298936532,-0.5,-0.212447335936129));
#7430=CARTESIAN_POINT('',(-0.033256298936532,-0.242395225058836,-0.192447335936129));
#7431=CARTESIAN_POINT('',(-0.033256298936532,-0.242395225058836,-0.214747335936129));
#7432=CARTESIAN_POINT('',(-0.031781298936532,-0.241543633411781,-0.214747335936129));
#7433=CARTESIAN_POINT('',(-0.031781298936532,-0.241543633411781,-0.192447335936129));
#7434=CARTESIAN_POINT('',(-0.031781298936532,-0.241543633411781,-0.212447335936129));
#7435=CARTESIAN_POINT('',(-0.143696188554143,-0.306157725058836,-0.212447335936129));
#7436=CARTESIAN_POINT('',(-0.0303062989365321,-0.242395225058836,-0.192447335936129));
#7437=CARTESIAN_POINT('',(-0.0303062989365321,-0.242395225058836,-0.214747335936129));
#7438=CARTESIAN_POINT('',(-0.0288312989365321,-0.243246816705891,-0.214747335936129));
#7439=CARTESIAN_POINT('',(-0.0288312989365321,-0.243246816705891,-0.192447335936129));
#7440=CARTESIAN_POINT('',(-0.0288312989365321,-0.243246816705891,-0.212447335936129));
#7441=CARTESIAN_POINT('',(0.0801335906810786,-0.306157725058836,-0.212447335936129));
#7442=CARTESIAN_POINT('',(-0.0288312989365321,-0.24495,-0.192447335936129));
#7443=CARTESIAN_POINT('',(-0.0288312989365321,-0.24495,-0.214747335936129));
#7444=CARTESIAN_POINT('',(-0.0288312989365321,-0.246653183294109,-0.214747335936129));
#7445=CARTESIAN_POINT('',(-0.0288312989365321,-0.246653183294109,-0.192447335936129));
#7446=CARTESIAN_POINT('',(-0.0288312989365321,-0.246653183294109,-0.212447335936129));
#7447=CARTESIAN_POINT('',(-0.0288312989365321,-0.5,-0.212447335936129));
#7448=CARTESIAN_POINT('',(-0.0303062989365321,-0.247504774941164,-0.192447335936129));
#7449=CARTESIAN_POINT('',(-0.0303062989365321,-0.247504774941164,-0.214747335936129));
#7450=CARTESIAN_POINT('',(-0.140746188554143,-0.311267274941164,-0.212447335936129));
#7451=CARTESIAN_POINT('',(0.920918701063468,-0.242395225058836,-0.153922335936129));
#7452=CARTESIAN_POINT('',(0.015518701063468,-0.242395225058836,-0.153922335936129));
#7453=CARTESIAN_POINT('',(0.015518701063468,-0.241543633411782,-0.152447335936129));
#7454=CARTESIAN_POINT('',(0.015518701063468,-0.243246816705891,-0.155397335936129));
#7455=CARTESIAN_POINT('',(0.920918701063468,-0.241543633411782,-0.152447335936129));
#7456=CARTESIAN_POINT('',(0.013218701063468,-0.241543633411782,-0.152447335936129));
#7457=CARTESIAN_POINT('',(0.013218701063468,-0.299662534530453,-0.25311222555374));
#7458=CARTESIAN_POINT('',(0.013218701063468,-0.243246816705891,-0.155397335936129));
#7459=CARTESIAN_POINT('',(0.920918701063468,-0.243246816705891,-0.155397335936129));
#7460=CARTESIAN_POINT('',(0.920918701063468,-0.24495,-0.155397335936129));
#7461=CARTESIAN_POINT('',(0.015518701063468,-0.24495,-0.155397335936129));
#7462=CARTESIAN_POINT('',(0.015518701063468,-0.246653183294109,-0.155397335936129));
#7463=CARTESIAN_POINT('',(0.013218701063468,-0.5,-0.155397335936129));
#7464=CARTESIAN_POINT('',(0.013218701063468,-0.246653183294109,-0.155397335936129));
#7465=CARTESIAN_POINT('',(0.920918701063468,-0.246653183294109,-0.155397335936129));
#7466=CARTESIAN_POINT('',(0.920918701063468,-0.247504774941164,-0.153922335936129));
#7467=CARTESIAN_POINT('',(0.015518701063468,-0.247504774941164,-0.153922335936129));
#7468=CARTESIAN_POINT('',(0.015518701063468,-0.248356366588219,-0.152447335936129));
#7469=CARTESIAN_POINT('',(0.013218701063468,-0.317762465469547,-0.0322324463185189));
#7470=CARTESIAN_POINT('',(0.013218701063468,-0.248356366588219,-0.152447335936129));
#7471=CARTESIAN_POINT('',(0.920918701063468,-0.248356366588219,-0.152447335936129));
#7472=CARTESIAN_POINT('',(0.920918701063468,-0.247504774941164,-0.150972335936129));
#7473=CARTESIAN_POINT('',(0.015518701063468,-0.247504774941164,-0.150972335936129));
#7474=CARTESIAN_POINT('',(0.015518701063468,-0.246653183294109,-0.149497335936129));
#7475=CARTESIAN_POINT('',(0.013218701063468,-0.30477208441278,-0.25016222555374));
#7476=CARTESIAN_POINT('',(0.013218701063468,-0.246653183294109,-0.149497335936129));
#7477=CARTESIAN_POINT('',(0.920918701063468,-0.246653183294109,-0.149497335936129));
#7478=CARTESIAN_POINT('',(0.920918701063468,-0.24495,-0.149497335936129));
#7479=CARTESIAN_POINT('',(0.015518701063468,-0.24495,-0.149497335936129));
#7480=CARTESIAN_POINT('',(0.015518701063468,-0.243246816705891,-0.149497335936129));
#7481=CARTESIAN_POINT('',(0.013218701063468,-0.5,-0.149497335936129));
#7482=CARTESIAN_POINT('',(0.013218701063468,-0.243246816705891,-0.149497335936129));
#7483=CARTESIAN_POINT('',(0.920918701063468,-0.243246816705891,-0.149497335936129));
#7484=CARTESIAN_POINT('',(0.920918701063468,-0.242395225058836,-0.150972335936129));
#7485=CARTESIAN_POINT('',(0.015518701063468,-0.242395225058836,-0.150972335936129));
#7486=CARTESIAN_POINT('',(0.013218701063468,-0.31265291558722,-0.0292824463185181));
#7487=CARTESIAN_POINT('',(-0.081781298936532,-0.25,-0.144748222670396));
#7488=CARTESIAN_POINT('',(-0.036881298936532,-0.25,-0.144748222670396));
#7489=CARTESIAN_POINT('',(-0.036881298936532,-0.25,-0.214747335936129));
#7490=CARTESIAN_POINT('',(-0.081781298936532,-0.25,-0.214747335936129));
#7491=CARTESIAN_POINT('',(-0.0266812989365321,-0.25,-0.214747335936129));
#7492=CARTESIAN_POINT('',(-0.0266812989365321,-0.25,-0.144748222670396));
#7493=CARTESIAN_POINT('',(-0.0100655701839939,-0.25,-0.197447335936129));
#7494=CARTESIAN_POINT('',(0.00407656543973702,-0.25,-0.21158947155986));
#7495=CARTESIAN_POINT('',(0.018218701063468,-0.25,-0.197447335936129));
#7496=CARTESIAN_POINT('',(0.0123608366871989,-0.25,-0.203305200312398));
#7497=CARTESIAN_POINT('',(-0.00178129893653202,-0.25,-0.189163064688667));
#7498=CARTESIAN_POINT('',(0.018218701063468,-0.25,-0.189163064688667));
#7499=CARTESIAN_POINT('',(0.0182187010634679,-0.25,-0.137447335936129));
#7500=CARTESIAN_POINT('',(0.0182187010634679,-0.25,-0.157547335936129));
#7501=CARTESIAN_POINT('',(-0.081781298936532,-0.25,-0.157547335936129));
#7502=CARTESIAN_POINT('',(0.015518701063468,-0.25,-0.157547335936129));
#7503=CARTESIAN_POINT('',(0.015518701063468,-0.25,-0.144748222670396));
#7504=CARTESIAN_POINT('',(0.015518701063468,-0.25,-0.147347335936129));
#7505=CARTESIAN_POINT('',(-0.081781298936532,-0.25,-0.147347335936129));
#7506=CARTESIAN_POINT('',(0.0182187010634679,-0.25,-0.147347335936129));
#7507=CARTESIAN_POINT('',(0.0182187010634679,-0.25,-0.137447335936129));
#7508=CARTESIAN_POINT('',(0.0182187010634679,-0.25,-0.115731607183591));
#7509=CARTESIAN_POINT('',(-0.00178129893653203,-0.25,-0.115731607183591));
#7510=CARTESIAN_POINT('',(0.0123608366871989,-0.25,-0.10158947155986));
#7511=CARTESIAN_POINT('',(-0.00178129893653203,-0.25,-0.0874473359361291));
#7512=CARTESIAN_POINT('',(0.00407656543973703,-0.25,-0.0933052003123982));
#7513=CARTESIAN_POINT('',(-0.0100655701839939,-0.25,-0.107447335936129));
#7514=CARTESIAN_POINT('',(-0.00881311193313057,-0.25,-0.087486590751396));
#7515=CARTESIAN_POINT('',(-0.00531683284246477,-0.25,-0.0909828698420618));
#7516=CARTESIAN_POINT('',(-0.0088125975197498,-0.25,-0.0874871051647768));
#7517=CARTESIAN_POINT('',(-0.0098125975197498,-0.25,-0.0874674611415599));
#7518=CARTESIAN_POINT('',(-0.031781298936532,-0.25,-0.112447335936129));
#7519=CARTESIAN_POINT('',(0.013218701063468,-0.25,-0.112447335936129));
#7520=CARTESIAN_POINT('',(0.013218701063468,-0.25,-0.137447335936129));
#7521=CARTESIAN_POINT('',(0.013218701063468,-0.25,-0.195376268124264));
#7522=CARTESIAN_POINT('',(0.0146831671575352,-0.25,-0.193911802030197));
#7523=CARTESIAN_POINT('',(-0.00385236674839751,-0.25,-0.212447335936129));
#7524=CARTESIAN_POINT('',(-0.031781298936532,-0.25,-0.212447335936129));
#7525=CARTESIAN_POINT('',(-0.0597102311246666,-0.25,-0.212447335936129));
#7526=CARTESIAN_POINT('',(-0.0582457650305993,-0.25,-0.213911802030197));
#7527=CARTESIAN_POINT('',(-0.076781298936532,-0.25,-0.195376268124264));
#7528=CARTESIAN_POINT('',(-0.076781298936532,-0.25,-0.137447335936129));
#7529=CARTESIAN_POINT('',(-0.076781298936532,-0.25,-0.112447335936129));
#7530=CARTESIAN_POINT('',(-0.031781298936532,-0.25,-0.112447335936129));
#7531=CARTESIAN_POINT('',(-0.0537500003533143,-0.25,-0.0874871051647768));
#7532=CARTESIAN_POINT('',(-0.0547500003533143,-0.25,-0.0874871051647768));
#7533=CARTESIAN_POINT('',(-0.0782457650305993,-0.25,-0.110982869842062));
#7534=CARTESIAN_POINT('',(-0.0547494859399335,-0.25,-0.087486590751396));
#7535=CARTESIAN_POINT('',(-0.0534970276890701,-0.25,-0.107447335936129));
#7536=CARTESIAN_POINT('',(-0.0676391633128011,-0.25,-0.0933052003123981));
#7537=CARTESIAN_POINT('',(-0.081781298936532,-0.25,-0.107447335936129));
#7538=CARTESIAN_POINT('',(-0.075923434560263,-0.25,-0.10158947155986));
#7539=CARTESIAN_POINT('',(-0.061781298936532,-0.25,-0.115731607183591));
#7540=CARTESIAN_POINT('',(-0.081781298936532,-0.25,-0.115731607183591));
#7541=CARTESIAN_POINT('',(-0.081781298936532,-0.25,-0.137447335936129));
#7542=CARTESIAN_POINT('',(-0.081781298936532,-0.25,-0.147347335936129));
#7543=CARTESIAN_POINT('',(-0.081781298936532,-0.25,-0.147347335936129));
#7544=CARTESIAN_POINT('',(-0.079081298936532,-0.25,-0.147347335936129));
#7545=CARTESIAN_POINT('',(-0.079081298936532,-0.25,-0.144748222670396));
#7546=CARTESIAN_POINT('',(-0.079081298936532,-0.25,-0.157547335936129));
#7547=CARTESIAN_POINT('',(-0.081781298936532,-0.25,-0.157547335936129));
#7548=CARTESIAN_POINT('',(-0.081781298936532,-0.25,-0.157547335936129));
#7549=CARTESIAN_POINT('',(-0.081781298936532,-0.25,-0.137447335936129));
#7550=CARTESIAN_POINT('',(-0.081781298936532,-0.25,-0.189163064688667));
#7551=CARTESIAN_POINT('',(-0.061781298936532,-0.25,-0.189163064688667));
#7552=CARTESIAN_POINT('',(-0.075923434560263,-0.25,-0.203305200312398));
#7553=CARTESIAN_POINT('',(-0.061781298936532,-0.25,-0.217447335936129));
#7554=CARTESIAN_POINT('',(-0.0676391633128011,-0.25,-0.21158947155986));
#7555=CARTESIAN_POINT('',(-0.0534970276890701,-0.25,-0.197447335936129));
#7556=CARTESIAN_POINT('',(-0.0031875975197498,-0.25,-0.109947335936129));
#7557=CARTESIAN_POINT('',(0.0019374024802502,-0.25,-0.109947335936129));
#7558=CARTESIAN_POINT('',(-0.0083125975197498,-0.25,-0.109947335936129));
#7559=CARTESIAN_POINT('',(-0.0083125975197498,-0.25,-0.104822335936129));
#7560=CARTESIAN_POINT('',(-0.0083125975197498,-0.25,-0.0996973359361291));
#7561=CARTESIAN_POINT('',(-0.0031875975197498,-0.25,-0.0996973359361291));
#7562=CARTESIAN_POINT('',(0.0019374024802502,-0.25,-0.0996973359361291));
#7563=CARTESIAN_POINT('',(0.0019374024802502,-0.25,-0.104822335936129));
#7564=CARTESIAN_POINT('',(-0.0552500003533143,-0.25,-0.104822335936129));
#7565=CARTESIAN_POINT('',(-0.0552500003533143,-0.25,-0.0996973359361291));
#7566=CARTESIAN_POINT('',(-0.0552500003533143,-0.25,-0.109947335936129));
#7567=CARTESIAN_POINT('',(-0.0603750003533143,-0.25,-0.109947335936129));
#7568=CARTESIAN_POINT('',(-0.0655000003533143,-0.25,-0.109947335936129));
#7569=CARTESIAN_POINT('',(-0.0655000003533143,-0.25,-0.104822335936129));
#7570=CARTESIAN_POINT('',(-0.0655000003533143,-0.25,-0.0996973359361291));
#7571=CARTESIAN_POINT('',(-0.0603750003533143,-0.25,-0.0996973359361291));
#7572=CARTESIAN_POINT('',(-0.031781298936532,-0.165,-0.117447335936129));
#7573=CARTESIAN_POINT('',(-0.031781298936532,-0.165,-0.127847335936129));
#7574=CARTESIAN_POINT('',(0.00821870106346798,-0.165,-0.127847335936129));
#7575=CARTESIAN_POINT('',(-0.0215812989365321,-0.165,-0.127847335936129));
#7576=CARTESIAN_POINT('',(-0.0215812989365321,-0.165,-0.117447335936129));
#7577=CARTESIAN_POINT('',(-0.0215812989365321,-0.165,-0.189047335936129));
#7578=CARTESIAN_POINT('',(-0.031781298936532,-0.165,-0.189047335936129));
#7579=CARTESIAN_POINT('',(0.00821870106346798,-0.165,-0.189047335936129));
#7580=CARTESIAN_POINT('',(0.00821870106346798,-0.165,-0.117447335936129));
#7581=CARTESIAN_POINT('',(-0.031781298936532,-0.165,-0.189047335936129));
#7582=CARTESIAN_POINT('',(-0.0717812989365321,-0.165,-0.189047335936129));
#7583=CARTESIAN_POINT('',(-0.041981298936532,-0.165,-0.189047335936129));
#7584=CARTESIAN_POINT('',(-0.041981298936532,-0.165,-0.117447335936129));
#7585=CARTESIAN_POINT('',(-0.041981298936532,-0.165,-0.127847335936129));
#7586=CARTESIAN_POINT('',(-0.031781298936532,-0.165,-0.127847335936129));
#7587=CARTESIAN_POINT('',(-0.0717812989365321,-0.165,-0.127847335936129));
#7588=CARTESIAN_POINT('',(-0.0717812989365321,-0.165,-0.117447335936129));
#7589=CARTESIAN_POINT('',(-0.0603750003533143,-0.165,-0.109947335936129));
#7590=CARTESIAN_POINT('',(-0.0552500003533143,-0.165,-0.109947335936129));
#7591=CARTESIAN_POINT('',(-0.0655000003533143,-0.165,-0.109947335936129));
#7592=CARTESIAN_POINT('',(-0.0552500003533143,-0.165,-0.104822335936129));
#7593=CARTESIAN_POINT('',(-0.0552500003533143,-0.165,-0.0996973359361291));
#7594=CARTESIAN_POINT('',(-0.0603750003533143,-0.165,-0.0996973359361291));
#7595=CARTESIAN_POINT('',(-0.0655000003533143,-0.165,-0.0996973359361291));
#7596=CARTESIAN_POINT('',(-0.0655000003533143,-0.165,-0.104822335936129));
#7597=CARTESIAN_POINT('',(-0.0083125975197498,-0.165,-0.104822335936129));
#7598=CARTESIAN_POINT('',(-0.0083125975197498,-0.165,-0.109947335936129));
#7599=CARTESIAN_POINT('',(-0.0083125975197498,-0.165,-0.0996973359361291));
#7600=CARTESIAN_POINT('',(-0.0031875975197498,-0.165,-0.109947335936129));
#7601=CARTESIAN_POINT('',(0.0019374024802502,-0.165,-0.109947335936129));
#7602=CARTESIAN_POINT('',(0.0019374024802502,-0.165,-0.104822335936129));
#7603=CARTESIAN_POINT('',(0.0019374024802502,-0.165,-0.0996973359361291));
#7604=CARTESIAN_POINT('',(-0.0031875975197498,-0.165,-0.0996973359361291));
#7605=CARTESIAN_POINT('',(-0.0798013999492097,-0.165,-0.109427234923451));
#7606=CARTESIAN_POINT('',(-0.0739435355729407,-0.165,-0.103569370547182));
#7607=CARTESIAN_POINT('',(-0.0656592643254788,-0.165,-0.0952850992997205));
#7608=CARTESIAN_POINT('',(-0.0656592643254788,-0.165,-0.0952850992997205));
#7609=CARTESIAN_POINT('',(-0.0676391633128011,-0.165,-0.0933052003123981));
#7610=CARTESIAN_POINT('',(-0.0534970276890701,-0.165,-0.107447335936129));
#7611=CARTESIAN_POINT('',(-0.0547494859399335,-0.165,-0.087486590751396));
#7612=CARTESIAN_POINT('',(-0.0782457650305993,-0.165,-0.110982869842062));
#7613=CARTESIAN_POINT('',(-0.0547500003533143,-0.165,-0.0874871051647768));
#7614=CARTESIAN_POINT('',(-0.0537500003533143,-0.165,-0.0874871051647768));
#7615=CARTESIAN_POINT('',(-0.0427500003533142,-0.165,-0.0874871051647768));
#7616=CARTESIAN_POINT('',(-0.0427500003533142,-0.165,-0.0884871051647768));
#7617=CARTESIAN_POINT('',(-0.0427500003533142,-0.165,-0.0902709408319822));
#7618=CARTESIAN_POINT('',(-0.0427500003533142,-0.165,-0.0902709408319822));
#7619=CARTESIAN_POINT('',(-0.031781298936532,-0.165,-0.112447335936129));
#7620=CARTESIAN_POINT('',(-0.076781298936532,-0.165,-0.112447335936129));
#7621=CARTESIAN_POINT('',(-0.076781298936532,-0.165,-0.137447335936129));
#7622=CARTESIAN_POINT('',(-0.076781298936532,-0.165,-0.113787081898285));
#7623=CARTESIAN_POINT('',(-0.031781298936532,-0.165,-0.113787081898285));
#7624=CARTESIAN_POINT('',(0.013218701063468,-0.165,-0.113787081898285));
#7625=CARTESIAN_POINT('',(0.013218701063468,-0.165,-0.137447335936129));
#7626=CARTESIAN_POINT('',(0.013218701063468,-0.165,-0.112447335936129));
#7627=CARTESIAN_POINT('',(-0.031781298936532,-0.165,-0.112447335936129));
#7628=CARTESIAN_POINT('',(-0.0208125975197498,-0.165,-0.089947817118343));
#7629=CARTESIAN_POINT('',(-0.0208125975197498,-0.165,-0.089947817118343));
#7630=CARTESIAN_POINT('',(-0.0208125975197498,-0.165,-0.100967220550453));
#7631=CARTESIAN_POINT('',(-0.0208125975197498,-0.165,-0.087447817118343));
#7632=CARTESIAN_POINT('',(-0.0208125975197498,-0.165,-0.087447817118343));
#7633=CARTESIAN_POINT('',(-0.0108125975197498,-0.165,-0.087447817118343));
#7634=CARTESIAN_POINT('',(-0.0098125975197498,-0.165,-0.0874674611415599));
#7635=CARTESIAN_POINT('',(-0.0088125975197498,-0.165,-0.0874871051647768));
#7636=CARTESIAN_POINT('',(-0.00531683284246477,-0.165,-0.0909828698420618));
#7637=CARTESIAN_POINT('',(-0.00881311193313057,-0.165,-0.087486590751396));
#7638=CARTESIAN_POINT('',(-0.0100655701839939,-0.165,-0.107447335936129));
#7639=CARTESIAN_POINT('',(0.004076565439737,-0.165,-0.0933052003123982));
#7640=CARTESIAN_POINT('',(0.00209666645241467,-0.165,-0.0952850992997205));
#7641=CARTESIAN_POINT('',(0.00209666645241467,-0.165,-0.0952850992997205));
#7642=CARTESIAN_POINT('',(0.00623880207614562,-0.165,-0.0994272349234515));
#7643=CARTESIAN_POINT('',(0.0103809376998766,-0.165,-0.103569370547182));
#7644=CARTESIAN_POINT('',(0.0103809376998766,-0.165,-0.103569370547182));
#7645=CARTESIAN_POINT('',(0.0123608366871989,-0.165,-0.10158947155986));
#7646=CARTESIAN_POINT('',(-0.00178129893653203,-0.165,-0.115731607183591));
#7647=CARTESIAN_POINT('',(0.0182187010634679,-0.165,-0.115731607183591));
#7648=CARTESIAN_POINT('',(0.018218701063468,-0.165,-0.117447335936129));
#7649=CARTESIAN_POINT('',(0.018218701063468,-0.165,-0.189163064688667));
#7650=CARTESIAN_POINT('',(-0.00178129893653202,-0.165,-0.189163064688667));
#7651=CARTESIAN_POINT('',(0.0123608366871989,-0.165,-0.203305200312398));
#7652=CARTESIAN_POINT('',(0.033218701063468,-0.165,-0.182447335936129));
#7653=CARTESIAN_POINT('',(0.00407656543973702,-0.165,-0.21158947155986));
#7654=CARTESIAN_POINT('',(-0.0100655701839939,-0.165,-0.197447335936129));
#7655=CARTESIAN_POINT('',(-0.0534970276890701,-0.165,-0.197447335936129));
#7656=CARTESIAN_POINT('',(-0.0676391633128011,-0.165,-0.21158947155986));
#7657=CARTESIAN_POINT('',(-0.096781298936532,-0.165,-0.182447335936129));
#7658=CARTESIAN_POINT('',(-0.075923434560263,-0.165,-0.203305200312398));
#7659=CARTESIAN_POINT('',(-0.061781298936532,-0.165,-0.189163064688667));
#7660=CARTESIAN_POINT('',(-0.081781298936532,-0.165,-0.189163064688667));
#7661=CARTESIAN_POINT('',(-0.081781298936532,-0.165,-0.117447335936129));
#7662=CARTESIAN_POINT('',(-0.081781298936532,-0.165,-0.115731607183591));
#7663=CARTESIAN_POINT('',(-0.061781298936532,-0.165,-0.115731607183591));
#7664=CARTESIAN_POINT('',(-0.075923434560263,-0.165,-0.10158947155986));
#7665=CARTESIAN_POINT('',(-0.0739435355729407,-0.165,-0.103569370547182));
#7666=CARTESIAN_POINT('',(-0.081781298936532,-0.5,-0.107447335936129));
#7667=CARTESIAN_POINT('',(-0.0676391633128011,-0.5,-0.0933052003123981));
#7668=CARTESIAN_POINT('',(-0.0676391633128011,-0.17691573,-0.0933052003123981));
#7669=CARTESIAN_POINT('',(-0.071781298936532,-0.17691573,-0.0974473359361291));
#7670=CARTESIAN_POINT('',(-0.075923434560263,-0.17691573,-0.10158947155986));
#7671=CARTESIAN_POINT('',(-0.075923434560263,-0.5,-0.10158947155986));
#7672=CARTESIAN_POINT('',(-0.031781298936532,-0.5,-0.212447335936129));
#7673=CARTESIAN_POINT('',(-0.00385236674839751,-0.5,-0.212447335936129));
#7674=CARTESIAN_POINT('',(-0.00385236674839751,-0.17,-0.212447335936129));
#7675=CARTESIAN_POINT('',(-0.031781298936532,-0.17,-0.212447335936129));
#7676=CARTESIAN_POINT('',(-0.0597102311246666,-0.17,-0.212447335936129));
#7677=CARTESIAN_POINT('',(-0.0597102311246666,-0.5,-0.212447335936129));
#7678=CARTESIAN_POINT('',(0.0146831671575352,-0.5,-0.193911802030197));
#7679=CARTESIAN_POINT('',(0.013218701063468,-0.5,-0.195376268124264));
#7680=CARTESIAN_POINT('',(0.013218701063468,-0.17,-0.195376268124264));
#7681=CARTESIAN_POINT('',(0.0296831671575353,-0.17,-0.178911802030197));
#7682=CARTESIAN_POINT('',(-0.0582457650305993,-0.5,-0.213911802030197));
#7683=CARTESIAN_POINT('',(-0.076781298936532,-0.5,-0.195376268124264));
#7684=CARTESIAN_POINT('',(-0.076781298936532,-0.17,-0.195376268124264));
#7685=CARTESIAN_POINT('',(-0.0932457650305993,-0.17,-0.178911802030197));
#7686=CARTESIAN_POINT('',(-0.0717812989365321,-0.159,-0.158447335936129));
#7687=CARTESIAN_POINT('',(-0.0717812989365321,-0.159,-0.127847335936129));
#7688=CARTESIAN_POINT('',(-0.0717812989365321,-0.17,-0.127847335936129));
#7689=CARTESIAN_POINT('',(-0.0717812989365321,-0.17,-0.117447335936129));
#7690=CARTESIAN_POINT('',(-0.0717812989365321,-0.17,-0.189047335936129));
#7691=CARTESIAN_POINT('',(-0.0717812989365321,-0.159,-0.189047335936129));
#7692=CARTESIAN_POINT('',(-0.0568812989365321,-0.159,-0.127847335936129));
#7693=CARTESIAN_POINT('',(-0.041981298936532,-0.159,-0.127847335936129));
#7694=CARTESIAN_POINT('',(-0.041981298936532,-0.17,-0.127847335936129));
#7695=CARTESIAN_POINT('',(-0.031781298936532,-0.17,-0.127847335936129));
#7696=CARTESIAN_POINT('',(-0.041981298936532,-0.159,-0.158447335936129));
#7697=CARTESIAN_POINT('',(-0.041981298936532,-0.159,-0.189047335936129));
#7698=CARTESIAN_POINT('',(-0.041981298936532,-0.17,-0.189047335936129));
#7699=CARTESIAN_POINT('',(-0.041981298936532,-0.17,-0.117447335936129));
#7700=CARTESIAN_POINT('',(-0.0568812989365321,-0.159,-0.189047335936129));
#7701=CARTESIAN_POINT('',(-0.031781298936532,-0.17,-0.189047335936129));
#7702=CARTESIAN_POINT('',(0.00821870106346798,-0.159,-0.158447335936129));
#7703=CARTESIAN_POINT('',(0.00821870106346798,-0.159,-0.189047335936129));
#7704=CARTESIAN_POINT('',(0.00821870106346798,-0.17,-0.189047335936129));
#7705=CARTESIAN_POINT('',(0.00821870106346798,-0.17,-0.117447335936129));
#7706=CARTESIAN_POINT('',(0.00821870106346798,-0.17,-0.127847335936129));
#7707=CARTESIAN_POINT('',(0.00821870106346798,-0.159,-0.127847335936129));
#7708=CARTESIAN_POINT('',(-0.00668129893653202,-0.159,-0.189047335936129));
#7709=CARTESIAN_POINT('',(-0.0215812989365321,-0.159,-0.189047335936129));
#7710=CARTESIAN_POINT('',(-0.0215812989365321,-0.17,-0.189047335936129));
#7711=CARTESIAN_POINT('',(-0.031781298936532,-0.17,-0.189047335936129));
#7712=CARTESIAN_POINT('',(-0.0215812989365321,-0.159,-0.158447335936129));
#7713=CARTESIAN_POINT('',(-0.0215812989365321,-0.159,-0.127847335936129));
#7714=CARTESIAN_POINT('',(-0.0215812989365321,-0.17,-0.127847335936129));
#7715=CARTESIAN_POINT('',(-0.0215812989365321,-0.17,-0.117447335936129));
#7716=CARTESIAN_POINT('',(-0.00668129893653203,-0.159,-0.127847335936129));
#7717=CARTESIAN_POINT('',(-0.031781298936532,-0.17,-0.127847335936129));
#7718=CARTESIAN_POINT('',(-0.0534970276890701,-0.5,-0.197447335936129));
#7719=CARTESIAN_POINT('',(-0.0676391633128011,-0.335,-0.21158947155986));
#7720=CARTESIAN_POINT('',(-0.0100655701839939,-0.5,-0.197447335936129));
#7721=CARTESIAN_POINT('',(0.00407656543973702,-0.165,-0.21158947155986));
#7722=CARTESIAN_POINT('',(0.018218701063468,-0.5,-0.197447335936129));
#7723=CARTESIAN_POINT('',(0.0123608366871989,-0.5,-0.203305200312398));
#7724=CARTESIAN_POINT('',(-0.00178129893653202,-0.5,-0.189163064688667));
#7725=CARTESIAN_POINT('',(0.018218701063468,-0.5,-0.189163064688667));
#7726=CARTESIAN_POINT('',(-0.061781298936532,-0.5,-0.189163064688667));
#7727=CARTESIAN_POINT('',(-0.081781298936532,-0.335,-0.189163064688667));
#7728=CARTESIAN_POINT('',(-0.075923434560263,-0.165,-0.203305200312398));
#7729=CARTESIAN_POINT('',(-0.061781298936532,-0.5,-0.217447335936129));
#7730=CARTESIAN_POINT('',(-0.031781298936532,-0.17,-0.117447335936129));
#7731=CARTESIAN_POINT('',(0.013218701063468,-0.17,-0.117447335936129));
#7732=CARTESIAN_POINT('',(0.013218701063468,-0.17,-0.122447335936129));
#7733=CARTESIAN_POINT('',(-0.031781298936532,-0.17,-0.122447335936129));
#7734=CARTESIAN_POINT('',(-0.076781298936532,-0.17,-0.122447335936129));
#7735=CARTESIAN_POINT('',(-0.076781298936532,-0.17,-0.117447335936129));
#7736=CARTESIAN_POINT('',(-0.031781298936532,-0.16,-0.122447335936129));
#7737=CARTESIAN_POINT('',(-0.076781298936532,-0.16,-0.122447335936129));
#7738=CARTESIAN_POINT('',(0.013218701063468,-0.16,-0.122447335936129));
#7739=CARTESIAN_POINT('',(-0.0534970276890701,-0.5,-0.107447335936129));
#7740=CARTESIAN_POINT('',(-0.0547494859399335,-0.005,-0.087486590751396));
#7741=CARTESIAN_POINT('',(-0.0676391633128011,-0.5,-0.0933052003123981));
#7742=CARTESIAN_POINT('',(-0.0537500003533143,-0.0048,-0.0874871051647768));
#7743=CARTESIAN_POINT('',(-0.0513047752944784,-0.171475,-0.0874871051647768));
#7744=CARTESIAN_POINT('',(-0.052156366941533,-0.17,-0.0874871051647768));
#7745=CARTESIAN_POINT('',(-0.0504531836474238,-0.17295,-0.0874871051647768));
#7746=CARTESIAN_POINT('',(-0.0513047752944783,-0.168525,-0.0874871051647768));
#7747=CARTESIAN_POINT('',(-0.0504531836474235,-0.16705,-0.0874871051647768));
#7748=CARTESIAN_POINT('',(-0.0487500003533142,-0.16705,-0.0874871051647768));
#7749=CARTESIAN_POINT('',(-0.0470468170592048,-0.16705,-0.0874871051647768));
#7750=CARTESIAN_POINT('',(-0.0461952254121502,-0.168525,-0.0874871051647768));
#7751=CARTESIAN_POINT('',(-0.0453436337650955,-0.17,-0.0874871051647768));
#7752=CARTESIAN_POINT('',(-0.0461952254121501,-0.171475,-0.0874871051647768));
#7753=CARTESIAN_POINT('',(-0.0470468170592049,-0.17295,-0.0874871051647768));
#7754=CARTESIAN_POINT('',(-0.0487500003533143,-0.17295,-0.0874871051647768));
#7755=CARTESIAN_POINT('',(-0.0427500003533142,-0.175,-0.0874871051647768));
#7756=CARTESIAN_POINT('',(-0.0427500003533142,-0.175,-0.0874871051647768));
#7757=CARTESIAN_POINT('',(-0.0427500003533142,-0.0048,-0.0874871051647768));
#7758=CARTESIAN_POINT('',(-0.0547500003533143,-0.0048,-0.0874871051647768));
#7759=CARTESIAN_POINT('',(-0.031781298936532,-0.0048,-0.112447335936129));
#7760=CARTESIAN_POINT('',(-0.076781298936532,-0.0048,-0.112447335936129));
#7761=CARTESIAN_POINT('',(-0.0782457650305993,-0.5,-0.110982869842062));
#7762=CARTESIAN_POINT('',(-0.061781298936532,-0.5,-0.115731607183591));
#7763=CARTESIAN_POINT('',(-0.075923434560263,-0.5,-0.10158947155986));
#7764=CARTESIAN_POINT('',(-0.081781298936532,0.,-0.115731607183591));
#7765=CARTESIAN_POINT('',(-0.081781298936532,-0.5,-0.137447335936129));
#7766=CARTESIAN_POINT('',(-0.081781298936532,-0.2399,-0.152447335936129));
#7767=CARTESIAN_POINT('',(-0.081781298936532,-0.2399,-0.147347335936129));
#7768=CARTESIAN_POINT('',(-0.081781298936532,-0.2399,-0.157547335936129));
#7769=CARTESIAN_POINT('',(-0.081781298936532,-0.25,-0.147347335936129));
#7770=CARTESIAN_POINT('',(-0.081781298936532,-0.25,-0.157547335936129));
#7771=CARTESIAN_POINT('',(-0.00178129893653203,-0.5,-0.115731607183591));
#7772=CARTESIAN_POINT('',(0.0182187010634679,-0.5,-0.115731607183591));
#7773=CARTESIAN_POINT('',(0.0123608366871989,-0.170957865,-0.10158947155986));
#7774=CARTESIAN_POINT('',(0.0123608366871989,-0.17691573,-0.10158947155986));
#7775=CARTESIAN_POINT('',(0.0123608366871989,-0.5,-0.10158947155986));
#7776=CARTESIAN_POINT('',(-0.0098125975197498,-0.0048,-0.0874674611415599));
#7777=CARTESIAN_POINT('',(-0.0088125975197498,-0.0048,-0.0874871051647768));
#7778=CARTESIAN_POINT('',(-0.0108125975197498,-0.0048,-0.087447817118343));
#7779=CARTESIAN_POINT('',(-0.031781298936532,-0.0048,-0.112447335936129));
#7780=CARTESIAN_POINT('',(0.013218701063468,-0.0048,-0.112447335936129));
#7781=CARTESIAN_POINT('',(-0.0100655701839939,-0.5,-0.107447335936129));
#7782=CARTESIAN_POINT('',(0.00407656543973702,-0.5,-0.0933052003123982));
#7783=CARTESIAN_POINT('',(0.00407656543973701,-0.17691573,-0.0933052003123982));
#7784=CARTESIAN_POINT('',(0.00407656543973702,-0.5,-0.0933052003123982));
#7785=CARTESIAN_POINT('',(-0.00881311193313057,-0.495,-0.087486590751396));
#7786=CARTESIAN_POINT('',(-0.00531683284246477,-0.5,-0.0909828698420618));
#7787=CARTESIAN_POINT('',(-0.00178129893653203,-0.5,-0.0874473359361291));
#7788=CARTESIAN_POINT('',(0.00821870106346796,-0.17691573,-0.0974473359361291));
#7789=CARTESIAN_POINT('',(0.0182187010634679,-0.5,-0.137447335936129));
#7790=CARTESIAN_POINT('',(0.0182187010634679,-0.25,-0.147347335936129));
#7791=CARTESIAN_POINT('',(0.0182187010634679,-0.2399,-0.147347335936129));
#7792=CARTESIAN_POINT('',(0.0182187010634679,-0.2399,-0.152447335936129));
#7793=CARTESIAN_POINT('',(0.0182187010634679,-0.2399,-0.157547335936129));
#7794=CARTESIAN_POINT('',(0.0182187010634679,-0.25,-0.157547335936129));
#7795=CARTESIAN_POINT('',(-0.076781298936532,-0.5,-0.137447335936129));
#7796=CARTESIAN_POINT('',(-0.076781298936532,-0.299662534530453,-0.25311222555374));
#7797=CARTESIAN_POINT('',(-0.0767812989365321,-0.243246816705891,-0.155397335936129));
#7798=CARTESIAN_POINT('',(-0.076781298936532,-0.241543633411782,-0.152447335936129));
#7799=CARTESIAN_POINT('',(-0.076781298936532,-0.5,-0.155397335936129));
#7800=CARTESIAN_POINT('',(-0.0767812989365321,-0.246653183294109,-0.155397335936129));
#7801=CARTESIAN_POINT('',(-0.076781298936532,-0.317762465469547,-0.0322324463185189));
#7802=CARTESIAN_POINT('',(-0.0767812989365321,-0.248356366588219,-0.152447335936129));
#7803=CARTESIAN_POINT('',(-0.076781298936532,-0.30477208441278,-0.25016222555374));
#7804=CARTESIAN_POINT('',(-0.0767812989365321,-0.246653183294109,-0.149497335936129));
#7805=CARTESIAN_POINT('',(-0.076781298936532,-0.5,-0.149497335936129));
#7806=CARTESIAN_POINT('',(-0.0767812989365321,-0.243246816705891,-0.149497335936129));
#7807=CARTESIAN_POINT('',(-0.076781298936532,-0.31265291558722,-0.0292824463185181));
#7808=CARTESIAN_POINT('',(0.013218701063468,-0.5,-0.137447335936129));
#7809=CARTESIAN_POINT('',(-0.0552500003533143,-0.335,-0.104822335936129));
#7810=CARTESIAN_POINT('',(-0.0552500003533143,-0.335,-0.0996973359361291));
#7811=CARTESIAN_POINT('',(-0.0552500003533143,-0.335,-0.109947335936129));
#7812=CARTESIAN_POINT('',(-0.0603750003533143,-0.335,-0.109947335936129));
#7813=CARTESIAN_POINT('',(-0.0655000003533143,-0.335,-0.109947335936129));
#7814=CARTESIAN_POINT('',(-0.0655000003533143,-0.335,-0.104822335936129));
#7815=CARTESIAN_POINT('',(-0.0655000003533143,-0.335,-0.0996973359361291));
#7816=CARTESIAN_POINT('',(-0.0603750003533143,-0.335,-0.0996973359361291));
#7817=CARTESIAN_POINT('',(-0.0031875975197498,-0.335,-0.109947335936129));
#7818=CARTESIAN_POINT('',(0.0019374024802502,-0.335,-0.109947335936129));
#7819=CARTESIAN_POINT('',(-0.0083125975197498,-0.335,-0.109947335936129));
#7820=CARTESIAN_POINT('',(-0.0083125975197498,-0.335,-0.104822335936129));
#7821=CARTESIAN_POINT('',(-0.0083125975197498,-0.335,-0.0996973359361291));
#7822=CARTESIAN_POINT('',(-0.0031875975197498,-0.335,-0.0996973359361291));
#7823=CARTESIAN_POINT('',(0.0019374024802502,-0.335,-0.0996973359361291));
#7824=CARTESIAN_POINT('',(0.0019374024802502,-0.335,-0.104822335936129));
#7825=CARTESIAN_POINT('',(0.00209666645241467,-0.170957865,-0.0952850992997205));
#7826=CARTESIAN_POINT('',(0.00209666645241467,-0.17691573,-0.0952850992997205));
#7827=CARTESIAN_POINT('',(0.00209666645241467,-0.17691573,-0.0952850992997205));
#7828=CARTESIAN_POINT('',(0.00209666645241467,-0.170957865,-0.0952850992997205));
#7829=CARTESIAN_POINT('',(0.00623880207614562,-0.17691573,-0.0994272349234515));
#7830=CARTESIAN_POINT('',(0.0103809376998766,-0.17691573,-0.103569370547182));
#7831=CARTESIAN_POINT('',(0.0103809376998766,-0.17691573,-0.103569370547182));
#7832=CARTESIAN_POINT('',(0.00623880207614562,-0.17691573,-0.0994272349234515));
#7833=CARTESIAN_POINT('',(0.0103809376998766,-0.170957865,-0.103569370547182));
#7834=CARTESIAN_POINT('',(0.0103809376998766,-0.170957865,-0.103569370547182));
#7835=CARTESIAN_POINT('',(0.00623880207614562,-0.170957865,-0.0994272349234515));
#7836=CARTESIAN_POINT('',(0.00832476708064594,-0.170957865,-0.101513199927952));
#7837=CARTESIAN_POINT('',(0.0083247670806459,-0.172661048294109,-0.101513199927952));
#7838=CARTESIAN_POINT('',(0.00832476708064591,-0.169254681705891,-0.101513199927952));
#7839=CARTESIAN_POINT('',(0.00728178457839577,-0.173512639941164,-0.100470217425702));
#7840=CARTESIAN_POINT('',(0.00623880207614562,-0.174364231588219,-0.0994272349234515));
#7841=CARTESIAN_POINT('',(0.00519581957389548,-0.173512639941164,-0.0983842524212013));
#7842=CARTESIAN_POINT('',(0.00415283707164535,-0.172661048294109,-0.0973412699189512));
#7843=CARTESIAN_POINT('',(0.00415283707164528,-0.170957865,-0.0973412699189511));
#7844=CARTESIAN_POINT('',(0.0041528370716453,-0.169254681705891,-0.0973412699189511));
#7845=CARTESIAN_POINT('',(0.00519581957389547,-0.168403090058836,-0.0983842524212013));
#7846=CARTESIAN_POINT('',(0.00623880207614566,-0.167551498411781,-0.0994272349234515));
#7847=CARTESIAN_POINT('',(0.00728178457839577,-0.168403090058836,-0.100470217425702));
#7848=CARTESIAN_POINT('',(0.00501904287859882,-0.173512639941164,-0.102732959125499));
#7849=CARTESIAN_POINT('',(0.00606202538084894,-0.172661048294109,-0.103775941627749));
#7850=CARTESIAN_POINT('',(0.00606202538084894,-0.172661048294109,-0.103775941627749));
#7851=CARTESIAN_POINT('',(0.00501904287859882,-0.173512639941164,-0.102732959125499));
#7852=CARTESIAN_POINT('',(0.00397606037634868,-0.174364231588219,-0.101689976623248));
#7853=CARTESIAN_POINT('',(0.00397606037634868,-0.174364231588219,-0.101689976623248));
#7854=CARTESIAN_POINT('',(0.00606202538084898,-0.170957865,-0.103775941627749));
#7855=CARTESIAN_POINT('',(0.00606202538084895,-0.169254681705891,-0.103775941627749));
#7856=CARTESIAN_POINT('',(0.00606202538084895,-0.169254681705891,-0.103775941627749));
#7857=CARTESIAN_POINT('',(0.00606202538084898,-0.170957865,-0.103775941627749));
#7858=CARTESIAN_POINT('',(0.00501904287859882,-0.168403090058836,-0.102732959125499));
#7859=CARTESIAN_POINT('',(0.00397606037634873,-0.167551498411781,-0.101689976623248));
#7860=CARTESIAN_POINT('',(0.00397606037634873,-0.167551498411781,-0.101689976623248));
#7861=CARTESIAN_POINT('',(0.00501904287859882,-0.168403090058836,-0.102732959125499));
#7862=CARTESIAN_POINT('',(0.00293307787409852,-0.168403090058836,-0.100646994120998));
#7863=CARTESIAN_POINT('',(0.00189009537184835,-0.169254681705891,-0.0996040116187481));
#7864=CARTESIAN_POINT('',(0.00189009537184835,-0.169254681705891,-0.0996040116187481));
#7865=CARTESIAN_POINT('',(0.00293307787409852,-0.168403090058836,-0.100646994120998));
#7866=CARTESIAN_POINT('',(0.00189009537184833,-0.170957865,-0.0996040116187481));
#7867=CARTESIAN_POINT('',(0.0018900953718484,-0.172661048294109,-0.0996040116187482));
#7868=CARTESIAN_POINT('',(0.0018900953718484,-0.172661048294109,-0.0996040116187482));
#7869=CARTESIAN_POINT('',(0.00189009537184833,-0.170957865,-0.0996040116187481));
#7870=CARTESIAN_POINT('',(0.00293307787409853,-0.173512639941164,-0.100646994120998));
#7871=CARTESIAN_POINT('',(0.00293307787409853,-0.173512639941164,-0.100646994120998));
#7872=CARTESIAN_POINT('',(-0.00602393962365132,-0.5,-0.0916899766232484));
#7873=CARTESIAN_POINT('',(-0.0698013999492097,-0.17691573,-0.0994272349234514));
#7874=CARTESIAN_POINT('',(-0.0656592643254788,-0.17691573,-0.0952850992997205));
#7875=CARTESIAN_POINT('',(-0.0656592643254788,-0.17691573,-0.0952850992997205));
#7876=CARTESIAN_POINT('',(-0.0698013999492097,-0.17691573,-0.0994272349234514));
#7877=CARTESIAN_POINT('',(-0.0739435355729407,-0.17691573,-0.103569370547182));
#7878=CARTESIAN_POINT('',(-0.0739435355729407,-0.17691573,-0.103569370547182));
#7879=CARTESIAN_POINT('',(-0.0656592643254788,-0.5,-0.0952850992997205));
#7880=CARTESIAN_POINT('',(-0.0656592643254788,-0.5,-0.0952850992997205));
#7881=CARTESIAN_POINT('',(-0.0739435355729407,-0.5,-0.103569370547182));
#7882=CARTESIAN_POINT('',(-0.0739435355729407,-0.5,-0.103569370547182));
#7883=CARTESIAN_POINT('',(-0.0698013999492097,-0.2075,-0.0994272349234514));
#7884=CARTESIAN_POINT('',(-0.0715447526506772,-0.169338006143009,-0.101170587624919));
#7885=CARTESIAN_POINT('',(-0.0708834480415179,-0.16791456462291,-0.10050928301576));
#7886=CARTESIAN_POINT('',(-0.0722060572598365,-0.170761447663108,-0.101831892234078));
#7887=CARTESIAN_POINT('',(-0.0696811193862045,-0.168012773291355,-0.0993069543604462));
#7888=CARTESIAN_POINT('',(-0.0684787907308911,-0.168110981959802,-0.0981046257051328));
#7889=CARTESIAN_POINT('',(-0.067937766684737,-0.169632632148347,-0.0975636016589787));
#7890=CARTESIAN_POINT('',(-0.0673967426385829,-0.171154282336892,-0.0970225776128246));
#7891=CARTESIAN_POINT('',(-0.0680580472477422,-0.172577723856991,-0.0976838822219839));
#7892=CARTESIAN_POINT('',(-0.0687193518569016,-0.174001165377091,-0.0983451868311433));
#7893=CARTESIAN_POINT('',(-0.0699216805122149,-0.173902956708645,-0.0995475154864566));
#7894=CARTESIAN_POINT('',(-0.0711240091675284,-0.173804748040199,-0.10074984414177));
#7895=CARTESIAN_POINT('',(-0.0716650332136824,-0.172283097851653,-0.101290868187924));
#7896=CARTESIAN_POINT('',(-0.0674183776864075,-0.168012773291355,-0.101569696060243));
#7897=CARTESIAN_POINT('',(-0.0686207063417209,-0.16791456462291,-0.102772024715556));
#7898=CARTESIAN_POINT('',(-0.0686207063417209,-0.16791456462291,-0.102772024715556));
#7899=CARTESIAN_POINT('',(-0.0674183776864075,-0.168012773291355,-0.101569696060243));
#7900=CARTESIAN_POINT('',(-0.0662160490310941,-0.168110981959802,-0.10036736740493));
#7901=CARTESIAN_POINT('',(-0.0662160490310941,-0.168110981959802,-0.10036736740493));
#7902=CARTESIAN_POINT('',(-0.0692820109508802,-0.169338006143009,-0.103433329324716));
#7903=CARTESIAN_POINT('',(-0.0699433155600396,-0.170761447663108,-0.104094633933875));
#7904=CARTESIAN_POINT('',(-0.0699433155600396,-0.170761447663108,-0.104094633933875));
#7905=CARTESIAN_POINT('',(-0.0692820109508802,-0.169338006143009,-0.103433329324716));
#7906=CARTESIAN_POINT('',(-0.0694022915138855,-0.172283097851653,-0.103553609887721));
#7907=CARTESIAN_POINT('',(-0.0688612674677314,-0.173804748040199,-0.103012585841567));
#7908=CARTESIAN_POINT('',(-0.0688612674677314,-0.173804748040199,-0.103012585841567));
#7909=CARTESIAN_POINT('',(-0.0694022915138855,-0.172283097851653,-0.103553609887721));
#7910=CARTESIAN_POINT('',(-0.067658938812418,-0.173902956708645,-0.101810257186254));
#7911=CARTESIAN_POINT('',(-0.0664566101571046,-0.174001165377091,-0.10060792853094));
#7912=CARTESIAN_POINT('',(-0.0664566101571046,-0.174001165377091,-0.10060792853094));
#7913=CARTESIAN_POINT('',(-0.067658938812418,-0.173902956708645,-0.101810257186254));
#7914=CARTESIAN_POINT('',(-0.0657953055479453,-0.172577723856991,-0.0999466239217809));
#7915=CARTESIAN_POINT('',(-0.065134000938786,-0.171154282336892,-0.0992853193126216));
#7916=CARTESIAN_POINT('',(-0.065134000938786,-0.171154282336892,-0.0992853193126216));
#7917=CARTESIAN_POINT('',(-0.0657953055479453,-0.172577723856991,-0.0999466239217809));
#7918=CARTESIAN_POINT('',(-0.06567502498494,-0.169632632148347,-0.0998263433587756));
#7919=CARTESIAN_POINT('',(-0.06567502498494,-0.169632632148347,-0.0998263433587756));
#7920=CARTESIAN_POINT('',(-0.0775386582494128,-0.5,-0.111689976623248));
#7921=CARTESIAN_POINT('',(-0.079081298936532,-0.25,-0.147347335936129));
#7922=CARTESIAN_POINT('',(-0.079081298936532,-0.2399,-0.147347335936129));
#7923=CARTESIAN_POINT('',(-0.079081298936532,-0.2399,-0.147347335936129));
#7924=CARTESIAN_POINT('',(-0.079081298936532,-0.25,-0.147347335936129));
#7925=CARTESIAN_POINT('',(-0.079081298936532,-0.25,-0.157547335936129));
#7926=CARTESIAN_POINT('',(-0.079081298936532,-0.25,-0.157547335936129));
#7927=CARTESIAN_POINT('',(-0.079081298936532,-0.2399,-0.157547335936129));
#7928=CARTESIAN_POINT('',(-0.079081298936532,-0.2399,-0.157547335936129));
#7929=CARTESIAN_POINT('',(-0.079081298936532,-0.25,-0.152447335936129));
#7930=CARTESIAN_POINT('',(-0.079081298936532,-0.242395225058836,-0.153922335936129));
#7931=CARTESIAN_POINT('',(-0.079081298936532,-0.241543633411782,-0.152447335936129));
#7932=CARTESIAN_POINT('',(-0.079081298936532,-0.243246816705891,-0.155397335936129));
#7933=CARTESIAN_POINT('',(-0.079081298936532,-0.242395225058836,-0.150972335936129));
#7934=CARTESIAN_POINT('',(-0.079081298936532,-0.243246816705891,-0.149497335936129));
#7935=CARTESIAN_POINT('',(-0.079081298936532,-0.24495,-0.149497335936129));
#7936=CARTESIAN_POINT('',(-0.079081298936532,-0.246653183294109,-0.149497335936129));
#7937=CARTESIAN_POINT('',(-0.079081298936532,-0.247504774941164,-0.150972335936129));
#7938=CARTESIAN_POINT('',(-0.079081298936532,-0.248356366588219,-0.152447335936129));
#7939=CARTESIAN_POINT('',(-0.079081298936532,-0.247504774941164,-0.153922335936129));
#7940=CARTESIAN_POINT('',(-0.079081298936532,-0.246653183294109,-0.155397335936129));
#7941=CARTESIAN_POINT('',(-0.079081298936532,-0.24495,-0.155397335936129));
#7942=CARTESIAN_POINT('',(-0.079081298936532,-0.2399,-0.152447335936129));
#7943=CARTESIAN_POINT('',(-0.079081298936532,-0.2399,-0.152447335936129));
#7944=CARTESIAN_POINT('',(0.920918701063468,-0.242395225058836,-0.150972335936129));
#7945=CARTESIAN_POINT('',(0.920918701063468,-0.243246816705891,-0.149497335936129));
#7946=CARTESIAN_POINT('',(0.920918701063468,-0.241543633411782,-0.152447335936129));
#7947=CARTESIAN_POINT('',(0.920918701063468,-0.24495,-0.149497335936129));
#7948=CARTESIAN_POINT('',(0.920918701063468,-0.246653183294109,-0.149497335936129));
#7949=CARTESIAN_POINT('',(0.920918701063468,-0.247504774941164,-0.150972335936129));
#7950=CARTESIAN_POINT('',(0.920918701063468,-0.248356366588219,-0.152447335936129));
#7951=CARTESIAN_POINT('',(0.920918701063468,-0.247504774941164,-0.153922335936129));
#7952=CARTESIAN_POINT('',(0.920918701063468,-0.246653183294109,-0.155397335936129));
#7953=CARTESIAN_POINT('',(0.920918701063468,-0.24495,-0.155397335936129));
#7954=CARTESIAN_POINT('',(0.920918701063468,-0.243246816705891,-0.155397335936129));
#7955=CARTESIAN_POINT('',(0.920918701063468,-0.242395225058836,-0.153922335936129));
#7956=CARTESIAN_POINT('',(0.015518701063468,-0.25,-0.147347335936129));
#7957=CARTESIAN_POINT('',(0.015518701063468,-0.25,-0.147347335936129));
#7958=CARTESIAN_POINT('',(0.015518701063468,-0.2399,-0.147347335936129));
#7959=CARTESIAN_POINT('',(0.015518701063468,-0.2399,-0.147347335936129));
#7960=CARTESIAN_POINT('',(0.015518701063468,-0.25,-0.157547335936129));
#7961=CARTESIAN_POINT('',(0.015518701063468,-0.2399,-0.157547335936129));
#7962=CARTESIAN_POINT('',(0.015518701063468,-0.2399,-0.157547335936129));
#7963=CARTESIAN_POINT('',(0.015518701063468,-0.25,-0.157547335936129));
#7964=CARTESIAN_POINT('',(0.015518701063468,-0.25,-0.152447335936129));
#7965=CARTESIAN_POINT('',(0.015518701063468,-0.2399,-0.152447335936129));
#7966=CARTESIAN_POINT('',(0.015518701063468,-0.2399,-0.152447335936129));
#7967=CARTESIAN_POINT('',(-0.036881298936532,-0.25,-0.214747335936129));
#7968=CARTESIAN_POINT('',(-0.036881298936532,-0.2399,-0.214747335936129));
#7969=CARTESIAN_POINT('',(-0.036881298936532,-0.2399,-0.214747335936129));
#7970=CARTESIAN_POINT('',(-0.036881298936532,-0.25,-0.214747335936129));
#7971=CARTESIAN_POINT('',(-0.0266812989365321,-0.24495,-0.214747335936129));
#7972=CARTESIAN_POINT('',(-0.0266812989365321,-0.24495,-0.214747335936129));
#7973=CARTESIAN_POINT('',(-0.0266812989365321,-0.2399,-0.214747335936129));
#7974=CARTESIAN_POINT('',(-0.0266812989365321,-0.2399,-0.214747335936129));
#7975=CARTESIAN_POINT('',(-0.031781298936532,-0.25,-0.214747335936129));
#7976=CARTESIAN_POINT('',(-0.031781298936532,-0.2399,-0.214747335936129));
#7977=CARTESIAN_POINT('',(-0.031781298936532,-0.2399,-0.214747335936129));
#7978=CARTESIAN_POINT('',(-0.0427500003533142,-0.17,-0.0902709408319822));
#7979=CARTESIAN_POINT('',(-0.0498047752944787,-0.174073076211353,-0.0902709408319822));
#7980=CARTESIAN_POINT('',(-0.0504531836474238,-0.17295,-0.0902709408319822));
#7981=CARTESIAN_POINT('',(-0.0521563669415331,-0.17,-0.0902709408319822));
#7982=CARTESIAN_POINT('',(-0.0427500003533144,-0.17295,-0.0902709408319822));
#7983=CARTESIAN_POINT('',(-0.0470468170592049,-0.17295,-0.0902709408319822));
#7984=CARTESIAN_POINT('',(-0.0446952254121499,-0.168876923788646,-0.0902709408319822));
#7985=CARTESIAN_POINT('',(-0.0453436337650955,-0.17,-0.0902709408319822));
#7986=CARTESIAN_POINT('',(-0.0446952254121503,-0.171123076211354,-0.0902709408319822));
#7987=CARTESIAN_POINT('',(-0.0470468170592048,-0.16705,-0.0902709408319822));
#7988=CARTESIAN_POINT('',(-0.0427500003533141,-0.16705,-0.0902709408319822));
#7989=CARTESIAN_POINT('',(-0.0504531836474236,-0.16705,-0.0902709408319822));
#7990=CARTESIAN_POINT('',(-0.049804775294478,-0.165926923788647,-0.0902709408319822));
#7991=CARTESIAN_POINT('',(-0.0427500003533142,-0.17,-0.0902709408319822));
#7992=CARTESIAN_POINT('',(-0.0427500003533142,-0.175,-0.0902709408319822));
#7993=CARTESIAN_POINT('',(-0.0427500003533142,-0.175,-0.0902709408319822));
#7994=CARTESIAN_POINT('',(-0.0427500003533142,-0.175,-0.0888790229983795));
#7995=CARTESIAN_POINT('',(-0.0427500003533142,-0.175,-0.0888790229983795));
#7996=CARTESIAN_POINT('',(-0.0427500003533142,-0.2075,-0.0999672205504529));
#7997=CARTESIAN_POINT('',(-0.0208125975197498,-0.17,-0.089947817118343));
#7998=CARTESIAN_POINT('',(-0.0196173724609138,-0.170690063509461,-0.089947817118343));
#7999=CARTESIAN_POINT('',(-0.0175157808138591,-0.16705,-0.089947817118343));
#8000=CARTESIAN_POINT('',(-0.0192189641079686,-0.17,-0.089947817118343));
#8001=CARTESIAN_POINT('',(-0.0196173724609139,-0.169309936490539,-0.089947817118343));
#8002=CARTESIAN_POINT('',(-0.0175157808138592,-0.17295,-0.089947817118343));
#8003=CARTESIAN_POINT('',(-0.0208125975197498,-0.17295,-0.089947817118343));
#8004=CARTESIAN_POINT('',(-0.0141094142256403,-0.17295,-0.089947817118343));
#8005=CARTESIAN_POINT('',(-0.0145078225785857,-0.173640063509461,-0.089947817118343));
#8006=CARTESIAN_POINT('',(-0.012406230931531,-0.17,-0.089947817118343));
#8007=CARTESIAN_POINT('',(-0.0145078225785857,-0.166359936490539,-0.089947817118343));
#8008=CARTESIAN_POINT('',(-0.0141094142256404,-0.16705,-0.089947817118343));
#8009=CARTESIAN_POINT('',(-0.0208125975197498,-0.16705,-0.089947817118343));
#8010=CARTESIAN_POINT('',(-0.0208125975197498,-0.175,-0.089947817118343));
#8011=CARTESIAN_POINT('',(-0.0208125975197498,-0.175,-0.089947817118343));
#8012=CARTESIAN_POINT('',(-0.0208125975197498,-0.17,-0.089947817118343));
#8013=CARTESIAN_POINT('',(-0.0208125975197498,-0.175,-0.088697817118343));
#8014=CARTESIAN_POINT('',(-0.0208125975197498,-0.175,-0.087447817118343));
#8015=CARTESIAN_POINT('',(-0.0208125975197498,-0.175,-0.087447817118343));
#8016=CARTESIAN_POINT('',(-0.0208125975197498,-0.175,-0.088697817118343));
#8017=CARTESIAN_POINT('',(-0.0208125975197498,-0.0048,-0.087447817118343));
#8018=CARTESIAN_POINT('',(-0.0183673724609139,-0.171475,-0.087447817118343));
#8019=CARTESIAN_POINT('',(-0.0192189641079686,-0.17,-0.087447817118343));
#8020=CARTESIAN_POINT('',(-0.0175157808138592,-0.17295,-0.087447817118343));
#8021=CARTESIAN_POINT('',(-0.0183673724609139,-0.168525,-0.087447817118343));
#8022=CARTESIAN_POINT('',(-0.0175157808138591,-0.16705,-0.087447817118343));
#8023=CARTESIAN_POINT('',(-0.0158125975197499,-0.16705,-0.087447817118343));
#8024=CARTESIAN_POINT('',(-0.0141094142256404,-0.16705,-0.087447817118343));
#8025=CARTESIAN_POINT('',(-0.0132578225785857,-0.168525,-0.087447817118343));
#8026=CARTESIAN_POINT('',(-0.012406230931531,-0.17,-0.087447817118343));
#8027=CARTESIAN_POINT('',(-0.0132578225785856,-0.171475,-0.087447817118343));
#8028=CARTESIAN_POINT('',(-0.0141094142256403,-0.17295,-0.087447817118343));
#8029=CARTESIAN_POINT('',(-0.0158125975197498,-0.17295,-0.087447817118343));
#8030=CARTESIAN_POINT('',(-0.0208125975197498,-0.0048,-0.087447817118343));
#8031=CARTESIAN_POINT('',(-0.0208125975197498,-0.2075,-0.099947576527236));
#8032=CARTESIAN_POINT('',(-0.0183673724609139,-0.171475,-0.112447817118343));
#8033=CARTESIAN_POINT('',(-0.0192189641079686,-0.17,-0.112447817118343));
#8034=CARTESIAN_POINT('',(-0.0175157808138592,-0.17295,-0.112447817118343));
#8035=CARTESIAN_POINT('',(-0.0158125975197498,-0.17295,-0.112447817118343));
#8036=CARTESIAN_POINT('',(-0.0141094142256403,-0.17295,-0.112447817118343));
#8037=CARTESIAN_POINT('',(-0.0132578225785856,-0.171475,-0.112447817118343));
#8038=CARTESIAN_POINT('',(-0.012406230931531,-0.17,-0.112447817118343));
#8039=CARTESIAN_POINT('',(-0.0132578225785857,-0.168525,-0.112447817118343));
#8040=CARTESIAN_POINT('',(-0.0141094142256404,-0.16705,-0.112447817118343));
#8041=CARTESIAN_POINT('',(-0.0158125975197499,-0.16705,-0.112447817118343));
#8042=CARTESIAN_POINT('',(-0.0175157808138591,-0.16705,-0.112447817118343));
#8043=CARTESIAN_POINT('',(-0.0183673724609139,-0.168525,-0.112447817118343));
#8044=CARTESIAN_POINT('',(-0.0513047752944784,-0.171475,-0.112487105164777));
#8045=CARTESIAN_POINT('',(-0.052156366941533,-0.17,-0.112487105164777));
#8046=CARTESIAN_POINT('',(-0.0504531836474238,-0.17295,-0.112487105164777));
#8047=CARTESIAN_POINT('',(-0.0487500003533143,-0.17295,-0.112487105164777));
#8048=CARTESIAN_POINT('',(-0.0470468170592049,-0.17295,-0.112487105164777));
#8049=CARTESIAN_POINT('',(-0.0461952254121501,-0.171475,-0.112487105164777));
#8050=CARTESIAN_POINT('',(-0.0453436337650955,-0.17,-0.112487105164777));
#8051=CARTESIAN_POINT('',(-0.0461952254121502,-0.168525,-0.112487105164777));
#8052=CARTESIAN_POINT('',(-0.0470468170592048,-0.16705,-0.112487105164777));
#8053=CARTESIAN_POINT('',(-0.0487500003533142,-0.16705,-0.112487105164777));
#8054=CARTESIAN_POINT('',(-0.0504531836474236,-0.16705,-0.112487105164777));
#8055=CARTESIAN_POINT('',(-0.0513047752944783,-0.168525,-0.112487105164777));
#8056=CARTESIAN_POINT('',(0.,0.,0.));
#8057=CARTESIAN_POINT('',(0.127948780345053,-0.052218490770121,0.004));
#8058=CARTESIAN_POINT('',(0.127948780345053,-0.052218490770121,0.));
#8059=CARTESIAN_POINT('',(0.122590915345053,-0.052218490770121,0.));
#8060=CARTESIAN_POINT('',(0.160022375345052,-0.052218490770121,0.));
#8061=CARTESIAN_POINT('',(0.122590915345053,-0.052218490770121,0.004));
#8062=CARTESIAN_POINT('',(0.122590915345053,-0.052218490770121,0.001));
#8063=CARTESIAN_POINT('',(0.127948780345053,-0.052218490770121,0.001));
#8064=CARTESIAN_POINT('',(0.160022375345052,-0.052218490770121,0.001));
#8065=CARTESIAN_POINT('',(0.160022375345052,-0.052218490770121,0.004));
#8066=CARTESIAN_POINT('',(0.119590915345053,-0.114718490770121,0.004));
#8067=CARTESIAN_POINT('',(0.119590915345053,-0.114718490770121,0.));
#8068=CARTESIAN_POINT('',(0.119590915345053,-0.055218490770121,0.));
#8069=CARTESIAN_POINT('',(0.119590915345053,-0.184218490770121,0.));
#8070=CARTESIAN_POINT('',(0.119590915345053,-0.184218490770121,0.004));
#8071=CARTESIAN_POINT('',(0.119590915345053,-0.184218490770121,0.001));
#8072=CARTESIAN_POINT('',(0.119590915345053,-0.052218490770121,0.001));
#8073=CARTESIAN_POINT('',(0.119590915345053,-0.055218490770121,0.001));
#8074=CARTESIAN_POINT('',(0.119590915345053,-0.055218490770121,0.));
#8075=CARTESIAN_POINT('',(0.124590915345053,-0.187218490770121,0.004));
#8076=CARTESIAN_POINT('',(0.124590915345053,-0.187218490770121,0.));
#8077=CARTESIAN_POINT('',(0.122590915345053,-0.187218490770121,0.));
#8078=CARTESIAN_POINT('',(0.160022375345052,-0.187218490770121,0.));
#8079=CARTESIAN_POINT('',(0.160022375345052,-0.187218490770121,0.004));
#8080=CARTESIAN_POINT('',(0.160022375345052,-0.187218490770121,0.001));
#8081=CARTESIAN_POINT('',(0.119590915345053,-0.187218490770121,0.001));
#8082=CARTESIAN_POINT('',(0.122590915345053,-0.187218490770121,0.001));
#8083=CARTESIAN_POINT('',(0.122590915345053,-0.187218490770121,0.004));
#8084=CARTESIAN_POINT('',(0.141306645345053,-0.0572184907701209,0.004));
#8085=CARTESIAN_POINT('',(0.141306645345053,-0.0572184907701209,0.004));
#8086=CARTESIAN_POINT('',(0.143056645345053,-0.0572184907701209,0.004));
#8087=CARTESIAN_POINT('',(0.141306645345053,-0.0572184907701209,0.));
#8088=CARTESIAN_POINT('',(0.143056645345053,-0.0572184907701209,0.));
#8089=CARTESIAN_POINT('',(0.158022375345052,-0.182218490770121,0.004));
#8090=CARTESIAN_POINT('',(0.158022375345052,-0.182218490770121,0.004));
#8091=CARTESIAN_POINT('',(0.159772375345052,-0.182218490770121,0.004));
#8092=CARTESIAN_POINT('',(0.158022375345052,-0.182218490770121,0.));
#8093=CARTESIAN_POINT('',(0.159772375345052,-0.182218490770121,0.));
#8094=CARTESIAN_POINT('',(0.124590915345053,-0.182218490770121,0.004));
#8095=CARTESIAN_POINT('',(0.124590915345053,-0.182218490770121,0.004));
#8096=CARTESIAN_POINT('',(0.126340915345053,-0.182218490770121,0.004));
#8097=CARTESIAN_POINT('',(0.124590915345053,-0.182218490770121,0.));
#8098=CARTESIAN_POINT('',(0.126340915345053,-0.182218490770121,0.));
#8099=CARTESIAN_POINT('',(0.163022375345052,-0.182218490770121,0.004));
#8100=CARTESIAN_POINT('',(0.163022375345052,-0.182218490770121,0.001));
#8101=CARTESIAN_POINT('',(0.163022375345052,-0.055218490770121,0.001));
#8102=CARTESIAN_POINT('',(0.163022375345052,-0.184218490770121,0.001));
#8103=CARTESIAN_POINT('',(0.163022375345052,-0.184218490770121,0.));
#8104=CARTESIAN_POINT('',(0.163022375345052,-0.184218490770121,0.));
#8105=CARTESIAN_POINT('',(0.163022375345052,-0.182218490770121,0.));
#8106=CARTESIAN_POINT('',(0.163022375345052,-0.055218490770121,0.));
#8107=CARTESIAN_POINT('',(0.163022375345052,-0.055218490770121,0.004));
#8108=CARTESIAN_POINT('',(0.141306645345053,-0.119718490770121,0.004));
#8109=CARTESIAN_POINT('',(0.141306645345053,-0.055218490770121,0.004));
#8110=CARTESIAN_POINT('',(0.160022375345052,-0.055218490770121,0.004));
#8111=CARTESIAN_POINT('',(0.122590915345053,-0.055218490770121,0.004));
#8112=CARTESIAN_POINT('',(0.122590915345053,-0.187218490770121,0.004));
#8113=CARTESIAN_POINT('',(0.122590915345053,-0.184218490770121,0.004));
#8114=CARTESIAN_POINT('',(0.163022375345052,-0.184218490770121,0.004));
#8115=CARTESIAN_POINT('',(0.160022375345052,-0.184218490770121,0.004));
#8116=CARTESIAN_POINT('',(0.160022375345052,-0.119718490770121,0.004));
#8117=CARTESIAN_POINT('',(0.141306645345053,-0.119718490770121,0.));
#8118=CARTESIAN_POINT('',(0.160022375345052,-0.184218490770121,0.));
#8119=CARTESIAN_POINT('',(0.122590915345053,-0.184218490770121,0.));
#8120=CARTESIAN_POINT('',(0.122590915345053,-0.055218490770121,0.));
#8121=CARTESIAN_POINT('',(0.160022375345052,-0.055218490770121,0.));
#8122=CARTESIAN_POINT('',(0.122590915345053,-0.055218490770121,0.004));
#8123=CARTESIAN_POINT('',(0.122590915345053,-0.055218490770121,0.001));
#8124=CARTESIAN_POINT('',(0.122590915345053,-0.055218490770121,0.001));
#8125=CARTESIAN_POINT('',(0.122590915345053,-0.055218490770121,0.001));
#8126=CARTESIAN_POINT('',(0.122590915345053,-0.055218490770121,0.001));
#8127=CARTESIAN_POINT('',(0.122590915345053,-0.184218490770121,0.004));
#8128=CARTESIAN_POINT('',(0.122590915345053,-0.184218490770121,0.001));
#8129=CARTESIAN_POINT('',(0.122590915345053,-0.119718490770121,0.001));
#8130=CARTESIAN_POINT('',(0.122590915345053,-0.184218490770121,0.001));
#8131=CARTESIAN_POINT('',(0.127948780345053,-0.055218490770121,0.001));
#8132=CARTESIAN_POINT('',(0.160022375345052,-0.055218490770121,0.001));
#8133=CARTESIAN_POINT('',(0.160022375345052,-0.055218490770121,0.004));
#8134=CARTESIAN_POINT('',(0.160022375345052,-0.055218490770121,0.001));
#8135=CARTESIAN_POINT('',(0.122590915345053,-0.184218490770121,0.001));
#8136=CARTESIAN_POINT('',(0.122590915345053,-0.184218490770121,0.001));
#8137=CARTESIAN_POINT('',(0.160022375345052,-0.055218490770121,0.001));
#8138=CARTESIAN_POINT('',(0.160022375345052,-0.055218490770121,0.001));
#8139=CARTESIAN_POINT('',(0.141306645345053,-0.184218490770121,0.001));
#8140=CARTESIAN_POINT('',(0.160022375345052,-0.184218490770121,0.001));
#8141=CARTESIAN_POINT('',(0.160022375345052,-0.182218490770121,0.001));
#8142=CARTESIAN_POINT('',(0.160022375345052,-0.184218490770121,0.001));
#8143=CARTESIAN_POINT('',(0.160022375345052,-0.184218490770121,0.001));
#8144=CARTESIAN_POINT('',(0.160022375345052,-0.184218490770121,0.001));
#8145=CARTESIAN_POINT('',(0.160022375345052,-0.184218490770121,0.004));
#8146=CARTESIAN_POINT('',(0.,0.,0.));
#8147=CARTESIAN_POINT('',(-0.289001405239105,-0.299011946317352,0.0848));
#8148=CARTESIAN_POINT('',(-0.289001405239105,-0.299011946317352,0.));
#8149=CARTESIAN_POINT('',(-0.293901405239106,-0.299011946317352,0.));
#8150=CARTESIAN_POINT('',(-0.284101405239105,-0.299011946317352,0.));
#8151=CARTESIAN_POINT('',(-0.293901405239106,-0.299011946317352,0.0848));
#8152=CARTESIAN_POINT('',(-0.293901405239106,-0.299011946317352,0.0848));
#8153=CARTESIAN_POINT('',(-0.289001405239105,-0.299011946317352,0.0848));
#8154=CARTESIAN_POINT('',(-0.284101405239105,-0.299011946317352,0.0848));
#8155=CARTESIAN_POINT('',(-0.284101405239105,-0.299011946317352,0.0848));
#8156=CARTESIAN_POINT('',(-0.293901405239106,-0.303911946317352,0.0848));
#8157=CARTESIAN_POINT('',(-0.293901405239106,-0.303911946317352,0.));
#8158=CARTESIAN_POINT('',(-0.293901405239106,-0.308811946317352,0.));
#8159=CARTESIAN_POINT('',(-0.293901405239106,-0.308811946317352,0.0848));
#8160=CARTESIAN_POINT('',(-0.293901405239106,-0.308811946317352,0.0848));
#8161=CARTESIAN_POINT('',(-0.293901405239106,-0.303911946317352,0.0848));
#8162=CARTESIAN_POINT('',(-0.289001405239105,-0.308811946317352,0.0848));
#8163=CARTESIAN_POINT('',(-0.289001405239105,-0.308811946317352,0.));
#8164=CARTESIAN_POINT('',(-0.284101405239105,-0.308811946317352,0.));
#8165=CARTESIAN_POINT('',(-0.284101405239105,-0.308811946317352,0.0848));
#8166=CARTESIAN_POINT('',(-0.284101405239105,-0.308811946317352,0.0848));
#8167=CARTESIAN_POINT('',(-0.289001405239105,-0.308811946317352,0.0848));
#8168=CARTESIAN_POINT('',(-0.284101405239105,-0.303911946317352,0.0848));
#8169=CARTESIAN_POINT('',(-0.284101405239105,-0.303911946317352,0.));
#8170=CARTESIAN_POINT('',(-0.284101405239105,-0.303911946317352,0.0848));
#8171=CARTESIAN_POINT('',(-0.289001405239105,-0.303911946317352,0.0848));
#8172=CARTESIAN_POINT('',(-0.289001405239105,-0.303911946317352,0.));
#8173=CARTESIAN_POINT('',(0.,0.,0.));
#8174=CARTESIAN_POINT('',(-0.507843506292716,-0.0877301563490654,0.004));
#8175=CARTESIAN_POINT('',(-0.507843506292716,-0.0877301563490654,0.004));
#8176=CARTESIAN_POINT('',(-0.526559236292716,-0.0877301563490654,0.004));
#8177=CARTESIAN_POINT('',(-0.489127776292716,-0.0877301563490654,0.004));
#8178=CARTESIAN_POINT('',(-0.489127776292716,-0.0877301563490654,0.004));
#8179=CARTESIAN_POINT('',(-0.489127776292716,-0.0877301563490654,0.003));
#8180=CARTESIAN_POINT('',(-0.529559236292716,-0.0877301563490654,0.003));
#8181=CARTESIAN_POINT('',(-0.526559236292716,-0.0877301563490654,0.003));
#8182=CARTESIAN_POINT('',(-0.526559236292716,-0.0877301563490654,0.004));
#8183=CARTESIAN_POINT('',(-0.529559236292716,-0.172730156349065,0.004));
#8184=CARTESIAN_POINT('',(-0.529559236292716,-0.172730156349065,0.003));
#8185=CARTESIAN_POINT('',(-0.529559236292716,-0.0907301563490654,0.003));
#8186=CARTESIAN_POINT('',(-0.529559236292716,-0.254730156349065,0.003));
#8187=CARTESIAN_POINT('',(-0.529559236292716,-0.254730156349065,0.004));
#8188=CARTESIAN_POINT('',(-0.529559236292716,-0.254730156349065,0.004));
#8189=CARTESIAN_POINT('',(-0.529559236292716,-0.172730156349065,0.004));
#8190=CARTESIAN_POINT('',(-0.529559236292716,-0.0907301563490654,0.004));
#8191=CARTESIAN_POINT('',(-0.529559236292716,-0.0907301563490654,0.));
#8192=CARTESIAN_POINT('',(-0.507843506292716,-0.257730156349065,0.004));
#8193=CARTESIAN_POINT('',(-0.507843506292716,-0.257730156349065,0.003));
#8194=CARTESIAN_POINT('',(-0.526559236292716,-0.257730156349065,0.003));
#8195=CARTESIAN_POINT('',(-0.489127776292716,-0.257730156349065,0.003));
#8196=CARTESIAN_POINT('',(-0.489127776292716,-0.257730156349065,0.004));
#8197=CARTESIAN_POINT('',(-0.489127776292716,-0.257730156349065,0.004));
#8198=CARTESIAN_POINT('',(-0.507843506292716,-0.257730156349065,0.004));
#8199=CARTESIAN_POINT('',(-0.526559236292716,-0.257730156349065,0.004));
#8200=CARTESIAN_POINT('',(-0.526559236292716,-0.257730156349065,0.004));
#8201=CARTESIAN_POINT('',(-0.486127776292716,-0.172730156349065,0.004));
#8202=CARTESIAN_POINT('',(-0.486127776292716,-0.172730156349065,0.004));
#8203=CARTESIAN_POINT('',(-0.486127776292716,-0.0907301563490654,0.004));
#8204=CARTESIAN_POINT('',(-0.486127776292716,-0.254730156349065,0.004));
#8205=CARTESIAN_POINT('',(-0.486127776292716,-0.254730156349065,0.));
#8206=CARTESIAN_POINT('',(-0.486127776292716,-0.254730156349065,0.003));
#8207=CARTESIAN_POINT('',(-0.486127776292716,-0.0877301563490654,0.003));
#8208=CARTESIAN_POINT('',(-0.486127776292716,-0.0907301563490654,0.003));
#8209=CARTESIAN_POINT('',(-0.486127776292716,-0.0907301563490654,0.004));
#8210=CARTESIAN_POINT('',(-0.507843506292716,-0.172730156349065,0.004));
#8211=CARTESIAN_POINT('',(-0.491127776292716,-0.0927301563490654,0.004));
#8212=CARTESIAN_POINT('',(-0.489377776292716,-0.0927301563490654,0.004));
#8213=CARTESIAN_POINT('',(-0.524559236292716,-0.252730156349065,0.004));
#8214=CARTESIAN_POINT('',(-0.522809236292716,-0.252730156349065,0.004));
#8215=CARTESIAN_POINT('',(-0.491127776292716,-0.252730156349065,0.004));
#8216=CARTESIAN_POINT('',(-0.489377776292716,-0.252730156349065,0.004));
#8217=CARTESIAN_POINT('',(-0.524559236292716,-0.0927301563490654,0.004));
#8218=CARTESIAN_POINT('',(-0.522809236292716,-0.0927301563490654,0.004));
#8219=CARTESIAN_POINT('',(-0.489127776292716,-0.254730156349065,0.004));
#8220=CARTESIAN_POINT('',(-0.489127776292716,-0.0907301563490654,0.004));
#8221=CARTESIAN_POINT('',(-0.526559236292716,-0.0907301563490654,0.004));
#8222=CARTESIAN_POINT('',(-0.526559236292716,-0.254730156349065,0.004));
#8223=CARTESIAN_POINT('',(-0.507843506292716,-0.172730156349065,0.));
#8224=CARTESIAN_POINT('',(-0.489127776292716,-0.257730156349065,0.));
#8225=CARTESIAN_POINT('',(-0.489127776292716,-0.0907301563490654,0.));
#8226=CARTESIAN_POINT('',(-0.489127776292716,-0.254730156349065,0.));
#8227=CARTESIAN_POINT('',(-0.507843506292716,-0.254730156349065,0.));
#8228=CARTESIAN_POINT('',(-0.526559236292716,-0.254730156349065,0.));
#8229=CARTESIAN_POINT('',(-0.526559236292716,-0.172730156349065,0.));
#8230=CARTESIAN_POINT('',(-0.526559236292716,-0.0907301563490654,0.));
#8231=CARTESIAN_POINT('',(-0.486127776292716,-0.0907301563490654,0.));
#8232=CARTESIAN_POINT('',(-0.491127776292716,-0.0927301563490654,0.));
#8233=CARTESIAN_POINT('',(-0.489377776292716,-0.0927301563490654,0.));
#8234=CARTESIAN_POINT('',(-0.524559236292716,-0.252730156349065,0.));
#8235=CARTESIAN_POINT('',(-0.522809236292716,-0.252730156349065,0.));
#8236=CARTESIAN_POINT('',(-0.491127776292716,-0.252730156349065,0.));
#8237=CARTESIAN_POINT('',(-0.489377776292716,-0.252730156349065,0.));
#8238=CARTESIAN_POINT('',(-0.524559236292716,-0.0927301563490654,0.));
#8239=CARTESIAN_POINT('',(-0.522809236292716,-0.0927301563490654,0.));
#8240=CARTESIAN_POINT('',(-0.524559236292716,-0.0927301563490654,-0.021));
#8241=CARTESIAN_POINT('',(-0.491127776292716,-0.252730156349065,-0.021));
#8242=CARTESIAN_POINT('',(-0.524559236292716,-0.252730156349065,-0.021));
#8243=CARTESIAN_POINT('',(-0.491127776292716,-0.0927301563490654,-0.021));
#8244=CARTESIAN_POINT('',(-0.526559236292716,-0.0907301563490654,0.004));
#8245=CARTESIAN_POINT('',(-0.526559236292716,-0.0907301563490654,0.003));
#8246=CARTESIAN_POINT('',(-0.526559236292716,-0.0907301563490654,0.003));
#8247=CARTESIAN_POINT('',(-0.526559236292716,-0.0907301563490654,0.003));
#8248=CARTESIAN_POINT('',(-0.526559236292716,-0.0907301563490654,0.003));
#8249=CARTESIAN_POINT('',(-0.489127776292716,-0.0907301563490654,0.004));
#8250=CARTESIAN_POINT('',(-0.489127776292716,-0.0907301563490654,0.003));
#8251=CARTESIAN_POINT('',(-0.507843506292716,-0.0907301563490654,0.003));
#8252=CARTESIAN_POINT('',(-0.489127776292716,-0.0907301563490654,0.003));
#8253=CARTESIAN_POINT('',(-0.526559236292716,-0.172730156349065,0.003));
#8254=CARTESIAN_POINT('',(-0.526559236292716,-0.254730156349065,0.003));
#8255=CARTESIAN_POINT('',(-0.526559236292716,-0.254730156349065,0.004));
#8256=CARTESIAN_POINT('',(-0.526559236292716,-0.254730156349065,0.003));
#8257=CARTESIAN_POINT('',(-0.489127776292716,-0.0907301563490654,0.003));
#8258=CARTESIAN_POINT('',(-0.489127776292716,-0.0907301563490654,0.003));
#8259=CARTESIAN_POINT('',(-0.526559236292716,-0.254730156349065,0.003));
#8260=CARTESIAN_POINT('',(-0.526559236292716,-0.254730156349065,0.003));
#8261=CARTESIAN_POINT('',(-0.489127776292716,-0.172730156349065,0.003));
#8262=CARTESIAN_POINT('',(-0.489127776292716,-0.254730156349065,0.003));
#8263=CARTESIAN_POINT('',(-0.507843506292716,-0.254730156349065,0.003));
#8264=CARTESIAN_POINT('',(-0.489127776292716,-0.254730156349065,0.003));
#8265=CARTESIAN_POINT('',(-0.489127776292716,-0.254730156349065,0.003));
#8266=CARTESIAN_POINT('',(-0.489127776292716,-0.254730156349065,0.003));
#8267=CARTESIAN_POINT('',(-0.489127776292716,-0.254730156349065,0.004));
#8268=CARTESIAN_POINT('',(0.,0.,0.));
#8269=CARTESIAN_POINT('',(-0.0108125975197498,0.0202,0.185032779449547));
#8270=CARTESIAN_POINT('',(-0.0108125975197498,-0.135,0.196052182881657));
#8271=CARTESIAN_POINT('',(-0.0108125975197498,-0.14,0.196052182881657));
#8272=CARTESIAN_POINT('',(-0.0108125975197498,-0.118082464074058,0.196052182881657));
#8273=CARTESIAN_POINT('',(-0.0108125975197498,-0.118082464074058,0.196052182881657));
#8274=CARTESIAN_POINT('',(-0.0108125975197498,-0.118082464074058,0.198552182881657));
#8275=CARTESIAN_POINT('',(-0.0108125975197498,0.0202,0.198552182881657));
#8276=CARTESIAN_POINT('',(-0.0108125975197498,-0.005,0.198552182881657));
#8277=CARTESIAN_POINT('',(-0.0108125975197498,-0.005,0.148552664063871));
#8278=CARTESIAN_POINT('',(-0.0108125975197498,-0.005,0.173552664063871));
#8279=CARTESIAN_POINT('',(-0.0108125975197498,0.0202,0.173552664063871));
#8280=CARTESIAN_POINT('',(-0.0108125975197498,-0.135,0.173552664063871));
#8281=CARTESIAN_POINT('',(-0.0108125975197498,0.0202,0.173552664063871));
#8282=CARTESIAN_POINT('',(-0.0108125975197498,-0.14,0.173552664063871));
#8283=CARTESIAN_POINT('',(-0.0108125975197498,-0.14,0.185032779449547));
#8284=CARTESIAN_POINT('',(-0.0527500003533143,0.0202,0.197512894835223));
#8285=CARTESIAN_POINT('',(-0.0527500003533143,-0.118082464074058,0.196012894835223));
#8286=CARTESIAN_POINT('',(-0.0527500003533143,-0.118082464074058,0.196012894835223));
#8287=CARTESIAN_POINT('',(-0.0527500003533143,-0.118082464074058,0.198512894835223));
#8288=CARTESIAN_POINT('',(-0.0527500003533143,-0.135,0.196012894835223));
#8289=CARTESIAN_POINT('',(-0.0527500003533143,-0.14,0.196012894835223));
#8290=CARTESIAN_POINT('',(-0.0527500003533143,-0.14,0.197512894835223));
#8291=CARTESIAN_POINT('',(-0.0527500003533143,-0.14,0.173552664063871));
#8292=CARTESIAN_POINT('',(-0.0527500003533143,0.0202,0.173552664063871));
#8293=CARTESIAN_POINT('',(-0.0527500003533143,-0.135,0.173552664063871));
#8294=CARTESIAN_POINT('',(-0.0527500003533143,0.0202,0.173552664063871));
#8295=CARTESIAN_POINT('',(-0.0527500003533143,-0.005,0.173552664063871));
#8296=CARTESIAN_POINT('',(-0.0527500003533143,-0.005,0.148552664063871));
#8297=CARTESIAN_POINT('',(-0.0527500003533143,-0.005,0.198512894835223));
#8298=CARTESIAN_POINT('',(-0.0527500003533143,0.0202,0.198512894835223));
#8299=CARTESIAN_POINT('',(0.0182187010634679,-0.475,0.148552664063871));
#8300=CARTESIAN_POINT('',(0.018218701063468,-0.475,0.168552664063871));
#8301=CARTESIAN_POINT('',(0.0182187010634679,-0.14,0.168552664063871));
#8302=CARTESIAN_POINT('',(0.018218701063468,-0.02,0.168552664063871));
#8303=CARTESIAN_POINT('',(0.018218701063468,-0.02,0.168552664063871));
#8304=CARTESIAN_POINT('',(0.018218701063468,-0.0193228352457991,0.168552664063871));
#8305=CARTESIAN_POINT('',(0.018218701063468,-0.0179926931569896,0.168435690867856));
#8306=CARTESIAN_POINT('',(0.018218701063468,-0.0161063941547648,0.167456730517632));
#8307=CARTESIAN_POINT('',(0.0182187010634679,-0.0151263837219407,0.165597892408087));
#8308=CARTESIAN_POINT('',(0.018218701063468,-0.015,0.164233678773489));
#8309=CARTESIAN_POINT('',(0.018218701063468,-0.015,0.163552664063871));
#8310=CARTESIAN_POINT('',(0.018218701063468,-0.015,0.163552664063871));
#8311=CARTESIAN_POINT('',(0.018218701063468,-0.015,0.168552664063871));
#8312=CARTESIAN_POINT('',(0.018218701063468,-0.015,0.0885526640638709));
#8313=CARTESIAN_POINT('',(0.018218701063468,0.,0.0885526640638709));
#8314=CARTESIAN_POINT('',(0.018218701063468,-0.00482842712474619,0.0885526640638709));
#8315=CARTESIAN_POINT('',(0.0182187010634679,-0.00482842712474619,0.170268392816409));
#8316=CARTESIAN_POINT('',(0.0182187010634679,-0.00482842712474618,0.170268392816409));
#8317=CARTESIAN_POINT('',(0.0182187010634679,-0.475,0.170268392816409));
#8318=CARTESIAN_POINT('',(0.0182187010634679,-0.14,0.170268392816409));
#8319=CARTESIAN_POINT('',(0.0182187010634679,-0.14,0.148552664063871));
#8320=CARTESIAN_POINT('',(-0.081781298936532,-0.475,0.148552664063871));
#8321=CARTESIAN_POINT('',(-0.081781298936532,0.025,0.170268392816409));
#8322=CARTESIAN_POINT('',(-0.081781298936532,-0.14,0.170268392816409));
#8323=CARTESIAN_POINT('',(-0.081781298936532,-0.00482842712474618,0.170268392816409));
#8324=CARTESIAN_POINT('',(-0.081781298936532,-0.00482842712474618,0.148552664063871));
#8325=CARTESIAN_POINT('',(-0.081781298936532,-0.00482842712474618,0.0885526640638709));
#8326=CARTESIAN_POINT('',(-0.081781298936532,-0.5,0.0885526640638709));
#8327=CARTESIAN_POINT('',(-0.081781298936532,-0.015,0.0885526640638709));
#8328=CARTESIAN_POINT('',(-0.081781298936532,-0.015,0.168552664063871));
#8329=CARTESIAN_POINT('',(-0.081781298936532,-0.015,0.163552664063871));
#8330=CARTESIAN_POINT('',(-0.081781298936532,-0.015,0.163552664063871));
#8331=CARTESIAN_POINT('',(-0.081781298936532,-0.015,0.164229828818072));
#8332=CARTESIAN_POINT('',(-0.081781298936532,-0.0151169731960146,0.165559970906881));
#8333=CARTESIAN_POINT('',(-0.081781298936532,-0.0160959335462387,0.167446269909106));
#8334=CARTESIAN_POINT('',(-0.081781298936532,-0.0179547716557837,0.16842628034193));
#8335=CARTESIAN_POINT('',(-0.081781298936532,-0.0193189852903822,0.168552664063871));
#8336=CARTESIAN_POINT('',(-0.081781298936532,-0.02,0.168552664063871));
#8337=CARTESIAN_POINT('',(-0.081781298936532,-0.02,0.168552664063871));
#8338=CARTESIAN_POINT('',(-0.081781298936532,-0.475,0.168552664063871));
#8339=CARTESIAN_POINT('',(-0.081781298936532,-0.14,0.168552664063871));
#8340=CARTESIAN_POINT('',(-0.081781298936532,-0.14,0.148552664063871));
#8341=CARTESIAN_POINT('',(-0.00178129893653203,-0.475,0.198552664063871));
#8342=CARTESIAN_POINT('',(0.0123608366871989,-0.475,0.18441052844014));
#8343=CARTESIAN_POINT('',(0.0123608366871989,-0.14,0.18441052844014));
#8344=CARTESIAN_POINT('',(0.0123608366871989,-0.00482842712474618,0.18441052844014));
#8345=CARTESIAN_POINT('',(0.00407656543973703,-0.00482842712474619,0.192694799687602));
#8346=CARTESIAN_POINT('',(0.00407656543973702,-0.00482842712474618,0.192694799687602));
#8347=CARTESIAN_POINT('',(0.00407656543973702,-0.475,0.192694799687602));
#8348=CARTESIAN_POINT('',(0.00407656543973702,-0.14,0.192694799687602));
#8349=CARTESIAN_POINT('',(-0.00178129893653203,-0.14,0.198552664063871));
#8350=CARTESIAN_POINT('',(0.00414727567681128,-0.14,0.192624089450528));
#8351=CARTESIAN_POINT('',(0.00414727567681132,-0.141509844239703,0.192624089450528));
#8352=CARTESIAN_POINT('',(0.00414727567681131,-0.15171573,0.192624089450528));
#8353=CARTESIAN_POINT('',(0.008218701063468,-0.15171573,0.188552664063871));
#8354=CARTESIAN_POINT('',(0.0122901264501247,-0.15171573,0.184481238677214));
#8355=CARTESIAN_POINT('',(0.0122901264501247,-0.147678338531663,0.184481238677214));
#8356=CARTESIAN_POINT('',(0.0122901264501247,-0.14,0.184481238677214));
#8357=CARTESIAN_POINT('',(-0.00178129893653203,-0.14,0.198552664063871));
#8358=CARTESIAN_POINT('',(0.008218701063468,-0.145857865,0.188552664063871));
#8359=CARTESIAN_POINT('',(0.00945613793054446,-0.145857865,0.187315227196795));
#8360=CARTESIAN_POINT('',(-0.081781298936532,-0.475,0.178552664063871));
#8361=CARTESIAN_POINT('',(-0.0676391633128011,-0.475,0.192694799687602));
#8362=CARTESIAN_POINT('',(-0.0676391633128011,-0.14,0.192694799687602));
#8363=CARTESIAN_POINT('',(-0.0676391633128011,-0.00482842712474618,0.192694799687602));
#8364=CARTESIAN_POINT('',(-0.075923434560263,-0.00482842712474619,0.18441052844014));
#8365=CARTESIAN_POINT('',(-0.075923434560263,-0.00482842712474618,0.18441052844014));
#8366=CARTESIAN_POINT('',(-0.075923434560263,-0.475,0.18441052844014));
#8367=CARTESIAN_POINT('',(-0.075923434560263,-0.14,0.18441052844014));
#8368=CARTESIAN_POINT('',(-0.081781298936532,-0.14,0.178552664063871));
#8369=CARTESIAN_POINT('',(-0.0758527243231887,-0.14,0.184481238677215));
#8370=CARTESIAN_POINT('',(-0.0758527243231887,-0.141759591096801,0.184481238677215));
#8371=CARTESIAN_POINT('',(-0.0758527243231887,-0.15171573,0.184481238677215));
#8372=CARTESIAN_POINT('',(-0.0717812989365321,-0.15171573,0.188552664063871));
#8373=CARTESIAN_POINT('',(-0.0677098735498754,-0.15171573,0.192624089450528));
#8374=CARTESIAN_POINT('',(-0.0677098735498754,-0.142681877894276,0.192624089450528));
#8375=CARTESIAN_POINT('',(-0.0677098735498754,-0.14,0.192624089450528));
#8376=CARTESIAN_POINT('',(-0.081781298936532,-0.14,0.178552664063871));
#8377=CARTESIAN_POINT('',(-0.0717812989365321,-0.145857865,0.188552664063871));
#8378=CARTESIAN_POINT('',(-0.0705438620694556,-0.145857865,0.189790100930947));
#8379=CARTESIAN_POINT('',(-0.00531683284246477,-0.475,0.195017130157938));
#8380=CARTESIAN_POINT('',(-0.00881311193313057,-0.47,0.198513409248604));
#8381=CARTESIAN_POINT('',(-0.00881311193313057,-0.14,0.198513409248604));
#8382=CARTESIAN_POINT('',(-0.00881311193313057,-0.005,0.198513409248604));
#8383=CARTESIAN_POINT('',(-0.00531683284246477,-0.005,0.195017130157938));
#8384=CARTESIAN_POINT('',(-0.0088125975197498,-0.005,0.198512894835223));
#8385=CARTESIAN_POINT('',(-0.0088125975197498,0.0202,0.198512894835223));
#8386=CARTESIAN_POINT('',(-0.0088125975197498,-0.14,0.198512894835223));
#8387=CARTESIAN_POINT('',(-0.00531683284246477,-0.14,0.195017130157938));
#8388=CARTESIAN_POINT('',(-0.0782457650305993,-0.475,0.175017130157938));
#8389=CARTESIAN_POINT('',(-0.0547500003533143,0.0202,0.198512894835223));
#8390=CARTESIAN_POINT('',(-0.0547500003533143,-0.005,0.198512894835223));
#8391=CARTESIAN_POINT('',(-0.0547500003533143,-0.14,0.198512894835223));
#8392=CARTESIAN_POINT('',(-0.0782457650305993,-0.005,0.175017130157938));
#8393=CARTESIAN_POINT('',(-0.0547494859399335,-0.005,0.198513409248604));
#8394=CARTESIAN_POINT('',(-0.0547494859399335,0.02,0.198513409248604));
#8395=CARTESIAN_POINT('',(-0.0547494859399335,-0.14,0.198513409248604));
#8396=CARTESIAN_POINT('',(-0.0782457650305993,-0.14,0.175017130157938));
#8397=CARTESIAN_POINT('',(-0.061781298936532,-0.475,0.170268392816409));
#8398=CARTESIAN_POINT('',(-0.061781298936532,-0.00482842712474618,0.170268392816409));
#8399=CARTESIAN_POINT('',(-0.061781298936532,-0.14,0.170268392816409));
#8400=CARTESIAN_POINT('',(-0.0534970276890701,-0.475,0.178552664063871));
#8401=CARTESIAN_POINT('',(-0.0534970276890701,-0.005,0.178552664063871));
#8402=CARTESIAN_POINT('',(-0.0534970276890701,-0.005,0.198552664063871));
#8403=CARTESIAN_POINT('',(-0.0534970276890701,-0.5,0.198552664063871));
#8404=CARTESIAN_POINT('',(-0.0534970276890701,-0.00482842712474618,0.198552664063871));
#8405=CARTESIAN_POINT('',(-0.0534970276890701,-0.00482842712474618,0.178552664063871));
#8406=CARTESIAN_POINT('',(-0.0534970276890701,-0.14,0.178552664063871));
#8407=CARTESIAN_POINT('',(-0.00178129893653203,-0.475,0.170268392816409));
#8408=CARTESIAN_POINT('',(-0.00178129893653203,-0.00482842712474618,0.170268392816409));
#8409=CARTESIAN_POINT('',(-0.00178129893653203,-0.14,0.170268392816409));
#8410=CARTESIAN_POINT('',(-0.0100655701839939,-0.475,0.178552664063871));
#8411=CARTESIAN_POINT('',(-0.0100655701839939,-0.00482842712474618,0.178552664063871));
#8412=CARTESIAN_POINT('',(-0.0100655701839939,-0.00482842712474618,0.198552664063871));
#8413=CARTESIAN_POINT('',(-0.0100655701839939,-0.5,0.198552664063871));
#8414=CARTESIAN_POINT('',(-0.0100655701839939,-0.005,0.198552664063871));
#8415=CARTESIAN_POINT('',(-0.0100655701839939,-0.005,0.178552664063871));
#8416=CARTESIAN_POINT('',(-0.0100655701839939,-0.14,0.178552664063871));
#8417=CARTESIAN_POINT('',(-0.0537500003533143,0.0202,0.198512894835223));
#8418=CARTESIAN_POINT('',(-0.0451952254121502,-0.133525,0.198512894835223));
#8419=CARTESIAN_POINT('',(-0.0443436337650955,-0.135,0.198512894835223));
#8420=CARTESIAN_POINT('',(-0.0460468170592049,-0.13205,0.198512894835223));
#8421=CARTESIAN_POINT('',(-0.0451952254121502,-0.136475,0.198512894835223));
#8422=CARTESIAN_POINT('',(-0.0460468170592049,-0.13795,0.198512894835223));
#8423=CARTESIAN_POINT('',(-0.0477500003533143,-0.13795,0.198512894835223));
#8424=CARTESIAN_POINT('',(-0.0494531836474237,-0.13795,0.198512894835223));
#8425=CARTESIAN_POINT('',(-0.0503047752944783,-0.136475,0.198512894835223));
#8426=CARTESIAN_POINT('',(-0.051156366941533,-0.135,0.198512894835223));
#8427=CARTESIAN_POINT('',(-0.0503047752944784,-0.133525,0.198512894835223));
#8428=CARTESIAN_POINT('',(-0.0494531836474237,-0.13205,0.198512894835223));
#8429=CARTESIAN_POINT('',(-0.0477500003533143,-0.13205,0.198512894835223));
#8430=CARTESIAN_POINT('',(-0.031781298936532,-0.005,0.198512894835223));
#8431=CARTESIAN_POINT('',(-0.0537500003533143,-0.14,0.198512894835223));
#8432=CARTESIAN_POINT('',(-0.0427500003533142,-0.14,0.198512894835223));
#8433=CARTESIAN_POINT('',(-0.0427500003533142,0.0202,0.198512894835223));
#8434=CARTESIAN_POINT('',(-0.0427500003533142,-0.13,0.198512894835223));
#8435=CARTESIAN_POINT('',(-0.0477500003533143,-0.124041232037029,0.198512894835223));
#8436=CARTESIAN_POINT('',(-0.0098125975197498,0.0202,0.19853253885844));
#8437=CARTESIAN_POINT('',(-0.0307913976558436,-0.005,0.198944646895377));
#8438=CARTESIAN_POINT('',(-0.0108125975197498,0.0202,0.198552182881657));
#8439=CARTESIAN_POINT('',(-0.0108125975197498,-0.14,0.198552182881657));
#8440=CARTESIAN_POINT('',(-0.0098125975197498,-0.14,0.19853253885844));
#8441=CARTESIAN_POINT('',(-0.031781298936532,-0.225,0.173552664063871));
#8442=CARTESIAN_POINT('',(-0.031781298936532,-0.005,0.173552664063871));
#8443=CARTESIAN_POINT('',(-0.031781298936532,-0.135,0.173552664063871));
#8444=CARTESIAN_POINT('',(-0.031781298936532,-0.225,0.168552664063871));
#8445=CARTESIAN_POINT('',(-0.081781298936532,-0.02,0.168552664063871));
#8446=CARTESIAN_POINT('',(-0.0484479656031987,-0.02,0.168552664063871));
#8447=CARTESIAN_POINT('',(-0.0151146322698654,-0.02,0.168552664063871));
#8448=CARTESIAN_POINT('',(0.018218701063468,-0.02,0.168552664063871));
#8449=CARTESIAN_POINT('',(-0.031781298936532,-0.14,0.168552664063871));
#8450=CARTESIAN_POINT('',(0.013218701063468,-0.475,0.148552664063871));
#8451=CARTESIAN_POINT('',(0.013218701063468,-0.14,0.148552664063871));
#8452=CARTESIAN_POINT('',(0.013218701063468,-0.14,0.173552664063871));
#8453=CARTESIAN_POINT('',(0.013218701063468,-0.14,0.172212918101715));
#8454=CARTESIAN_POINT('',(0.013218701063468,0.0202,0.173552664063871));
#8455=CARTESIAN_POINT('',(0.013218701063468,-0.135,0.173552664063871));
#8456=CARTESIAN_POINT('',(0.013218701063468,-0.135,0.163552664063871));
#8457=CARTESIAN_POINT('',(-0.076781298936532,-0.475,0.148552664063871));
#8458=CARTESIAN_POINT('',(-0.076781298936532,0.0202,0.173552664063871));
#8459=CARTESIAN_POINT('',(-0.076781298936532,-0.135,0.173552664063871));
#8460=CARTESIAN_POINT('',(-0.076781298936532,-0.14,0.173552664063871));
#8461=CARTESIAN_POINT('',(-0.076781298936532,-0.14,0.148552664063871));
#8462=CARTESIAN_POINT('',(-0.076781298936532,-0.14,0.172212918101715));
#8463=CARTESIAN_POINT('',(-0.076781298936532,-0.135,0.163552664063871));
#8464=CARTESIAN_POINT('',(-0.031781298936532,-0.135,0.163552664063871));
#8465=CARTESIAN_POINT('',(-0.031781298936532,-0.14,0.172212918101715));
#8466=CARTESIAN_POINT('',(-0.031781298936532,-0.135,0.173552664063871));
#8467=CARTESIAN_POINT('',(-0.031781298936532,-0.135,0.173552664063871));
#8468=CARTESIAN_POINT('',(-0.031781298936532,0.0202,0.173552664063871));
#8469=CARTESIAN_POINT('',(-0.031781298936532,-0.14,0.173552664063871));
#8470=CARTESIAN_POINT('',(-0.031781298936532,0.0202,0.173552664063871));
#8471=CARTESIAN_POINT('',(-0.031781298936532,-0.14,0.173552664063871));
#8472=CARTESIAN_POINT('',(-0.031781298936532,-0.14,0.168552664063871));
#8473=CARTESIAN_POINT('',(-0.0658006852406717,-0.14,0.190714901141324));
#8474=CARTESIAN_POINT('',(-0.0658006852406717,-0.14,0.190714901141324));
#8475=CARTESIAN_POINT('',(-0.0798721106273284,-0.14,0.176643475754667));
#8476=CARTESIAN_POINT('',(-0.0739435360139851,-0.14,0.18257205036801));
#8477=CARTESIAN_POINT('',(-0.073943536013985,-0.14,0.18257205036801));
#8478=CARTESIAN_POINT('',(0.010380938140921,-0.14,0.18257205036801));
#8479=CARTESIAN_POINT('',(0.010380938140921,-0.14,0.18257205036801));
#8480=CARTESIAN_POINT('',(0.00834522544759265,-0.14,0.184607763061339));
#8481=CARTESIAN_POINT('',(0.00223808736760764,-0.14,0.190714901141324));
#8482=CARTESIAN_POINT('',(0.00223808736760764,-0.14,0.190714901141324));
#8483=CARTESIAN_POINT('',(-0.0208125975197498,-0.14,0.198552182881657));
#8484=CARTESIAN_POINT('',(-0.0208125975197498,-0.14,0.198552182881657));
#8485=CARTESIAN_POINT('',(-0.0208125975197498,-0.14,0.185032779449547));
#8486=CARTESIAN_POINT('',(-0.0208125975197498,-0.14,0.196052182881657));
#8487=CARTESIAN_POINT('',(-0.0208125975197498,-0.14,0.196052182881657));
#8488=CARTESIAN_POINT('',(-0.0427500003533142,-0.14,0.196012894835223));
#8489=CARTESIAN_POINT('',(-0.0427500003533142,-0.14,0.196012894835223));
#8490=CARTESIAN_POINT('',(-0.0427500003533142,-0.14,0.197512894835223));
#8491=CARTESIAN_POINT('',(-0.0083125975197498,-0.14,0.181052664063871));
#8492=CARTESIAN_POINT('',(-0.0083125975197498,-0.14,0.176052664063871));
#8493=CARTESIAN_POINT('',(-0.0083125975197498,-0.14,0.186052664063871));
#8494=CARTESIAN_POINT('',(-0.00331259751974981,-0.14,0.186052664063871));
#8495=CARTESIAN_POINT('',(0.0016874024802502,-0.14,0.186052664063871));
#8496=CARTESIAN_POINT('',(0.0016874024802502,-0.14,0.181052664063871));
#8497=CARTESIAN_POINT('',(0.0016874024802502,-0.14,0.176052664063871));
#8498=CARTESIAN_POINT('',(-0.0033125975197498,-0.14,0.176052664063871));
#8499=CARTESIAN_POINT('',(-0.0602500003533143,-0.14,0.176052664063871));
#8500=CARTESIAN_POINT('',(-0.0552500003533143,-0.14,0.176052664063871));
#8501=CARTESIAN_POINT('',(-0.0652500003533143,-0.14,0.176052664063871));
#8502=CARTESIAN_POINT('',(-0.0652500003533143,-0.14,0.181052664063871));
#8503=CARTESIAN_POINT('',(-0.0652500003533143,-0.14,0.186052664063871));
#8504=CARTESIAN_POINT('',(-0.0602500003533143,-0.14,0.186052664063871));
#8505=CARTESIAN_POINT('',(-0.0552500003533143,-0.14,0.186052664063871));
#8506=CARTESIAN_POINT('',(-0.0552500003533143,-0.14,0.181052664063871));
#8507=CARTESIAN_POINT('',(-0.031781298936532,-0.00482842712474619,0.193724236939125));
#8508=CARTESIAN_POINT('',(-0.0100655701839939,-0.00482842712474618,0.193724236939125));
#8509=CARTESIAN_POINT('',(-0.0100655701839939,0.,0.193724236939125));
#8510=CARTESIAN_POINT('',(-0.0100655701839939,0.,0.193724236939125));
#8511=CARTESIAN_POINT('',(-0.0534970276890701,0.,0.193724236939125));
#8512=CARTESIAN_POINT('',(-0.0534970276890701,-0.00482842712474619,0.193724236939125));
#8513=CARTESIAN_POINT('',(-0.0534970276890701,-0.00482842712474619,0.198552664063871));
#8514=CARTESIAN_POINT('',(-0.031781298936532,0.,0.148552664063871));
#8515=CARTESIAN_POINT('',(-0.0568812989365321,0.,0.107092664063871));
#8516=CARTESIAN_POINT('',(-0.0568812989365321,0.,0.095967664063871));
#8517=CARTESIAN_POINT('',(-0.00668129893653203,0.,0.107092664063871));
#8518=CARTESIAN_POINT('',(-0.00668129893653203,0.,0.095967664063871));
#8519=CARTESIAN_POINT('',(0.018218701063468,0.,0.0885526640638709));
#8520=CARTESIAN_POINT('',(0.0133902739387218,0.,0.0837242369391247));
#8521=CARTESIAN_POINT('',(0.00407656543973702,0.,0.07441052844014));
#8522=CARTESIAN_POINT('',(-0.0100655701839939,0.,0.0885526640638709));
#8523=CARTESIAN_POINT('',(-0.0100655701839939,0.,0.0685526640638709));
#8524=CARTESIAN_POINT('',(-0.031781298936532,0.,0.0685526640638709));
#8525=CARTESIAN_POINT('',(-0.0534970276890701,0.,0.0685526640638709));
#8526=CARTESIAN_POINT('',(-0.0534970276890701,0.,0.0885526640638709));
#8527=CARTESIAN_POINT('',(-0.0676391633128011,0.,0.07441052844014));
#8528=CARTESIAN_POINT('',(-0.061781298936532,0.,0.0685526640638709));
#8529=CARTESIAN_POINT('',(-0.0769528718117858,0.,0.0837242369391247));
#8530=CARTESIAN_POINT('',(-0.0769528718117858,0.,0.148552664063871));
#8531=CARTESIAN_POINT('',(-0.0769528718117858,0.,0.170268392816409));
#8532=CARTESIAN_POINT('',(-0.061781298936532,0.,0.170268392816409));
#8533=CARTESIAN_POINT('',(-0.0725092209978899,0.,0.180996314877767));
#8534=CARTESIAN_POINT('',(-0.064224949750428,0.,0.189280586125229));
#8535=CARTESIAN_POINT('',(-0.064224949750428,0.,0.189280586125229));
#8536=CARTESIAN_POINT('',(-0.0534970276890701,0.,0.178552664063871));
#8537=CARTESIAN_POINT('',(-0.0100655701839939,0.,0.178552664063871));
#8538=CARTESIAN_POINT('',(0.000662351877363926,0.,0.189280586125229));
#8539=CARTESIAN_POINT('',(0.00894662312482582,0.,0.180996314877767));
#8540=CARTESIAN_POINT('',(0.00894662312482582,0.,0.180996314877767));
#8541=CARTESIAN_POINT('',(-0.00178129893653203,0.,0.170268392816409));
#8542=CARTESIAN_POINT('',(0.0133902739387218,0.,0.170268392816409));
#8543=CARTESIAN_POINT('',(0.0133902739387218,0.,0.0885526640638709));
#8544=CARTESIAN_POINT('',(-0.0124997260612782,0.,0.145304804403855));
#8545=CARTESIAN_POINT('',(-0.0024264114927424,0.,0.128026831906964));
#8546=CARTESIAN_POINT('',(0.00748638291866762,0.,0.14455952067149));
#8547=CARTESIAN_POINT('',(-0.0124997260612782,0.,0.143814236939125));
#8548=CARTESIAN_POINT('',(-0.0124997260612782,0.,0.163814236939125));
#8549=CARTESIAN_POINT('',(-0.031781298936532,0.,0.163814236939125));
#8550=CARTESIAN_POINT('',(-0.0510628718117858,0.,0.163814236939125));
#8551=CARTESIAN_POINT('',(-0.0510628718117858,0.,0.143814236939125));
#8552=CARTESIAN_POINT('',(-0.0710489807917317,0.,0.14455952067149));
#8553=CARTESIAN_POINT('',(-0.0510628718117858,0.,0.145304804403855));
#8554=CARTESIAN_POINT('',(-0.0611361863803217,0.,0.128026831906964));
#8555=CARTESIAN_POINT('',(-0.0622795853741589,0.,0.128693450501498));
#8556=CARTESIAN_POINT('',(-0.0581651808635792,0.,0.12629469156698));
#8557=CARTESIAN_POINT('',(-0.0480918662950433,0.,0.143572664063871));
#8558=CARTESIAN_POINT('',(-0.0480918662950433,0.,0.123572664063871));
#8559=CARTESIAN_POINT('',(-0.031781298936532,0.,0.123572664063871));
#8560=CARTESIAN_POINT('',(-0.0154707315780208,0.,0.123572664063871));
#8561=CARTESIAN_POINT('',(-0.0154707315780208,0.,0.143572664063871));
#8562=CARTESIAN_POINT('',(-0.00539741700948491,0.,0.12629469156698));
#8563=CARTESIAN_POINT('',(-0.00128301249890513,0.,0.128693450501498));
#8564=CARTESIAN_POINT('',(-0.0510628718117858,-0.0155,0.143814236939125));
#8565=CARTESIAN_POINT('',(-0.0510628718117858,-0.015,0.143814236939125));
#8566=CARTESIAN_POINT('',(-0.0710489807917317,-0.015,0.14455952067149));
#8567=CARTESIAN_POINT('',(-0.0542869212262699,-0.015,0.163552664064227));
#8568=CARTESIAN_POINT('',(-0.0710489807917317,-0.0075,0.14455952067149));
#8569=CARTESIAN_POINT('',(-0.0510628718117858,0.,0.163814236939125));
#8570=CARTESIAN_POINT('',(-0.0510628718117858,-0.0150035135403879,0.163814236939125));
#8571=CARTESIAN_POINT('',(-0.0510628718117858,-0.0150035135403879,0.163814236939125));
#8572=CARTESIAN_POINT('',(-0.0521446301841274,-0.0150035135403879,0.163814236939125));
#8573=CARTESIAN_POINT('',(-0.0532193107862982,-0.0150000000000062,0.163727046186575));
#8574=CARTESIAN_POINT('',(-0.0542869212262699,-0.015,0.163552664064227));
#8575=CARTESIAN_POINT('',(-0.0510628718117858,-0.0155,0.145304804403855));
#8576=CARTESIAN_POINT('',(-0.0510628718117858,-0.015,0.145304804403855));
#8577=CARTESIAN_POINT('',(-0.0611361863803217,-0.015,0.128026831906964));
#8578=CARTESIAN_POINT('',(-0.0611361863803217,-0.0155,0.128026831906964));
#8579=CARTESIAN_POINT('',(-0.0622795853741589,-0.0155,0.128693450501498));
#8580=CARTESIAN_POINT('',(-0.0568614655610538,-0.015,0.125534606183552));
#8581=CARTESIAN_POINT('',(-0.0581651808635792,-0.015,0.12629469156698));
#8582=CARTESIAN_POINT('',(-0.0581651808635792,0.,0.12629469156698));
#8583=CARTESIAN_POINT('',(-0.0480918662950433,-0.0155,0.143572664063871));
#8584=CARTESIAN_POINT('',(-0.0480918662950433,-0.015,0.143572664063871));
#8585=CARTESIAN_POINT('',(-0.0480918662950433,-0.015,0.123572664063871));
#8586=CARTESIAN_POINT('',(-0.0480918662950433,-0.015,0.123572664063871));
#8587=CARTESIAN_POINT('',(-0.031781298936532,-0.0155,0.123572664063871));
#8588=CARTESIAN_POINT('',(-0.031781298936532,-0.015,0.123572664063871));
#8589=CARTESIAN_POINT('',(-0.0154707315780208,-0.015,0.123572664063871));
#8590=CARTESIAN_POINT('',(-0.0154707315780208,0.,0.123572664063871));
#8591=CARTESIAN_POINT('',(-0.0154707315780208,-0.0155,0.143572664063871));
#8592=CARTESIAN_POINT('',(-0.0154707315780208,-0.015,0.143572664063871));
#8593=CARTESIAN_POINT('',(-0.0053974170094849,-0.015,0.12629469156698));
#8594=CARTESIAN_POINT('',(-0.00539741700948491,-0.015,0.12629469156698));
#8595=CARTESIAN_POINT('',(-0.00128301249890513,-0.0155,0.128693450501498));
#8596=CARTESIAN_POINT('',(-0.00670113231201027,-0.015,0.125534606183552));
#8597=CARTESIAN_POINT('',(-0.00242641149274239,-0.015,0.128026831906964));
#8598=CARTESIAN_POINT('',(-0.0024264114927424,0.,0.128026831906964));
#8599=CARTESIAN_POINT('',(-0.0124997260612782,-0.0155,0.145304804403855));
#8600=CARTESIAN_POINT('',(-0.0124997260612782,-0.015,0.145304804403855));
#8601=CARTESIAN_POINT('',(0.00748638291866762,-0.015,0.14455952067149));
#8602=CARTESIAN_POINT('',(0.00748638291866762,-0.0075,0.14455952067149));
#8603=CARTESIAN_POINT('',(-0.0124997260612782,-0.0155,0.143814236939125));
#8604=CARTESIAN_POINT('',(-0.0124997260612782,-0.015,0.143814236939125));
#8605=CARTESIAN_POINT('',(-0.00927567717422099,-0.015,0.163552664150376));
#8606=CARTESIAN_POINT('',(-0.009275677174221,-0.015,0.163552664150376));
#8607=CARTESIAN_POINT('',(-0.0103432874418847,-0.0150000000015085,0.163727046215291));
#8608=CARTESIAN_POINT('',(-0.0114179678682478,-0.0150035135403879,0.163814236939125));
#8609=CARTESIAN_POINT('',(-0.0124997260612782,-0.0150035135403879,0.163814236939125));
#8610=CARTESIAN_POINT('',(-0.0124997260612782,-0.0150035135403879,0.163814236939125));
#8611=CARTESIAN_POINT('',(-0.0124997260612782,-0.0155,0.163814236939125));
#8612=CARTESIAN_POINT('',(-0.031781298936532,-0.0155,0.163814236939125));
#8613=CARTESIAN_POINT('',(-0.0124997260612782,-0.0150035135403879,0.163814236939125));
#8614=CARTESIAN_POINT('',(-0.0534970276890701,-0.5,0.0885526640638709));
#8615=CARTESIAN_POINT('',(-0.0534970276890701,-0.015,0.0885526640638709));
#8616=CARTESIAN_POINT('',(-0.0676391633128011,-0.015,0.07441052844014));
#8617=CARTESIAN_POINT('',(-0.0534970276890701,-0.015,0.0685526640638709));
#8618=CARTESIAN_POINT('',(-0.0676391633128011,-0.015,0.07441052844014));
#8619=CARTESIAN_POINT('',(-0.0534970276890701,0.,0.0685526640638709));
#8620=CARTESIAN_POINT('',(-0.0100655701839939,-0.5,0.0885526640638709));
#8621=CARTESIAN_POINT('',(0.00407656543973702,0.,0.07441052844014));
#8622=CARTESIAN_POINT('',(0.00407656543973702,-0.015,0.07441052844014));
#8623=CARTESIAN_POINT('',(-0.0100655701839939,-0.015,0.0885526640638709));
#8624=CARTESIAN_POINT('',(-0.0100655701839939,-0.015,0.0685526640638709));
#8625=CARTESIAN_POINT('',(-0.0100655701839939,-0.015,0.0685526640638709));
#8626=CARTESIAN_POINT('',(-0.031781298936532,-0.5,0.0685526640638709));
#8627=CARTESIAN_POINT('',(-0.031781298936532,-0.015,0.0685526640638709));
#8628=CARTESIAN_POINT('',(0.0133902739387218,-0.00482842712474619,0.148552664063871));
#8629=CARTESIAN_POINT('',(0.0133902739387218,-0.00482842712474619,0.0837242369391247));
#8630=CARTESIAN_POINT('',(0.0133902739387218,-0.00482842712474619,0.170268392816409));
#8631=CARTESIAN_POINT('',(0.018218701063468,-0.5,0.0885526640638709));
#8632=CARTESIAN_POINT('',(0.018218701063468,-0.015,0.0885526640638709));
#8633=CARTESIAN_POINT('',(-0.061781298936532,-0.5,0.0685526640638709));
#8634=CARTESIAN_POINT('',(-0.061781298936532,-0.015,0.0685526640638709));
#8635=CARTESIAN_POINT('',(-0.0769528718117858,-0.00482842712474618,0.0837242369391247));
#8636=CARTESIAN_POINT('',(-0.0769528718117858,-0.00482842712474618,0.148552664063871));
#8637=CARTESIAN_POINT('',(-0.0769528718117858,-0.00482842712474618,0.170268392816409));
#8638=CARTESIAN_POINT('',(0.00480448750109488,-0.00482842712474619,0.185138450501498));
#8639=CARTESIAN_POINT('',(0.00894662312482583,-0.00482842712474618,0.180996314877767));
#8640=CARTESIAN_POINT('',(0.000662351877363925,-0.00482842712474619,0.189280586125229));
#8641=CARTESIAN_POINT('',(-0.0683670853741589,-0.00482842712474619,0.185138450501498));
#8642=CARTESIAN_POINT('',(-0.064224949750428,-0.00482842712474618,0.189280586125229));
#8643=CARTESIAN_POINT('',(-0.0725092209978899,-0.00482842712474619,0.180996314877767));
#8644=CARTESIAN_POINT('',(-0.061781298936532,-0.00482842712474618,0.170268392816409));
#8645=CARTESIAN_POINT('',(-0.0534970276890701,-0.00482842712474618,0.178552664063871));
#8646=CARTESIAN_POINT('',(-0.00178129893653203,-0.00482842712474618,0.170268392816409));
#8647=CARTESIAN_POINT('',(-0.031781298936532,-0.5,0.198552664063871));
#8648=CARTESIAN_POINT('',(-0.030306298936532,-0.0125547749411641,0.198552664063871));
#8649=CARTESIAN_POINT('',(-0.031781298936532,-0.0134063665882188,0.198552664063871));
#8650=CARTESIAN_POINT('',(-0.0288312989365321,-0.0117031832941094,0.198552664063871));
#8651=CARTESIAN_POINT('',(-0.033256298936532,-0.0125547749411641,0.198552664063871));
#8652=CARTESIAN_POINT('',(-0.034731298936532,-0.0117031832941095,0.198552664063871));
#8653=CARTESIAN_POINT('',(-0.034731298936532,-0.01,0.198552664063871));
#8654=CARTESIAN_POINT('',(-0.034731298936532,-0.00829681670589062,0.198552664063871));
#8655=CARTESIAN_POINT('',(-0.033256298936532,-0.00744522505883591,0.198552664063871));
#8656=CARTESIAN_POINT('',(-0.031781298936532,-0.00659363341178121,0.198552664063871));
#8657=CARTESIAN_POINT('',(-0.0303062989365321,-0.00744522505883591,0.198552664063871));
#8658=CARTESIAN_POINT('',(-0.0288312989365321,-0.0082968167058906,0.198552664063871));
#8659=CARTESIAN_POINT('',(-0.0288312989365321,-0.01,0.198552664063871));
#8660=CARTESIAN_POINT('',(-0.031781298936532,-0.005,0.198552664063871));
#8661=CARTESIAN_POINT('',(-0.0367812989365321,-0.005,0.198552664063871));
#8662=CARTESIAN_POINT('',(-0.0367812989365321,-0.015,0.198552664063871));
#8663=CARTESIAN_POINT('',(-0.0367812989365321,-0.015,0.198552664063871));
#8664=CARTESIAN_POINT('',(-0.031781298936532,-0.015,0.198552664063871));
#8665=CARTESIAN_POINT('',(-0.0267812989365321,-0.015,0.198552664063871));
#8666=CARTESIAN_POINT('',(-0.0267812989365321,-0.015,0.198552664063871));
#8667=CARTESIAN_POINT('',(-0.0267812989365321,-0.005,0.198552664063871));
#8668=CARTESIAN_POINT('',(-0.031781298936532,-0.005,0.198552664063871));
#8669=CARTESIAN_POINT('',(-0.0100655701839939,-0.00482842712474618,0.178552664063871));
#8670=CARTESIAN_POINT('',(-0.031781298936532,-0.005,0.148552664063871));
#8671=CARTESIAN_POINT('',(-0.0367812989365321,-0.005,0.197302664063871));
#8672=CARTESIAN_POINT('',(-0.0367812989365321,-0.005,0.196052664063871));
#8673=CARTESIAN_POINT('',(-0.0267812989365321,-0.005,0.197302664063871));
#8674=CARTESIAN_POINT('',(-0.0267812989365321,-0.005,0.196052664063871));
#8675=CARTESIAN_POINT('',(-0.035531298936532,-0.005,0.196052664063871));
#8676=CARTESIAN_POINT('',(-0.031781298936532,-0.015,0.168552664063871));
#8677=CARTESIAN_POINT('',(-0.0568812989365321,-0.015,0.107092664063871));
#8678=CARTESIAN_POINT('',(-0.0568812989365321,-0.015,0.118217664063871));
#8679=CARTESIAN_POINT('',(-0.00668129893653203,-0.015,0.107092664063871));
#8680=CARTESIAN_POINT('',(-0.00668129893653203,-0.015,0.118217664063871));
#8681=CARTESIAN_POINT('',(0.018218701063468,-0.015,0.163552664063871));
#8682=CARTESIAN_POINT('',(0.00905390831286176,-0.015,0.163552664063871));
#8683=CARTESIAN_POINT('',(-0.000110884437744446,-0.015,0.163552664063871));
#8684=CARTESIAN_POINT('',(-0.00927567718835065,-0.015,0.163552664063871));
#8685=CARTESIAN_POINT('',(-0.0542869212262117,-0.015,0.163552664063871));
#8686=CARTESIAN_POINT('',(-0.0634517137963185,-0.015,0.163552664063871));
#8687=CARTESIAN_POINT('',(-0.0726165063664253,-0.015,0.163552664063871));
#8688=CARTESIAN_POINT('',(-0.081781298936532,-0.015,0.163552664063871));
#8689=CARTESIAN_POINT('',(-0.00668129893653203,0.078,0.107092664063871));
#8690=CARTESIAN_POINT('',(-0.0568812989365321,0.078,0.107092664063871));
#8691=CARTESIAN_POINT('',(-0.0083125975197498,-0.0225,0.181052664063871));
#8692=CARTESIAN_POINT('',(-0.0083125975197498,-0.0225,0.176052664063871));
#8693=CARTESIAN_POINT('',(-0.0083125975197498,-0.0225,0.176052664063871));
#8694=CARTESIAN_POINT('',(-0.0083125975197498,-0.0225,0.181052664063871));
#8695=CARTESIAN_POINT('',(-0.0083125975197498,-0.0225,0.186052664063871));
#8696=CARTESIAN_POINT('',(-0.0083125975197498,-0.0225,0.186052664063871));
#8697=CARTESIAN_POINT('',(-0.0033125975197498,-0.0225,0.176052664063871));
#8698=CARTESIAN_POINT('',(0.0016874024802502,-0.0225,0.176052664063871));
#8699=CARTESIAN_POINT('',(0.0016874024802502,-0.0225,0.176052664063871));
#8700=CARTESIAN_POINT('',(-0.0033125975197498,-0.0225,0.176052664063871));
#8701=CARTESIAN_POINT('',(0.0016874024802502,-0.0225,0.181052664063871));
#8702=CARTESIAN_POINT('',(0.0016874024802502,-0.0225,0.186052664063871));
#8703=CARTESIAN_POINT('',(0.0016874024802502,-0.0225,0.186052664063871));
#8704=CARTESIAN_POINT('',(0.0016874024802502,-0.0225,0.181052664063871));
#8705=CARTESIAN_POINT('',(-0.00331259751974981,-0.0225,0.186052664063871));
#8706=CARTESIAN_POINT('',(-0.00331259751974981,-0.0225,0.186052664063871));
#8707=CARTESIAN_POINT('',(-0.031781298936532,-0.0225,0.183552423472764));
#8708=CARTESIAN_POINT('',(-0.0602500003533143,-0.0225,0.176052664063871));
#8709=CARTESIAN_POINT('',(-0.0552500003533143,-0.0225,0.176052664063871));
#8710=CARTESIAN_POINT('',(-0.0552500003533143,-0.0225,0.176052664063871));
#8711=CARTESIAN_POINT('',(-0.0602500003533143,-0.0225,0.176052664063871));
#8712=CARTESIAN_POINT('',(-0.0652500003533143,-0.0225,0.176052664063871));
#8713=CARTESIAN_POINT('',(-0.0652500003533143,-0.0225,0.176052664063871));
#8714=CARTESIAN_POINT('',(-0.0552500003533143,-0.0225,0.181052664063871));
#8715=CARTESIAN_POINT('',(-0.0552500003533143,-0.0225,0.186052664063871));
#8716=CARTESIAN_POINT('',(-0.0552500003533143,-0.0225,0.186052664063871));
#8717=CARTESIAN_POINT('',(-0.0552500003533143,-0.0225,0.181052664063871));
#8718=CARTESIAN_POINT('',(-0.0602500003533143,-0.0225,0.186052664063871));
#8719=CARTESIAN_POINT('',(-0.0652500003533143,-0.0225,0.186052664063871));
#8720=CARTESIAN_POINT('',(-0.0652500003533143,-0.0225,0.186052664063871));
#8721=CARTESIAN_POINT('',(-0.0602500003533143,-0.0225,0.186052664063871));
#8722=CARTESIAN_POINT('',(-0.0652500003533143,-0.0225,0.181052664063871));
#8723=CARTESIAN_POINT('',(-0.0652500003533143,-0.0225,0.181052664063871));
#8724=CARTESIAN_POINT('',(-0.031781298936532,-0.0225,0.183552423472764));
#8725=CARTESIAN_POINT('',(0.00223808736760764,-0.141509844239703,0.190714901141324));
#8726=CARTESIAN_POINT('',(0.00223808736760764,-0.141509844239703,0.190714901141324));
#8727=CARTESIAN_POINT('',(0.00223808736760764,-0.15171573,0.190714901141324));
#8728=CARTESIAN_POINT('',(0.00223808736760764,-0.15171573,0.190714901141324));
#8729=CARTESIAN_POINT('',(0.00630951275426432,-0.15171573,0.186643475754667));
#8730=CARTESIAN_POINT('',(0.00630951275426432,-0.15171573,0.186643475754667));
#8731=CARTESIAN_POINT('',(0.010380938140921,-0.15171573,0.18257205036801));
#8732=CARTESIAN_POINT('',(0.010380938140921,-0.15171573,0.18257205036801));
#8733=CARTESIAN_POINT('',(0.010380938140921,-0.147678338531663,0.18257205036801));
#8734=CARTESIAN_POINT('',(0.010380938140921,-0.147678338531663,0.18257205036801));
#8735=CARTESIAN_POINT('',(0.00630951275426432,-0.145857865,0.186643475754667));
#8736=CARTESIAN_POINT('',(0.00630951275426432,-0.145857865,0.186643475754667));
#8737=CARTESIAN_POINT('',(0.00754694962134078,-0.145857865,0.185406038887591));
#8738=CARTESIAN_POINT('',(0.0063095127542643,-0.145857865,0.186643475754667));
#8739=CARTESIAN_POINT('',(-0.0658006852406717,-0.142681877894276,0.190714901141324));
#8740=CARTESIAN_POINT('',(-0.0658006852406717,-0.15171573,0.190714901141324));
#8741=CARTESIAN_POINT('',(-0.0658006852406717,-0.15171573,0.190714901141324));
#8742=CARTESIAN_POINT('',(-0.0658006852406717,-0.142681877894276,0.190714901141324));
#8743=CARTESIAN_POINT('',(-0.0739435360139851,-0.141759591096801,0.18257205036801));
#8744=CARTESIAN_POINT('',(-0.0739435360139851,-0.141759591096801,0.18257205036801));
#8745=CARTESIAN_POINT('',(-0.0739435360139851,-0.15171573,0.18257205036801));
#8746=CARTESIAN_POINT('',(-0.0739435360139851,-0.15171573,0.18257205036801));
#8747=CARTESIAN_POINT('',(-0.0698721106273284,-0.15171573,0.186643475754667));
#8748=CARTESIAN_POINT('',(-0.0698721106273284,-0.15171573,0.186643475754667));
#8749=CARTESIAN_POINT('',(-0.0698721106273284,-0.145857865,0.186643475754667));
#8750=CARTESIAN_POINT('',(-0.0698721106273284,-0.145857865,0.186643475754667));
#8751=CARTESIAN_POINT('',(-0.0686346737602519,-0.145857865,0.187880912621744));
#8752=CARTESIAN_POINT('',(-0.0698721106273284,-0.0782720785623732,0.186643475754667));
#8753=CARTESIAN_POINT('',(0.0182187010634679,-0.02,0.168552664063871));
#8754=CARTESIAN_POINT('',(-0.081781298936532,-0.02,0.168552664063871));
#8755=CARTESIAN_POINT('',(0.018218701063468,-0.0166666666666667,0.168552664063871));
#8756=CARTESIAN_POINT('',(-0.081781298936532,-0.0166666666666667,0.168552664063871));
#8757=CARTESIAN_POINT('',(0.018218701063468,-0.015,0.166885997397205));
#8758=CARTESIAN_POINT('',(-0.081781298936532,-0.015,0.166885997397205));
#8759=CARTESIAN_POINT('',(0.018218701063468,-0.015,0.163552664063871));
#8760=CARTESIAN_POINT('',(-0.081781298936532,-0.015,0.163552664063871));
#8761=CARTESIAN_POINT('',(-0.035531298936532,-0.015,0.196052664063871));
#8762=CARTESIAN_POINT('',(-0.0352838624459931,-0.0154285725732599,0.196052664063871));
#8763=CARTESIAN_POINT('',(-0.0288312989365321,-0.0117031832941094,0.196052664063871));
#8764=CARTESIAN_POINT('',(-0.031781298936532,-0.0134063665882188,0.196052664063871));
#8765=CARTESIAN_POINT('',(-0.028831298936532,-0.015,0.196052664063871));
#8766=CARTESIAN_POINT('',(-0.0288312989365321,-0.0082968167058906,0.196052664063871));
#8767=CARTESIAN_POINT('',(-0.030953735427071,-0.00707142742674007,0.196052664063871));
#8768=CARTESIAN_POINT('',(-0.031781298936532,-0.00659363341178121,0.196052664063871));
#8769=CARTESIAN_POINT('',(-0.0382338624459931,-0.0103190226909317,0.196052664063871));
#8770=CARTESIAN_POINT('',(-0.034731298936532,-0.00829681670589062,0.196052664063871));
#8771=CARTESIAN_POINT('',(-0.034731298936532,-0.015,0.196052664063871));
#8772=CARTESIAN_POINT('',(-0.034731298936532,-0.0117031832941094,0.196052664063871));
#8773=CARTESIAN_POINT('',(-0.033903735427071,-0.0121809773090683,0.196052664063871));
#8774=CARTESIAN_POINT('',(-0.0267812989365321,-0.015,0.196052664063871));
#8775=CARTESIAN_POINT('',(-0.0267812989365321,-0.015,0.196052664063871));
#8776=CARTESIAN_POINT('',(-0.035531298936532,-0.015,0.196052664063871));
#8777=CARTESIAN_POINT('',(-0.0367812989365321,-0.015,0.196052664063871));
#8778=CARTESIAN_POINT('',(-0.0367812989365321,-0.015,0.196052664063871));
#8779=CARTESIAN_POINT('',(-0.0267812989365321,-0.015,0.197302664063871));
#8780=CARTESIAN_POINT('',(-0.0267812989365321,-0.015,0.197302664063871));
#8781=CARTESIAN_POINT('',(-0.0367812989365321,-0.015,0.197302664063871));
#8782=CARTESIAN_POINT('',(-0.0367812989365321,-0.015,0.197302664063871));
#8783=CARTESIAN_POINT('',(-0.031781298936532,-0.015,0.186052664063871));
#8784=CARTESIAN_POINT('',(-0.030306298936532,-0.0125547749411641,0.173552664063871));
#8785=CARTESIAN_POINT('',(-0.031781298936532,-0.0134063665882188,0.173552664063871));
#8786=CARTESIAN_POINT('',(-0.0288312989365321,-0.0117031832941094,0.173552664063871));
#8787=CARTESIAN_POINT('',(-0.0288312989365321,-0.01,0.173552664063871));
#8788=CARTESIAN_POINT('',(-0.0288312989365321,-0.0082968167058906,0.173552664063871));
#8789=CARTESIAN_POINT('',(-0.0303062989365321,-0.00744522505883591,0.173552664063871));
#8790=CARTESIAN_POINT('',(-0.031781298936532,-0.00659363341178121,0.173552664063871));
#8791=CARTESIAN_POINT('',(-0.033256298936532,-0.00744522505883591,0.173552664063871));
#8792=CARTESIAN_POINT('',(-0.034731298936532,-0.00829681670589062,0.173552664063871));
#8793=CARTESIAN_POINT('',(-0.034731298936532,-0.01,0.173552664063871));
#8794=CARTESIAN_POINT('',(-0.034731298936532,-0.0117031832941094,0.173552664063871));
#8795=CARTESIAN_POINT('',(-0.033256298936532,-0.0125547749411641,0.173552664063871));
#8796=CARTESIAN_POINT('',(-0.0427500003533142,-0.135,0.196012894835223));
#8797=CARTESIAN_POINT('',(-0.0439452254121502,-0.134309936490539,0.196012894835223));
#8798=CARTESIAN_POINT('',(-0.0460468170592049,-0.13795,0.196012894835223));
#8799=CARTESIAN_POINT('',(-0.0443436337650955,-0.135,0.196012894835223));
#8800=CARTESIAN_POINT('',(-0.0439452254121502,-0.135690063509461,0.196012894835223));
#8801=CARTESIAN_POINT('',(-0.0460468170592049,-0.13205,0.196012894835223));
#8802=CARTESIAN_POINT('',(-0.0427500003533142,-0.13205,0.196012894835223));
#8803=CARTESIAN_POINT('',(-0.0494531836474237,-0.13205,0.196012894835223));
#8804=CARTESIAN_POINT('',(-0.0490547752944784,-0.131359936490539,0.196012894835223));
#8805=CARTESIAN_POINT('',(-0.051156366941533,-0.135,0.196012894835223));
#8806=CARTESIAN_POINT('',(-0.0490547752944783,-0.138640063509461,0.196012894835223));
#8807=CARTESIAN_POINT('',(-0.0494531836474237,-0.13795,0.196012894835223));
#8808=CARTESIAN_POINT('',(-0.0427500003533142,-0.13795,0.196012894835223));
#8809=CARTESIAN_POINT('',(-0.0477500003533143,-0.124041232037029,0.196012894835223));
#8810=CARTESIAN_POINT('',(-0.0427500003533142,-0.13,0.196012894835223));
#8811=CARTESIAN_POINT('',(-0.0427500003533142,-0.135,0.196012894835223));
#8812=CARTESIAN_POINT('',(-0.0427500003533142,-0.0725,0.186032779449547));
#8813=CARTESIAN_POINT('',(-0.0427500003533142,-0.13,0.197262894835223));
#8814=CARTESIAN_POINT('',(-0.0451952254121502,-0.133525,0.188512894835223));
#8815=CARTESIAN_POINT('',(-0.0443436337650955,-0.135,0.188512894835223));
#8816=CARTESIAN_POINT('',(-0.0460468170592049,-0.13205,0.188512894835223));
#8817=CARTESIAN_POINT('',(-0.0477500003533143,-0.13205,0.188512894835223));
#8818=CARTESIAN_POINT('',(-0.0494531836474237,-0.13205,0.188512894835223));
#8819=CARTESIAN_POINT('',(-0.0503047752944784,-0.133525,0.188512894835223));
#8820=CARTESIAN_POINT('',(-0.051156366941533,-0.135,0.188512894835223));
#8821=CARTESIAN_POINT('',(-0.0503047752944783,-0.136475,0.188512894835223));
#8822=CARTESIAN_POINT('',(-0.0494531836474237,-0.13795,0.188512894835223));
#8823=CARTESIAN_POINT('',(-0.0477500003533143,-0.13795,0.188512894835223));
#8824=CARTESIAN_POINT('',(-0.0460468170592049,-0.13795,0.188512894835223));
#8825=CARTESIAN_POINT('',(-0.0451952254121502,-0.136475,0.188512894835223));
#8826=CARTESIAN_POINT('',(-0.0208125975197498,-0.135,0.196052182881657));
#8827=CARTESIAN_POINT('',(-0.0196173724609139,-0.134309936490539,0.196052182881657));
#8828=CARTESIAN_POINT('',(-0.0175157808138592,-0.13795,0.196052182881657));
#8829=CARTESIAN_POINT('',(-0.0192189641079686,-0.135,0.196052182881657));
#8830=CARTESIAN_POINT('',(-0.0208125975197498,-0.13795,0.196052182881657));
#8831=CARTESIAN_POINT('',(-0.0141094142256404,-0.13795,0.196052182881657));
#8832=CARTESIAN_POINT('',(-0.0145078225785857,-0.138640063509461,0.196052182881657));
#8833=CARTESIAN_POINT('',(-0.012406230931531,-0.135,0.196052182881657));
#8834=CARTESIAN_POINT('',(-0.0145078225785857,-0.131359936490539,0.196052182881657));
#8835=CARTESIAN_POINT('',(-0.0141094142256404,-0.13205,0.196052182881657));
#8836=CARTESIAN_POINT('',(-0.0208125975197498,-0.13205,0.196052182881657));
#8837=CARTESIAN_POINT('',(-0.0175157808138592,-0.13205,0.196052182881657));
#8838=CARTESIAN_POINT('',(-0.0196173724609139,-0.135690063509461,0.196052182881657));
#8839=CARTESIAN_POINT('',(-0.0208125975197498,-0.135,0.196052182881657));
#8840=CARTESIAN_POINT('',(-0.0208125975197498,-0.13,0.196052182881657));
#8841=CARTESIAN_POINT('',(-0.0158125975197498,-0.124041232037029,0.196052182881657));
#8842=CARTESIAN_POINT('',(-0.0208125975197498,0.0202,0.198552182881657));
#8843=CARTESIAN_POINT('',(-0.0183673724609139,-0.136475,0.198552182881657));
#8844=CARTESIAN_POINT('',(-0.0192189641079686,-0.135,0.198552182881657));
#8845=CARTESIAN_POINT('',(-0.0175157808138592,-0.13795,0.198552182881657));
#8846=CARTESIAN_POINT('',(-0.0183673724609139,-0.133525,0.198552182881657));
#8847=CARTESIAN_POINT('',(-0.0175157808138592,-0.13205,0.198552182881657));
#8848=CARTESIAN_POINT('',(-0.0158125975197498,-0.13205,0.198552182881657));
#8849=CARTESIAN_POINT('',(-0.0141094142256404,-0.13205,0.198552182881657));
#8850=CARTESIAN_POINT('',(-0.0132578225785857,-0.133525,0.198552182881657));
#8851=CARTESIAN_POINT('',(-0.012406230931531,-0.135,0.198552182881657));
#8852=CARTESIAN_POINT('',(-0.0132578225785857,-0.136475,0.198552182881657));
#8853=CARTESIAN_POINT('',(-0.0141094142256404,-0.13795,0.198552182881657));
#8854=CARTESIAN_POINT('',(-0.0158125975197498,-0.13795,0.198552182881657));
#8855=CARTESIAN_POINT('',(-0.0158125975197498,-0.124041232037029,0.198552182881657));
#8856=CARTESIAN_POINT('',(-0.0208125975197498,-0.13,0.198552182881657));
#8857=CARTESIAN_POINT('',(-0.0208125975197498,0.0202,0.198552182881657));
#8858=CARTESIAN_POINT('',(-0.0208125975197498,-0.0725,0.186052423472764));
#8859=CARTESIAN_POINT('',(-0.0208125975197498,-0.13,0.197302182881657));
#8860=CARTESIAN_POINT('',(-0.0183673724609139,-0.136475,0.188552182881657));
#8861=CARTESIAN_POINT('',(-0.0192189641079686,-0.135,0.188552182881657));
#8862=CARTESIAN_POINT('',(-0.0175157808138592,-0.13795,0.188552182881657));
#8863=CARTESIAN_POINT('',(-0.0158125975197498,-0.13795,0.188552182881657));
#8864=CARTESIAN_POINT('',(-0.0141094142256404,-0.13795,0.188552182881657));
#8865=CARTESIAN_POINT('',(-0.0132578225785857,-0.136475,0.188552182881657));
#8866=CARTESIAN_POINT('',(-0.012406230931531,-0.135,0.188552182881657));
#8867=CARTESIAN_POINT('',(-0.0132578225785857,-0.133525,0.188552182881657));
#8868=CARTESIAN_POINT('',(-0.0141094142256404,-0.13205,0.188552182881657));
#8869=CARTESIAN_POINT('',(-0.0158125975197498,-0.13205,0.188552182881657));
#8870=CARTESIAN_POINT('',(-0.0175157808138592,-0.13205,0.188552182881657));
#8871=CARTESIAN_POINT('',(-0.0183673724609139,-0.133525,0.188552182881657));
#8872=CARTESIAN_POINT('',(-0.0158125975197498,-0.124041232037029,0.196052182881657));
#8873=CARTESIAN_POINT('',(-0.0477500003533143,-0.124041232037029,0.196012894835223));
#8874=CARTESIAN_POINT('',(0.,0.,0.));
#8875=CARTESIAN_POINT('',(-0.273202948272229,-0.133964174222592,0.16));
#8876=CARTESIAN_POINT('',(-0.273202948272229,-0.133964174222592,0.));
#8877=CARTESIAN_POINT('',(-0.278102948272229,-0.133964174222592,0.));
#8878=CARTESIAN_POINT('',(-0.268302948272229,-0.133964174222592,0.));
#8879=CARTESIAN_POINT('',(-0.278102948272229,-0.133964174222592,0.16));
#8880=CARTESIAN_POINT('',(-0.278102948272229,-0.133964174222592,0.16));
#8881=CARTESIAN_POINT('',(-0.273202948272229,-0.133964174222592,0.16));
#8882=CARTESIAN_POINT('',(-0.268302948272229,-0.133964174222592,0.16));
#8883=CARTESIAN_POINT('',(-0.268302948272229,-0.133964174222592,0.16));
#8884=CARTESIAN_POINT('',(-0.278102948272229,-0.138864174222592,0.16));
#8885=CARTESIAN_POINT('',(-0.278102948272229,-0.138864174222592,0.));
#8886=CARTESIAN_POINT('',(-0.278102948272229,-0.143764174222592,0.));
#8887=CARTESIAN_POINT('',(-0.278102948272229,-0.143764174222592,0.16));
#8888=CARTESIAN_POINT('',(-0.278102948272229,-0.143764174222592,0.16));
#8889=CARTESIAN_POINT('',(-0.278102948272229,-0.138864174222592,0.16));
#8890=CARTESIAN_POINT('',(-0.273202948272229,-0.143764174222592,0.16));
#8891=CARTESIAN_POINT('',(-0.273202948272229,-0.143764174222592,0.));
#8892=CARTESIAN_POINT('',(-0.268302948272229,-0.143764174222592,0.));
#8893=CARTESIAN_POINT('',(-0.268302948272229,-0.143764174222592,0.16));
#8894=CARTESIAN_POINT('',(-0.268302948272229,-0.143764174222592,0.16));
#8895=CARTESIAN_POINT('',(-0.273202948272229,-0.143764174222592,0.16));
#8896=CARTESIAN_POINT('',(-0.268302948272229,-0.138864174222592,0.16));
#8897=CARTESIAN_POINT('',(-0.268302948272229,-0.138864174222592,0.));
#8898=CARTESIAN_POINT('',(-0.268302948272229,-0.138864174222592,0.16));
#8899=CARTESIAN_POINT('',(-0.273202948272229,-0.138864174222592,0.16));
#8900=CARTESIAN_POINT('',(-0.273202948272229,-0.138864174222592,0.));
#8901=MECHANICAL_DESIGN_GEOMETRIC_PRESENTATION_REPRESENTATION('',(#5412),
#8908);
#8902=MECHANICAL_DESIGN_GEOMETRIC_PRESENTATION_REPRESENTATION('',(#5413),
#8909);
#8903=MECHANICAL_DESIGN_GEOMETRIC_PRESENTATION_REPRESENTATION('',(#5414),
#8910);
#8904=MECHANICAL_DESIGN_GEOMETRIC_PRESENTATION_REPRESENTATION('',(#5415),
#8911);
#8905=MECHANICAL_DESIGN_GEOMETRIC_PRESENTATION_REPRESENTATION('',(#5416),
#8912);
#8906=MECHANICAL_DESIGN_GEOMETRIC_PRESENTATION_REPRESENTATION('',(#5417),
#8913);
#8907=MECHANICAL_DESIGN_GEOMETRIC_PRESENTATION_REPRESENTATION('',(#5418),
#8914);
#8908=(
GEOMETRIC_REPRESENTATION_CONTEXT(3)
GLOBAL_UNCERTAINTY_ASSIGNED_CONTEXT((#8915))
GLOBAL_UNIT_ASSIGNED_CONTEXT((#8936,#8929,#8922))
REPRESENTATION_CONTEXT('Part 5','TOP_LEVEL_ASSEMBLY_PART')
);
#8909=(
GEOMETRIC_REPRESENTATION_CONTEXT(3)
GLOBAL_UNCERTAINTY_ASSIGNED_CONTEXT((#8916))
GLOBAL_UNIT_ASSIGNED_CONTEXT((#8937,#8930,#8923))
REPRESENTATION_CONTEXT('Part 1','TOP_LEVEL_ASSEMBLY_PART')
);
#8910=(
GEOMETRIC_REPRESENTATION_CONTEXT(3)
GLOBAL_UNCERTAINTY_ASSIGNED_CONTEXT((#8917))
GLOBAL_UNIT_ASSIGNED_CONTEXT((#8938,#8931,#8924))
REPRESENTATION_CONTEXT('Part 7','TOP_LEVEL_ASSEMBLY_PART')
);
#8911=(
GEOMETRIC_REPRESENTATION_CONTEXT(3)
GLOBAL_UNCERTAINTY_ASSIGNED_CONTEXT((#8918))
GLOBAL_UNIT_ASSIGNED_CONTEXT((#8939,#8932,#8925))
REPRESENTATION_CONTEXT('Part 4','TOP_LEVEL_ASSEMBLY_PART')
);
#8912=(
GEOMETRIC_REPRESENTATION_CONTEXT(3)
GLOBAL_UNCERTAINTY_ASSIGNED_CONTEXT((#8919))
GLOBAL_UNIT_ASSIGNED_CONTEXT((#8940,#8933,#8926))
REPRESENTATION_CONTEXT('Part 6','TOP_LEVEL_ASSEMBLY_PART')
);
#8913=(
GEOMETRIC_REPRESENTATION_CONTEXT(3)
GLOBAL_UNCERTAINTY_ASSIGNED_CONTEXT((#8920))
GLOBAL_UNIT_ASSIGNED_CONTEXT((#8941,#8934,#8927))
REPRESENTATION_CONTEXT('Part 2','TOP_LEVEL_ASSEMBLY_PART')
);
#8914=(
GEOMETRIC_REPRESENTATION_CONTEXT(3)
GLOBAL_UNCERTAINTY_ASSIGNED_CONTEXT((#8921))
GLOBAL_UNIT_ASSIGNED_CONTEXT((#8942,#8935,#8928))
REPRESENTATION_CONTEXT('Part 3','TOP_LEVEL_ASSEMBLY_PART')
);
#8915=UNCERTAINTY_MEASURE_WITH_UNIT(LENGTH_MEASURE(1.E-8),#8936,
'DISTANCE_ACCURACY_VALUE','Maximum Tolerance applied to model');
#8916=UNCERTAINTY_MEASURE_WITH_UNIT(LENGTH_MEASURE(1.E-8),#8937,
'DISTANCE_ACCURACY_VALUE','Maximum Tolerance applied to model');
#8917=UNCERTAINTY_MEASURE_WITH_UNIT(LENGTH_MEASURE(1.E-8),#8938,
'DISTANCE_ACCURACY_VALUE','Maximum Tolerance applied to model');
#8918=UNCERTAINTY_MEASURE_WITH_UNIT(LENGTH_MEASURE(1.E-8),#8939,
'DISTANCE_ACCURACY_VALUE','Maximum Tolerance applied to model');
#8919=UNCERTAINTY_MEASURE_WITH_UNIT(LENGTH_MEASURE(1.E-8),#8940,
'DISTANCE_ACCURACY_VALUE','Maximum Tolerance applied to model');
#8920=UNCERTAINTY_MEASURE_WITH_UNIT(LENGTH_MEASURE(2.E-5),#8941,
'DISTANCE_ACCURACY_VALUE','Maximum Tolerance applied to model');
#8921=UNCERTAINTY_MEASURE_WITH_UNIT(LENGTH_MEASURE(1.E-8),#8942,
'DISTANCE_ACCURACY_VALUE','Maximum Tolerance applied to model');
#8922=(
NAMED_UNIT(*)
SI_UNIT($,.STERADIAN.)
SOLID_ANGLE_UNIT()
);
#8923=(
NAMED_UNIT(*)
SI_UNIT($,.STERADIAN.)
SOLID_ANGLE_UNIT()
);
#8924=(
NAMED_UNIT(*)
SI_UNIT($,.STERADIAN.)
SOLID_ANGLE_UNIT()
);
#8925=(
NAMED_UNIT(*)
SI_UNIT($,.STERADIAN.)
SOLID_ANGLE_UNIT()
);
#8926=(
NAMED_UNIT(*)
SI_UNIT($,.STERADIAN.)
SOLID_ANGLE_UNIT()
);
#8927=(
NAMED_UNIT(*)
SI_UNIT($,.STERADIAN.)
SOLID_ANGLE_UNIT()
);
#8928=(
NAMED_UNIT(*)
SI_UNIT($,.STERADIAN.)
SOLID_ANGLE_UNIT()
);
#8929=(
NAMED_UNIT(*)
PLANE_ANGLE_UNIT()
SI_UNIT($,.RADIAN.)
);
#8930=(
NAMED_UNIT(*)
PLANE_ANGLE_UNIT()
SI_UNIT($,.RADIAN.)
);
#8931=(
NAMED_UNIT(*)
PLANE_ANGLE_UNIT()
SI_UNIT($,.RADIAN.)
);
#8932=(
NAMED_UNIT(*)
PLANE_ANGLE_UNIT()
SI_UNIT($,.RADIAN.)
);
#8933=(
NAMED_UNIT(*)
PLANE_ANGLE_UNIT()
SI_UNIT($,.RADIAN.)
);
#8934=(
NAMED_UNIT(*)
PLANE_ANGLE_UNIT()
SI_UNIT($,.RADIAN.)
);
#8935=(
NAMED_UNIT(*)
PLANE_ANGLE_UNIT()
SI_UNIT($,.RADIAN.)
);
#8936=(
LENGTH_UNIT()
NAMED_UNIT(*)
SI_UNIT($,.METRE.)
);
#8937=(
LENGTH_UNIT()
NAMED_UNIT(*)
SI_UNIT($,.METRE.)
);
#8938=(
LENGTH_UNIT()
NAMED_UNIT(*)
SI_UNIT($,.METRE.)
);
#8939=(
LENGTH_UNIT()
NAMED_UNIT(*)
SI_UNIT($,.METRE.)
);
#8940=(
LENGTH_UNIT()
NAMED_UNIT(*)
SI_UNIT($,.METRE.)
);
#8941=(
LENGTH_UNIT()
NAMED_UNIT(*)
SI_UNIT($,.METRE.)
);
#8942=(
LENGTH_UNIT()
NAMED_UNIT(*)
SI_UNIT($,.METRE.)
);
#8943=PRODUCT_DEFINITION_SHAPE('','',#8950);
#8944=PRODUCT_DEFINITION_SHAPE('','',#8951);
#8945=PRODUCT_DEFINITION_SHAPE('','',#8952);
#8946=PRODUCT_DEFINITION_SHAPE('','',#8953);
#8947=PRODUCT_DEFINITION_SHAPE('','',#8954);
#8948=PRODUCT_DEFINITION_SHAPE('','',#8955);
#8949=PRODUCT_DEFINITION_SHAPE('','',#8956);
#8950=PRODUCT_DEFINITION('','',#8964,#8957);
#8951=PRODUCT_DEFINITION('','',#8965,#8958);
#8952=PRODUCT_DEFINITION('','',#8966,#8959);
#8953=PRODUCT_DEFINITION('','',#8967,#8960);
#8954=PRODUCT_DEFINITION('','',#8968,#8961);
#8955=PRODUCT_DEFINITION('','',#8969,#8962);
#8956=PRODUCT_DEFINITION('','',#8970,#8963);
#8957=PRODUCT_DEFINITION_CONTEXT('',#9006,'design');
#8958=PRODUCT_DEFINITION_CONTEXT('',#9007,'design');
#8959=PRODUCT_DEFINITION_CONTEXT('',#9008,'design');
#8960=PRODUCT_DEFINITION_CONTEXT('',#9009,'design');
#8961=PRODUCT_DEFINITION_CONTEXT('',#9010,'design');
#8962=PRODUCT_DEFINITION_CONTEXT('',#9011,'design');
#8963=PRODUCT_DEFINITION_CONTEXT('',#9012,'design');
#8964=PRODUCT_DEFINITION_FORMATION_WITH_SPECIFIED_SOURCE('','',#8978,
 .NOT_KNOWN.);
#8965=PRODUCT_DEFINITION_FORMATION_WITH_SPECIFIED_SOURCE('','',#8979,
 .NOT_KNOWN.);
#8966=PRODUCT_DEFINITION_FORMATION_WITH_SPECIFIED_SOURCE('','',#8980,
 .NOT_KNOWN.);
#8967=PRODUCT_DEFINITION_FORMATION_WITH_SPECIFIED_SOURCE('','',#8981,
 .NOT_KNOWN.);
#8968=PRODUCT_DEFINITION_FORMATION_WITH_SPECIFIED_SOURCE('','',#8982,
 .NOT_KNOWN.);
#8969=PRODUCT_DEFINITION_FORMATION_WITH_SPECIFIED_SOURCE('','',#8983,
 .NOT_KNOWN.);
#8970=PRODUCT_DEFINITION_FORMATION_WITH_SPECIFIED_SOURCE('','',#8984,
 .NOT_KNOWN.);
#8971=PRODUCT_RELATED_PRODUCT_CATEGORY('','',(#8978));
#8972=PRODUCT_RELATED_PRODUCT_CATEGORY('','',(#8979));
#8973=PRODUCT_RELATED_PRODUCT_CATEGORY('','',(#8980));
#8974=PRODUCT_RELATED_PRODUCT_CATEGORY('','',(#8981));
#8975=PRODUCT_RELATED_PRODUCT_CATEGORY('','',(#8982));
#8976=PRODUCT_RELATED_PRODUCT_CATEGORY('','',(#8983));
#8977=PRODUCT_RELATED_PRODUCT_CATEGORY('','',(#8984));
#8978=PRODUCT('Part 5','Part 5','Part 5',(#8992));
#8979=PRODUCT('Part 1','Part 1','Part 1',(#8993));
#8980=PRODUCT('Part 7','Part 7','Part 7',(#8994));
#8981=PRODUCT('Part 4','Part 4','Part 4',(#8995));
#8982=PRODUCT('Part 6','Part 6','Part 6',(#8996));
#8983=PRODUCT('Part 2','Part 2','Part 2',(#8997));
#8984=PRODUCT('Part 3','Part 3','Part 3',(#8998));
#8985=PRODUCT_CATEGORY('','');
#8986=PRODUCT_CATEGORY('','');
#8987=PRODUCT_CATEGORY('','');
#8988=PRODUCT_CATEGORY('','');
#8989=PRODUCT_CATEGORY('','');
#8990=PRODUCT_CATEGORY('','');
#8991=PRODUCT_CATEGORY('','');
#8992=PRODUCT_CONTEXT('',#9006,'mechanical');
#8993=PRODUCT_CONTEXT('',#9007,'mechanical');
#8994=PRODUCT_CONTEXT('',#9008,'mechanical');
#8995=PRODUCT_CONTEXT('',#9009,'mechanical');
#8996=PRODUCT_CONTEXT('',#9010,'mechanical');
#8997=PRODUCT_CONTEXT('',#9011,'mechanical');
#8998=PRODUCT_CONTEXT('',#9012,'mechanical');
#8999=APPLICATION_PROTOCOL_DEFINITION('international standard',
'ap242_managed_model_based_3d_engineering',2020,#9006);
#9000=APPLICATION_PROTOCOL_DEFINITION('international standard',
'ap242_managed_model_based_3d_engineering',2020,#9007);
#9001=APPLICATION_PROTOCOL_DEFINITION('international standard',
'ap242_managed_model_based_3d_engineering',2020,#9008);
#9002=APPLICATION_PROTOCOL_DEFINITION('international standard',
'ap242_managed_model_based_3d_engineering',2020,#9009);
#9003=APPLICATION_PROTOCOL_DEFINITION('international standard',
'ap242_managed_model_based_3d_engineering',2020,#9010);
#9004=APPLICATION_PROTOCOL_DEFINITION('international standard',
'ap242_managed_model_based_3d_engineering',2020,#9011);
#9005=APPLICATION_PROTOCOL_DEFINITION('international standard',
'ap242_managed_model_based_3d_engineering',2020,#9012);
#9006=APPLICATION_CONTEXT('managed model based 3d engineering');
#9007=APPLICATION_CONTEXT('managed model based 3d engineering');
#9008=APPLICATION_CONTEXT('managed model based 3d engineering');
#9009=APPLICATION_CONTEXT('managed model based 3d engineering');
#9010=APPLICATION_CONTEXT('managed model based 3d engineering');
#9011=APPLICATION_CONTEXT('managed model based 3d engineering');
#9012=APPLICATION_CONTEXT('managed model based 3d engineering');
ENDSEC;
END-ISO-10303-21;
